Name,Short_Name,Price
unity bashmathi cutting10kg,யுனுடி பாஸ்மதி ரைஸ்10kg,810.0
saika bashmathi rice25kg,சைகா பாஸ்மதி ரைஸ்25kg,35.0
krushnaa CR rice,கிருஷ்ணா இட்லி அரிசி சிப்பம்,750.0
nanthi brown(M)5kg,நந்தி பிரவுன்(M)5kg,200.0
nandhi brown(M)10kg,நந்தி பிரவுன்(M)10kg,450.0
lakshmi gold blue,லஷ்மிகோல்ட்,10.0
thulasi gold pazhasu(30)kg,துளசி கோல்டு பழசு(30)kg,2499.0
lalidha kurunai,லலிதா குருனை,900.0
manjal thool,மஞ்சள்தூள்,380.0
water box 300ml,300mlவாட்டர்box,170.0
500ml waterbox,500ml வாட்டர்box,150.0
waterbox500ml,500mlவாட்டர்box,150.0
waterbox1ltr,1ltrவாட்டர்box,160.0
cd Rs10 localbrand 200ml,10Rsகூல்டிரிங்ஸ் 1k,300.0
cd bovonto1.5ltr,1.5-ltrபவண்டோ 1k,850.0
cd bovonto500ml,பவண்டோ500ml 1k,800.0
cd 7up2.250ltr,2.25ltr7அப் 1k,900.0
cd silce1.250ltr,ஸ்லைஸ்1.25ltr 1k,780.0
cd 7up750ml,750ml 7அப் 1k,912.0
cd 7up1.25ltr,1.25ltr 7அப் 1k,584.0
cd 250ml 7up box,cd 250 7அப் box,700.0
cd 250ml pepsi 1k,250ml பெப்ஸி1k,600.0
cd 250ml 7up kase,cd 250ml 7up kase,600.0
cd slice10Rs tin box,cd slice10Rs tin box,400.0
cd slice600ml kase,cd slice600ml kase,960.0
cd cavinsmilkshake Rs30 1 box,Cd கவின்ஸ் மில்க்ஷேக்Rs30 box1,900.0
cd vibro500ml,cd விப்ரோ500ml,800.0
chikkan masala50gm,50gm சில்லி சிக்கென்,34.5
chikkan masala50g,50g சிக்கன் மசலா சக்தி,28.0
meen kuzhampu masala 50g,50g மீன் குழம்பு மசாலா சக்தி,28.0
meen varuval masala 50g,50g மீன் வருவல் மசாலா சக்தி,33.0
karam மசாலா50g,50g கரம் மசாலா சக்தி,38.0
cd 250ml 7up tinbox,cd 250ml 7up tinbox,700.0
kari masala50g,50g கறிமசாலா,31.0
milagai thool 50g,50gமிளகாய்தூள்,27.5
malli thool 5og,50g மல்லித்தூள்,18.0
sannnaa masala 50g,50g சன்னா மசாலா சக்தி,30.0
kuzhampu மி.தூள்50g,50g ஆச்சி குழம்பு மிளாகாய் தூள்,22.0
anil atta pai,500g அணில் ஆட்டா pkt,30.0
asirvad atta1/2 pai,1/2kg ஆசிர்வட் ஆட்டா pkt ,37.0
asirvad atta 1kg pai,1kg ஆசிர்வட் ஆட்டா pkt,73.0
semiyaa pai,அணில்சேமியா பை,360.0
colgatesalt Rs10,Rs10 கோல்கட்சால்ட் ,10.0
colgate sald Rs20,Rs20கோல்கேட் சால்ட்,20.0
colgatesalt 100g,100g கோல்கேட்சால்ட்,66.0
colgate 100g Rs.54,Rs.54 கோல்கேட்100g,54.0
dabur red paste Rs10,Rs10 டாபர்ரெட் பேஸ்ட்,10.0
dabur red paste Rs20,Rs20 டாபர்ரெட் பேஸ்ட்,20.0
dabur red paste 200g,200g டாபர்ரெட் பேஸ்ட்,153.0
dabur red paste 100g,100g  டாபர்ரெட் பேஸ்ட்,70.0
close up paste10Rs,Rs.10 closeup paste,10.0
surf excel soup.10Rs,Rs.10சர்ப் சோப்,10.0
surf excel soap Rs20,Rs20 சர்ப் சோப்,20.0
surf excel soup Rs10 box,Rs10சர்ப்சோப் பாக்ஸ்,1400.0
surf excel soup Rs20,Rs20 சர்ப் சோப்,20.0
surf excel soapRs32,Rs32 சர்ப் சோப்,32.0
surf excel powder Rs.10,Rs.10 சர்ப் எக்சல் பவுடர்,10.0
Rin soap Rs.10,Rs.10 ரின் சோப்பு,10.0
surf LIQ FL 500ml Rs.115,Rs.115surf LIQ FL 500ml,130.0
Rin soap Rs.10 box,Rs.10ரின் சோப்பு box,720.0
Rin powder 500g,500g ரின் பவுடர்,58.0
Rin soap Rs.19,RS.19 ரின் சோப் ,19.0
Rin soap Rs.19 box,Rs.19ரின் சோப்பு box,1140.0
Rin powder Rs.5,Rs.5 ரின் பவுடர்,5.0
Rin powder 1kg,1kg ரின் பவுடர்,116.0
Rin powder Rs.10,Rs.10 ரின் பவுடர்,10.0
vim lemon liqid Rs20,Rs20 vim lemon liqid,20.0
vim bar Rs.10,Rs.10 விம் பார்,10.0
EXO round 250g box Rs.30,Rs.30 EXO round 250g box ,30.0
EXO 500g round box rs.52,Rs.52EXO 500g round box ,52.0
vim bar Rs.5,Rs.5 விம் பார்,5.0
vim bar Rs.5 box,Rs.5 vim bar box,945.0
thu.paruppu 1kg udhayam,1kg து.பருப்பு உதயம்,143.0
oil goldwinner1/2 ltr box ,1/2 ltr கோ.விbox ,2100.0
hamam soap Rs.10,Rs.10 ஹமாம் சோப்,10.0
lifebuoy soap Rs.10,Rs.10 லைபாய் சோப்,10.0
semiyaa bag 100g,100g சேமியா பை,1900.0
manjal thool 50g,50g மஞ்சள்தூள் Rakal,20.0
pottukadalai 1kg, பொட்டுக்கடலை,110.0
pottukadala.,பொ.கடலை,100.0
sakkarai sippam,சக்கரை சிபபம்,2000.0
semiyaa 140g pkt,140g சேமியா pkt,15.0
nei Rs10.saram(25pcs),Rs10.உ.நெய் சரம்(25pcs),250.0
nei udhayakishna 50.jar,50.jar உதய.கி.நெய்,43.0
nei udhayakiru 100jar,100mlஉதயகிருஷ்ணா நெய்,80.0
oil vilakennai 50ml,50mlவி.எண்ணெய்,20.0
oil vilakkennai 500ml,(500)ml முயல்வி.எண்ணெய்,120.0
milagu 1kg,1kg மிளகு,700.0
soampu,சோம்பு,300.0
thuvaramparuppu,துவரம்பருப்பு,150.0
varupattani,வருபட்டாணி,150.0
wishper Rs.32,Rs.32 விஸ்பர்,32.0
whisper extralarge(36),Rs.36.விஸ்பர்,36.0
wishper Rs.42,Rs.42 விஸ்பர்,42.0
stayfree dry.Rs30,Rs.30stayfree,30.0
pampers Rs.20 small,Rs.20.pampers(s),20.0
whisper Rs.42,Rs.42 விஸ்பர்,42.0
pampers Rs.24(m),Rs.24(m)pampers,24.0
horlicks Rs.5,Rs.5 ஹார்லிக்ஸ்,5.0
horlicks Rs.5 saram,Rs.5 ஹார்லிக்ஸ் சரம்,75.0
boost Rs.5,Rs.5 பூஸ்ட்,5.0
horlicks 200g,200g)ஹோர்லிக்ஸ் jar,114.0
boost Rs.5 saram,RS.5 பூஸ்ட் சரம்,75.0
boost  200g,200gபூஸ்ட் ஜார்,114.0
boost  200g jar,200gபூஸ்ட் jar,114.0
horlicks 200g jar,200g ஹார்லிக்ஸ் jar,105.0
boost 500G JAR,500g பூஸ்ட் ஜார்,240.0
horlicks 500G JAR,500g Horlicks Jar,259.0
horlicks 500G REFIL,500G ஹார்லிக்ஸ் REFIL,260.0
nizam pakku rs.1 pkt,Rs.1 நிஜாம் பாக்கு pkt,250.0
nizam pakku rs.2 pkt,Rs 2 நிஜாம் பாக்கு yellow,250.0
nizam pakku rs.2 pkt=,Rs.2 நிஜாம் பாக்கு BLUE,250.0
nijam pakku rs.2 pkt,Rs.2 நிஜாம் பாக்கு BLUE,200.0
ponds dream Rs.55,50g பாண்ட்ஸ் ட்ரிம்,60.0
nijam pakku rs.1 pkt,Rs.1 நிஜாம் பாக்கு(250) pkt,250.0
ponds dream Rs.105,Rs.105 பாண்ட்ஸ் ட்ரிம்,105.0
nijam pakku.Rs.2 pkt,Rs.2 நிஜாம் பாக்கு YELLOW,200.0
nijam pakku Rs.0.50paisa,Rs.0.50பைசா நிஜாம்பாக்கு50psசின்னpkt,25.0
ponds dream Rs.110,100g பாண்ட்ஸ் ட்ரிம்,110.0
gokul santol Rs.120,Rs.120 கோகுல் சாண்டல்,120.0
ponds dream Rs.210,Rs.210 பாண்ட்ஸ் ட்ரிம்,210.0
gokul santol 140g,140g கோகுல் சாண்டல்,120.0
gokul santol 70g,70g கோகுல் சாண்டல்,70.0
pands dreams Rs.10,Rs.10 பாண்ட்ஸ் ட்ரிம்,10.0
ponds sandal Rs.132,Rs.132 போன்ஸ் சண்டெல்,132.0
ponds sandal Rs.65,Rs.65போன்ஸ் சாண்டல்,65.0
super max blade(5)box,சூப்பர் மேக்ஸ் ப்ளேடு(5),120.0
viputhi 25g,25g விபூதி,5.0
sivappu Rs.2,Rs.2 சிகரம் சிவப்பு,2.0
sivappu gopuram kunkumam 40g,40g  கோபுர குங்குமம்,12.0
sivappu merun 40g,40g மெருன் கோ.குங்குமம்,18.0
dettol bottle 50ml,50ml டெட்டால்,33.27
complan refill 500g,காம்ப்ளான் refill 500g,289.0
complan jar 500g,500g jar காம்ப்ளான்,315.0
dettol bottle 250ml,250ml டெட்டால்,154.59
daalta 50g,50g டால்டா,15.0
ujala Rs.10,Rs.10 உஜாலா,10.0
daalta 100g,100g டால்டா,30.0
ujala Rs.25,Rs.25 உஜாலா,32.0
daalta 1kg,1kg டால்டா,300.0
ujala Rs.70,Rs.70 உஜாலா,70.0
z talc powder 50g,50g z talc பவுடர் red,75.0
z talc powder 100g,100g z talc பவுடர் red,145.0
vellam seepam 30kg,30kgவெல்லம் சீப்பம்,1600.0
oil sas 1lit,1ltr.SAS ஆயில்,160.0
oil sas 1lit pkt,ஆயில் SAS 1lit pkt,180.0
oil sas 1.lit box,1ltr SAS ஆயில்box,1700.0
oil kanapathi 1.ltr box,1.ltr கணபதி பாக்ஸ்,1800.0
oil kanapathi 500ml box,500ml கணபதி பாக்ஸ்,1800.0
goodKnight LIQ 1pcs,குட் நைட் LIQ  (GF),85.0
vaththi set black Rs.12,Rs.12 செட் ப்ளாக் வத்தி,12.0
vaththi set black Rs.5,Rs.5 செட் ப்ளாக் வத்தி,5.0
goodKnight LIQ 30PCS,30PCS குட்நைட் LIQ  ,2310.0
vaththi set black Rs.60,Rs.60 செட் ப்ளாக் வத்தி,60.0
amurthanjan Rs.38,Rs.38 அமுர்தான்ஜன்,38.0
allout LIQ 1pcs,1pcs ஆல்அவுட் LIQ,69.0
FEVIQUICK Rs.5,Rs.5 பெவிகுயிக் ,5.0
 B.R.I. rice sippam, B.R.I. கோல்ட் சிப்பம்,2000.0
EXO steelscurb box,EXO கம்பி அட்டை,180.0
kopiko jar ,Rs.1 கோபிகோ சாக்லேட் jar,230.0
colgate brush Rs.20,Rs.20 கோல்கட் பிரஷ்,20.0
oral b brush Rs.20,Rs.20 Oral-B பிரஷ் சரம் ,220.0
colgate brush Rs.20 1pcs,Rs.20 கோல்கட் பிரஷ் 1pcs,20.0
colgate brush Rs.20 saram,Rs.18 கோல்கட் பிரஷ் சரம் (f),198.0
oral b brush Rs.20 SARAM,ORAL B பிரஷ்Rs.20 SARAM,240.0
dabur amla hair.oil 275ml ,275ml dabur amla ஆயில் ,138.0
colgate brush Rs.30,Rs.30 கோல்கட் பிரஷ் சரம்,270.0
dabur amla hair.oil 180ml,180ml டாபர் அம்லா ஆயில்,105.0
dabur amla hair.oil 110ml,110ml dabur amla ஆயில்,52.0
aswini  100g,100g அஸ்வினி ஆயில்,76.0
aswini 180ml,180ML அஸ்வினி ஆயில்,146.0
aswini  100ml,100ml அஸ்வினி ஆயில்,76.0
vatika 90ml,90ml VATIKA RS.45,45.0
vatika 150ML, RS.97 vatika 150ML,97.0
vasmol hair oil 50ml,50ml vasmol hair oil ,35.0
vasmol hair oil 100ml,100ml vasmol hair oil ,48.0
boomer box,boomer box,150.0
candles box,மெழுகு வத்தி பாக்ஸ்,50.0
perumkayam lg 50G,50gLGகட்டிபெரும்காயம்,78.0
Fair & lovely 25g,25g Fair & lovely,70.0
Fair & lovely 25g box ,Fair & lovely 25g box ,62.0
Fair & lovely 9g,9g Fair & lovely ,10.0
perumkaya powder lg 50g,50g LGகாயத்தூள்,92.0
perumkayam aachi powder ,ஆச்சி பெ.காயம் பவுடர்,79.0
Fair & lovely Rs.20,Rs.20 Fair & lovely ,20.0
perumkayam ptc 50g,50g ptc கட்டிபெ.காயம்,60.0
inji poondu paste Rs.5,Rs.5 இஞ்சி பூண்டு பேஸ்ட்,5.0
kallaparappu ,கல்லபருப்பு,100.0
b r i (gold) rice,b r i (gold) சிப்பம்,2000.0
boost 500g.box,500g.boost box,244.0
boost 200g jar,200g பூஸ்ட் ஜார்,110.0
oil sekku ma.ennai 1/2ltr,1/2ltr செக்கு ம.எண்ணெய்,125.0
oil sekku vilakku ennaie1/2ltr,1/2ltrசெக்கு வி.எண்ணெய்,120.0
oil sekku vilakku ennai.1.ltr bottle,1.ltr செக்கு .வி.எண்ணெய்bottle,230.0
hamam soap Rs.10 box,ஹமாம் Rs.10 box,2880.0
cinthol soap Rs.10,cinthol soap Rs.10,10.0
cinthol lime soap Rs.10,Rs.10சிந்தால் லைம் சோப்,10.0
hamam 100g soap Rs.34,100g ஹமாம்.Rs.34,34.0
lifebuoy soap Rs.33,Rs.33 லைபாய் சோப்,33.0
lux soap white Rs.33,Rs.33லக்ஸ் white சோப்,33.0
cinthol soap Rs.40,Rs.40சிந்தால் சோப்,40.0
chandrika soap Rs.28,Rs.28 சந்திரிகா சோப்,28.0
rexona soap,rexona soap,38.0
mysore soap Rs.40,Rs.40 மைசூர் சோப்,40.0
liril soap,லிரில் சோப்பு,36.0
pears Rs.50 blue,Rs.50பியர்ஸ் நீலம்,50.0
dove soap Rs.30,Rs.30 டவ் சோப்,30.0
dove soap Rs.57,Rs.57டவ் சோப்பு,57.0
pears soap gold,பியர்ஸ்soap gold,49.0
pears soap green,பியர்ஸ் soap கிரீன்,54.0
vadavam 800gm pkt,800g வடவம் pkt,160.0
vadavam 100g pkt,100g வடவம்pkt,200.0
milk biscuit Rs.10 box,Rs.10 மில்க் பிஸ்கட் பாக்ஸ்,1200.0
milk biscuit Rs.5 box,Rs.5மில்க்பிஸ்கட் பாக்ஸ்,900.0
milk biscuit Rs.10 (12pcs),Rs.10 மில்க் பிஸ்கட் டசன் ,120.0
bourbon Rs.5(12ps),Rs.5போர்பன்(1பை),60.0
milk biscuit Rs.5 (30pcs),Rs.5 மில்க் பிஸ்கட் (1பை),150.0
50-50 biscuit Rs.10,Rs.10 50-50 பிஸ்கட்,10.0
50-50 biscuit Rs.10 (12pcs),Rs.10 50-50பிஸ்கட் டசன்,120.0
50-50 biscuit Rs.5(12ps),Rs.5 50-50 பிஸ்கட் (பை),60.0
tiger cream biscuit Rs.5,Rs.5 டைகர் கிரீம் பிஸ்கட் ,5.0
50-50 biscuit Rs.5,50-50 biscuit Rs.5,5.0
milk biscuit Rs.10,Rs.10 மில்க் பிஸ்கட்,10.0
milk biscuit Rs.5,Rs.5 மில்க் பிஸ்கட் ,5.0
bourbon Rs.5,bourbon  Rs.5,5.0
bourbon Rs.10,ரூ.10 போர்பன்,10.0
bourbon Rs.20,bourbon Rs.20,20.0
bourbon Rs.20 (12pcs),bourbon Rs.20 (12pcs),240.0
milk biscuit Rs.28,Rs.28 மில்க் பிஸ்கட்,28.0
nature power soap sandal,நேச்சர் பவர் சேண்டல்,40.0
nature power soap lime,Rs.40நேச்சர் பவர்.சோ லைம்,40.0
nature power soap lavendel,நேச்சர் பவர்.சோ. lavendel,40.0
sls karuppu,sls கருப்பு சிப்பம்,1900.0
sls torget sippam,sls டார்கெட் சிப்பம்,1900.0
VVD gold coco.oil 500ml,500ml VVD gold jar,210.0
VVD gold coco.oil 250ml,250ml VVD gold,105.0
VVD gold coco.oil 100ml,100ml VVD தே.எண்ணெய் jar,60.0
VVD gold coco.oil Rs.10 (1case),Rs.10 VVD gold case (15pcs),150.0
VVD gold coco.oil Rs.10,Rs.10 vvd தே.எண்ணெய்,10.0
VVD gold coco.oil Rs.10 1pcs,VVD gold coco.oil Rs.10 1pcs,10.0
marie gold Rs.28,Rs.28 மேரி கோல்ட் ,28.0
marie gold Rs.10 ,Rs.10 மேரி கோல்ட்,10.0
good day Rs.5,Rs.5 குட்டே,5.0
gooday Rs.10,Rs.10 குட் டே,10.0
good day Rs.5 (12pcs),Rs.5 குட்டே  பை,60.0
gooday Rs.10 box,Rs.10 குட்டே box,800.0
good day Rs.20,Rs.20 குட்டே,20.0
good day Rs.5 box,Rs.5குட்டே box,1000.0
marie gold Rs.5,Rs.5 மேரி கோல்ட் ,5.0
marie gold Rs.5 (12pcs),Rs.5 மேரி கோல்ட் பை (12pcs),60.0
marie gold Rs.5 BOX,Rs.5 மேரி கோல்ட்BOX,800.0
happy happy Rs.5box,happy happy Rs.5box,720.0
ponni kalla mavu 1/2 kg,பொன்னி க.மாவு1/2 kg,45.0
happy happy Rs.5 12PCS,Rs.5ஹேப்பி ஹேப்பி 1பை,120.0
happy happy Rs.5 24PCS,Rs.5 ஹேப்பி ஹேப்பி பை,120.0
munthri ,முந்திரி,900.0
arasan soap Rs.13,Rs.13 அரசன் சோப்,13.0
power soap Rs.10,Rs.10பவர் சோப்பு,10.0
power soap Rs.10 box,Rs.10பவர் சோப்புbox,600.0
karthicka sampoo Rs.1,Rs.1கார்த்திகா சரம்shampoo,20.0
chik egg white Rs.1 ,Rs.1 சிகஂ எஃகு ஒயஂடஂ சாமஂபு,1.0
sunsilk shampoo Rs.1,Rs.1 சன் சில்க் ஷாம்பூ,1.0
head & shoulder Rs.2,Rs.2 head & shoulder ,2.0
meera shampoo Rs.3,Rs.3மீரா ஷாம்பூ சரம்,48.0
karthika seekkai Rs.2,Rs.2.கார்த்திகா சீயக்காய் சரம்,40.0
dove shampoo Rs.2.saram,Rs.2.டவ் சரம்,32.0
pantene shampoo Rs.2,Rs.2 PANTENE சாம்பு,2.0
head & shoulder Rs.4,head & shoulder Rs.4,4.0
parachute bottle 175ml,175ml பாராசூட் Rs.70,70.0
sapina powder,சபீனா பவுடர்,15.0
salt uppu thool,1kg ஐங்கரன் தூள் உப்பு,22.0
salt kal uppu,கல் உப்பு,19.0
yippee noodles Rs.12,Rs.12 yippee noodles ,14.0
yippee noodles Rs.24,Rs.24 yippee noodles ,24.0
yippee noodles Rs.48,Rs.48 yippee noodles ,48.0
maggi noodles Rs.12,Rs.12 maggi noodles ,12.0
maggi noodles Rs.24,Rs.24 maggi noodles ,24.0
clinic+ sampoo Rs.1,Rs.1 கிளினிக்+ சாம்பு,1.0
maggi noodles Rs.72,Rs.72 maggi noodles ,72.0
harpic red 500ml,500ml ஹார்பிக் சிகப்பு,105.0
harpic red 200ml,200ml ஹார்பிக் சிகப்பு,58.0
meeraa seekkaie Rs.4,Rs.4மீரா சிக்காய் சரம்,60.0
lizol sandol 500ml,500ml லைசால் sandol ,98.0
lizol lavender 500ml,lizol lavender 500ml,103.0
lizol neam 500ml,500ml லைசால் neam,103.0
lizol lime 500ml,500ml லைசால் lime,103.0
lizol floral 200ml,200ml லைசால் floral,42.0
lizol lime 200ml,200ml லைசால் lime,40.0
lizol lime 975ml,975ml லைசால் lime ,196.0
lizol neem 200ml,200ml லைசால் neem,40.0
peruciragam ,பெருஞ்சீரகம்,180.0
sakkarai 1kg,சக்கரை 1kg,50.0
soodam 1pack,soodam 1pack,25.0
theepam yennaie 1/2ltr,தீபம் எண்ணெய் 1/2ltr,110.0
vaththi Rs 20,Rs.20 வத்தி ,20.0
arasan soap Rs20,Rs.20 அரசன் சோப்பு,20.0
saffola oats 1kg,1kg saffola oats with free 1/2kg,230.0
arial RS.10 PAI,Rs.10 ஏரியல் பவுடர் ,10.0
maggi noodles Rs.44,Rs.44மேகி நூடல்ஸ்,44.0
arial RS.10 ,RS.10 ஏரியல் பவுடர்,10.0
arial 500g,500g ஏரியல் பவுடர்,140.0
milagu thul 50g,50g மிளகு தூள்,65.0
sambar podi 50g,50g சக்தி சாம்பார் பொடி,33.0
milagai thool 500g,500gமிளகாய்தூள்,275.0
yippee noodles Rs.72,Rs.72 yippee noodles ,72.0
comport Rs.4 sarm,Rs.4 comport சரம்,40.0
all clear Rs.1.50 saram,Rs.1.5 all clearசரம்,24.0
maithaa anil 500g,500g அணில் மைதா pkt,42.0
head & shoulder Rs.4 saram,Rs.4 head & shoulderசரம்,64.0
pantene shampoo Rs.2 saram,Rs.2 pantene shampoo சரம்,32.0
karthika seekkai Rs.2 saram,Rs.2 karthika seekkaiசரம்,40.0
anil samba ravai,500g அணில் சம்பா ரவை,88.0
anil semiya 1.pkt,1.pkt அணில் சேமியா,20.0
nutri choice Rs.25,Rs.25 நியுற்றி சாய்ஸ்,25.0
5 star chcoclate 1pcs,5 star chcoclate 1pcs,5.0
kitkat Rs.10 1pcs,kitkat Rs.10 1pcs,10.0
vaththi Rs35,vaththi Rs35,35.0
cinthol lime soap Rs.10 12pcs,Rs.10சி.லைம்.சோ 12pcs,120.0
j.attar,ஜே.அத்தர்,40.0
varshini samrani cup Rs.72,Rs.72 வர்ஷினி சாம்ராணி கப்,72.0
samrani varshini cup Rs.72,Rs.72 வர்ஷினி சாம்ராணி,72.0
kasthuri manjal.50g,50g கஸ்துரி மஞ்சள் ,35.0
samrani T.P.R.G  Rs.20,Rs.20 TPRGசாம்ராணி ,20.0
samBrani T.P.R.G  Rs.20,Rs.20 TPRG சாம்ப்ராணி,20.0
sambrani varshini cup Rs.72,Rs.72 வர்ஷினி சாம்ராணி,72.0
sambrani TPRG Rs.20,Rs.20 சாம்ப்ராணி TPRG,20.0
kasthuri manjal.100g,100g கஸ்துரி மஞ்சள்,56.0
samBrani mangaldeep cup ,மங்கல்தீப் கப் சாம்பராணி,72.0
samBrani mangaldeep ,Rs.15 ம.தீப்.சாம்ராணி,15.0
vaththi Rs.5,Rs.5 வத்தி,5.0
sambrani Thool TPRG 50g,சாம்ராணி தூள்TPRG 50G,38.0
goldwinner 1.ltr ,goldwinner 1.ltr ,190.0
sambarani katti TPRG,சாம்ப்ராணி கட்டிTPRG,28.0
meera shampoo Rs.2,meera shampoo Rs.2,2.0
happy happy Rs.10(12pcs),Rs.10 ஹாப்பி.ஹா(12pcs),120.0
melody choc RS.50,Rs.50 மெலோடி சாக்லேட்,50.0
melody choco RS.100,RS.100 மெலோடி pkt,100.0
colgatesalt lemon 200g,200g கோல்கேட் லெமன்,110.0
colgatesalt lemon 100g,Rs.88 கோல்கேட் லெமன்,88.0
nature power soap rose,நேச்சர் பவர்.சோ ரோஸ்,45.0
nature power papaya,நேச்சர் சோ.பப்பையா,45.0
colgate strong teeth 100g,100g கோல்கேட் ஸ்ட்ராங்,63.0
colgate strong 200g ,200g கோல்கேட் ஸ்ட்ராங்,120.0
chilli sauce 1.pkt (100pcs),சில்லிசாஸ் 1.பை(100pcs),200.0
tomato sauce 1.pkt (100pcs),டொமாடோ சாஸ்(100ps),200.0
vinegar 650 ml,650 ml வினிகர்,35.0
achi payasam mix 200g (1+1),1+1 ஆச்சிபாயசம் 200g,85.0
achi payasam mix 100g (1+1),1+1 ஆச்சி பாயசம் 100g,50.0
kinder joy boys Rs.45,Rs.45 கிண்டர் ஜாய்,45.0
colgate maxfresh 150g(cool.cry),150g colgate (maxfresh),101.0
colgates powder 50g,50g கோல்கேட் பவுடர்,25.0
colgate 100g powder,colgate100g powder,55.0
colgate maxfresh 70g,80g colgate (maxfresh ),63.0
colgate gum expert+ 80g,80g colgate gumexpert+,150.0
colgate vedshakti Rs.20,ரூ.20 கோல்கேட் வேதசக்தி,20.0
colgate salt neem 200g,200g கோல்கேட் நீமஂ சாலஂடஂ,140.0
colgate vedshakti 200g,200g colgate vedshakti ,105.0
colgate maxfresh Rs.20,Rs.20 Colgate Maxfresh,20.0
seeval nice Rs.10 bundle,Rs10நைஸ் சீவல்(b),100.0
seeval nice Rs.5.bundle,Rs.5 நைஸ்சீவல்(b),100.0
seeval satha Rs.10 bandal,Rs.10 சாதா சீவல் (b),100.0
badham 1kg,1.kg பாதாம்,700.0
pepsodent rs10 saram,Rs10pepsodent.சரம்,120.0
pattani 1.kg ,மஞ்ச பட்டாணி 1.kg,150.0
pepsodent rs10,Rs.10 pepsondent ,10.0
pepsodent rs20 saram,Rs20pepsodentசரம்,20.0
pattai 1.kg,pattai 1.kg,380.0
kp namboodiri Rs20(bx), Rs20(bx)kp namboodiri,240.0
kp namboodiri 150g,150g kp நம்புதிரி பேஸ்ட்,90.0
pepsodent 100g, 100g pepsodent,52.0
dairymilk Rs40,Rs40 டைரிமில்க்,40.0
dairymilk Rs40 (1box),Rs40டைரிமில்க்(1box),1200.0
dairymilk Rs10,Rs10 டைரிமில்க்,10.0
dairymilk Rs10(box),dairymilk Rs10(box),720.0
Five star Rs10,Five star Rs10,10.0
Five star Rs10(box),Five star Rs10(box),400.0
lashmi gold blue,லஷ்மிகோல்ட்blue,1000.0
himalaya baby (p) 200g,200g ஹிமாலயா பேபி பவுடர்,150.0
himalaya baby (p) 100g,100g himalaya powder,80.0
himalaya baby (p)50g,50g ஹிமாலயா பேபி பவுடர்,40.0
himalaya soap Rs.50,Rs.50 himalaya soap,50.0
himalaya soap Rs.75,Rs.75 himalaya soap ,75.0
jonsons powder 50g, 50g jonsons powder,42.0
johnsons powder 100g,100g johnsons powder,125.0
johsons powder 50g,50g johsons powder,42.0
johnsons soap 50g,50g johnsons soap,42.0
johnsons soap 75g ,75g Johnsons Blue soap,68.0
bru Rs.2 saram,Rs.2 bru சரம்,24.0
sunrice Rs.5,Rs.5 சன் ரைஸ்,5.0
bru Rs.5 saram,Rs.5 bru சரம்,75.0
bru Rs.5,Rs.5 புரூ காபி தூள் ,5.0
bru Rs.5 (1pai),bru Rs.5 (1பை),300.0
sunrice Rs.5 pai,Rs.5 sunrice பை,120.0
bru Rs.10 saram,bru Rs.10சரம்,120.0
bru Rs.10,Rs.10 புரூ காபி தூள்,10.0
bru Rs.10 (1பை),bru Rs.10 (1பை),120.0
sunrice Rs.2 pai,Rs.2 sunrice ,2.0
sunrice 200g,200g சன் ரைஸ் pkt,173.0
sunrice 1kg,சன்ரைஸ்1kg,820.0
sunrice 50g jar,sunrice 50g jar,115.0
sunrice 50g (pkt),50g சன் ரைஸ் (pkt),110.0
sunrice Rs.10,Rs.10 sunrice ,10.0
chakra gold 100g,100g சக்ரா கோல்டு,80.0
chakra gold 250g,250g சக்ரா கோல்டு,207.0
chakra gold 250g jar ,250g சக்ரா கோல்டு jar,225.0
chakra gold 100g jar,100g சக்ரா கோல்டு jar,95.0
avt 1.kg,1.kg avt,300.0
chakra gold nc 100g,100g சக்ரா கோல்டு nc PCS,100.0
chakra gold nc 250g,250g சக்ரா கோல்டு NC,170.0
3roses Rs.2 saram,Rs.2 3roses saram,20.0
bri (gold) rice,bri (gold) rice,60.0
bri (gold) sippam,bri கோல்ட் சிப்பம்,2000.0
3roses Rs.5 saram,3roses Rs.5சரம்,30.0
3roses Rs.5(1pai),3roses Rs.5(1பை),120.0
3roses Rs.10,3 ரோசஸ் Rs.10,10.0
3roses Rs.10 saram,3roses Rs.10சரம்,80.0
3roses Rs.10(1பை),3roses Rs.10(1பை),240.0
3roses 50g,3 ரோசஸ் 50g,45.0
3roses 100g,3roses 100g,95.0
3roses 250g,250g 3ரோசேஸ்,225.0
3roses nc 100g,3 ரோசஸ் nc 100g,95.0
3roses nc 250g,3 ரோசஸ் NC 250g,245.0
oil deepam Rs.20,Rs.20 deepam oil,20.0
oil sas nallennai 100ml,100ml sas nallennai,16.0
anil atta,அணில் ஆட்டா,30.0
oil vvd coconut 500ml,500ml vvd coconut oil,145.0
anil atta 500g,500g அணில் ஆட்டா,41.0
meera coco oil Rs.1,Rs.1 meera coco oil ,1.0
meera coco oil Rs.1 saram,Rs.1 meera coco சரம்,40.0
oil gems.gold(sf) 1.ltr,1.ltr ஜெம்ஸ் கோல்டு  (sf),223.0
oil gems.gold 500ml,500ml gems.gold,83.0
oil idhayam nallannai(100ml),100ml இதயம் (ந.எ) pkt,45.0
oil idhayam nallaennai(50ml),50ml இதயம்(ந.எ)pkt,17.0
indica easy Rs.25 , Rs.25 indica easy ,25.0
center fresh jar,center fresh jar,225.0
moove cream Rs.15,Rs.15 மூவ்கிரிம்,15.0
jelly alp (sb) jar ,jelly alp (sb) jar ,200.0
jelly alp (g.f)JAR,jelly alp (g.f)JAR,200.0
tajmahal l 100g ,tajmahal l 100g ,85.0
Egg 1ps ,முட்டை 1ps,6.0
3roses 500g,3roses 500g,320.0
karthika herbal powder 180g,180g கார்த்திகா ஹெர்பலஂ சீயக்காய்,65.0
karthika shampoo 175ml,175ml karthika shampoo ,102.0
soodam 5pkt,5pkt சூடம்,100.0
karthika shampoo (ds) 175ml,175ml கார்த்திகா ஷாம்பு (ds) ,112.0
mams magic Rs.10,Rs.10 mams magic,10.0
rusk britanniya Rs.10,Rs.10 பிரிட்டானியா ரஸ்க்,10.0
gold filter,gold filter,100.0
salt uppu tata ,1kg டாட்டா சால்ட்,30.0
kadugu 1 atta ,கடுகு 1 அட்டை Rs.5,60.0
oreo Rs.10,Rs.10 Oreo,10.0
oreo Rs.10 (1pai),oreo Rs.10 (1பை),120.0
"karthika (d,s)shampoo 80ml",80ml karthika (green)shampoo,43.0
perungayathool Rs.1,Rs.1 பெ.காய.தூள்,20.0
bajji mavu aachi 200g,200g ஆச்சி பஜ்ஜி மாவு ,42.0
bingo Rs.5 saram,Rs.5பிங்கோ சரம்,80.0
chik egg white Rs.1 saram,Rs.1 chik egg white  saram,20.0
meera shampoo 180ml,180ml meera shampoo ,170.0
chik shampoo Rs.1saram,Rs.1chik shampoo saram,20.0
meera shampoo(a&d) 180ml,180ml meera shampoo(a&d) ,155.0
meera shampoo(a&d) 80ml,80ml meera shampoo (a&d) ,79.0
chik shampoo(t&g)80ml,80ml chik shampoo(t&g),52.0
cinthol (og) Rs.10 (1pai),cinthol(og) Rs.10 (1pai),120.0
cinthol(cool) Rs.10(1pai),Rs.10cinthol(கூல்)(1pai),120.0
cinthol block Rs.10(1pai),Rs.10cinthol block(1pai),120.0
chik shampoo (t&g) 175ml,175ml சிகஂ சாமஂபு (t&g) black,112.0
kari masala50g saram,50gகரிமசலா சரம்,310.0
chikkan masala50gm saram,50gmசிக்கன் மசாலா சரம்,280.0
karthicka sampoo (h&S)175ml,175ml karthicka sampoo (h&S),97.0
meera herbal 40g,40g meera herbal ,39.0
chik (s&p) shampoo 175ml,175ml சிகஂ சாமஂபு (s&p),89.0
chick shampoo(s&p) 80ml ,80ml சிக் ஷாம்பு (s&p) ,45.0
karam மசாலா50g saram,50g கரம் மசாலா சரம்,380.0
meera shampoo 80ml,80ml meera shampoo ,69.0
karthika shampoo(b&s)80ml,80ml karthika(green)shampoo,52.0
black rouse ,பிளாக் ரோஸ் ,60.0
goorej expert (original),goorej (SHAMPOO HAIR COLOUR),15.0
glucon-D,glucon-D,31.0
cigaretee total,டோட்டல் சிகரட்,60.0
cigaretee wave,வேவ் சிகரட் ,60.0
cigaretee mini,மினி சிகரட் ,60.0
cigaretee kings lite,கிங்க்ஸ் லைட் சிகரட்,165.0
cigaretee gold filter,கோல்டு பில்டர்,100.0
cigaratee scissors,சிசர் சிகரட் ,80.0
gokul santol Rs.40,gokul santol Rs.40,40.0
yardley powder,யார்ட்லி பவுடர்,125.0
johnsons baby lotion 100ml,johnsons baby lotion 100ml,100.0
johnsons baby shampoo 100ml,100ml johnsons baby shampoo,98.0
karthika hair oil 50ml,50ml கார்த்திகா ஹரஂ ஆயிலஂ,35.0
johnsons baby shampoo 50ml,50ml johnsons baby shampoo,62.0
karthika hair oil 100ml,100ml கார்த்திகா ஹரஂ ஆயிலஂ,69.0
horlicks lite 500g jar,500g ஹார்லிக்ஸ் lite Jar,345.0
johnsons baby oil 100ml,100ml johnsons baby oil,140.0
horlicks women+ 500g jar,500g jar horlicks(wom+),310.0
johnson baby oil 50ml,50ml johnson baby oil,62.0
maithaa 10kg pai,மைதா10kg pai,400.0
lion honey set 250g,250g லயன்ஹனி செட்,154.0
lion honey 100g,100g லைன் ஹனி,60.0
lion honey 50g,50g லைன் ஹனி,38.0
challenge Rs.10,challenge Rs.10,10.0
challenge SOAP Rs.10,Rs.10 செலஞ் சோப்பு,10.0
spinz bb (face talc)80g,80g spinz bb (face talc),120.0
horlicks mother+500g rifill,horlicks (m+)500g rifill,540.0
Fairever naturals 50g,50g Fairever naturals,93.0
horlicks mother+200g rifil,200g ஹார்லிக்ஸ் (m+) rifil,295.0
Fairever naturals 25g,25g Fairever naturals,50.0
horlicks junior 500g,500g horlicks junior jar,290.0
kissan 100g,100gகிசான்,20.0
sunsilk 180ml jar ,180ml சன்சில்க் jar,108.0
kissan 130g fresh tomato refil,130g kissan fresh tomato refil,15.0
closeup Rs.10 pai,closeup Rs.10 pai,120.0
jothi appalam 250g ,250g ஜோதிஅப்பளம் ,65.0
meelmaker,meelmaker,150.0
challenge Rs.10 1.dasan,1.டசன்Rs.10challenge ,120.0
anil ravai500g,500g அணில் ரவை,40.0
oil goldwinner vanaspathi 500ml,500ml goldwinner vanaspathi ,84.0
anil rice flour,அணில்ரைஸ்flour,31.0
poondu ,பூண்டு,80.0
kari pattai  1ps,கரிபட்டை1ps,15.0
pachcharisi,பச்சரிசி,40.0
 tajmahal pachcharisi,த.மஹால்(அரிசி),750.0
tajmahal pachcharisi,தா.மஹால்(அரிசி),850.0
kissan tomoto 200g,200g kissan tomoto,63.0
kissan tomoto500g,500gkissan tomoto,105.0
sunsilk 80g jar,sunsilk 80g jar,58.0
iodex 8g,8G Iodex,46.0
iodex 8g (25ps),iodex 8g (25ps),1000.0
iodex spray 60g,iodex spray 60g,195.0
amurthanjan Rs.38 (1pai),Rs.38 அமுர்தான்ஜன்,38.0
nei aachi 1ltr,1ltrஆச்சி நெய்,896.0
amurthanjan Rs.40,Rs.40 அமுர்தான்ஜன்,40.0
kesari kalar,கேசரி கலர்,3.0
puli ,புளி ,140.0
pachcha pattaani,பச்சபட்டாணி,140.0
goodKnight green coil Rs.37,Rs.37 goodKnight green coil ,37.0
goodKnight maha jumbo coil,குட் நைட் மஹா ஜம்போ காயில் ,40.0
nippo led BULB Rs.325,15w nippo led BULB ,325.0
nippo led BULB Rs.160,9w nippo led BULB Rs.160,160.0
whisper choice Rs.32,Rs.32 விஸ்பர் choice ,32.0
stayfree xl Rs.37,Rs.37 stayfree xl ,37.0
indica easy(sha.hair.col)Rs.40,Rs.40 indica easy(sha.hair.col),40.0
duracell Rs.20 atta ,duracell Rs.20 atta ,200.0
siraga thool 50g,50g சக்தி சீரகதூள்,46.0
bleaching powder Rs.12,Rs.12 bleaching powder,12.0
bleaching powder Rs.12total(pkt),bleaching powder Rs.12total 1.(pkt),144.0
payasa semiya 500g,500g பாயச சேமியா,50.0
veet Rs.128 50g,Rs.128 வீட் 50g,128.0
veet Rs.75 30g,Rs.75 வீட் 30g,75.0
milk maid tin,மில்க்மெய்டு டின் 380g,144.0
krack heel repair Rs.55,Rs.55 krack heel repair,55.0
itch guard,ட்ச் கார்ட் Rs.77,77.0
Ring guard,ரிங் கார்ட்,67.65
oma water 6ps(1pai),6psஓம வாட்டர் (1பை),60.0
oma water 1ps,1ps ஓமவாட்டர்,20.0
spray ks 45ml,spray ks 45ml,65.0
spray engage(w+),180mlspray engage(w+),195.0
hit chalk Rs.16,Rs.16 hit chalk ,20.0
hunter ஈ மருந்து,hunter ஈ மருந்து,24.0
hit chalk Rs.16 saram(12ps),Rs.16 hit chalk saram(12ps),192.0
hunter ஈ மருந்து 1saram24ps,hunter ஈ.ம.1saram24ps,576.0
hit spray red 125ml,hit spray red 125ml,75.0
hit spray black 125ml,125ml hit spray black,85.0
hit spray red 200ml,200ml.hit spray red,105.0
hit spary black 200ml,200ml hit spary black ,115.0
nippo AA battery Rs.16 attai,nippo AA battery Rs.16 attai,160.0
nippo AAA battery Rs.16 attai,nippo AAA battery Rs.16 attai,160.0
nippo AA battery 1ps,nippo AA battery 1ps,16.0
nippo led BULB 12W,12W nippo led BULB,300.0
nippo AAA battery,nippo AAA battery,16.0
kp namboodiri Rs20,Rs.20 kp நம்புதிரி பேஸ்ட்,20.0
parle-G 1pkt,பார்லே ஜி 1.pkt,80.0
kp namboodiri 100g,100g kp நம்புதிரி பேஸ்ட்,70.0
horlicks 500G pkt,500g ஹார்லிக்ஸ் pkt,199.0
kp namboodiri 200g,200g kp நம்புதிரி பேஸ்ட் (w) free ,100.0
boost 200g pkt,200g pkt boost ,99.0
hide&seek Rs.30, Rs.30 hide&seek ,30.0
hide&seek caffe Rs.30,Rs.30 hide&seek caffe ,30.0
idli podi Rs.2 saram,Rs.2இட்லிபொடிசரம்,24.0
naattu sakkara 1.kg,1..kgநாட்டுசக்கர ,100.0
cup plastic 150ml 1saram,150ml பே.கப் சரம் ,55.0
naattu sakkara 1/2.kg,1/2.kg நாட்டு சர்க்கரை,49.0
naattu sakkara(muligai)1/2.kg,1/2.kgமூலிகை நா.சக்கர,65.0
hide&seek 1.jar,hide&seek 1.jar,150.0
happy happy cakes 1ps,happy happy cakes 1ps,5.0
levista coffee 50g1+1, 50g1+1levesta coffee,95.0
vendhayam attai ,வெந்தையம் அட்டை,60.0
milagu attai,மிளகு அட்டை,60.0
cigaretee kings,கிங்க்ஸ் சிகரட் ,165.0
nool kandu Rs.5(1kattu),Rs.5நூல்கண்டு கட்டு,50.0
milagu attai Rs.5,Rs.5 மிளகு அட்டை,60.0
viputhi Rs5(1saram),Rs5விபூதி 1சரம்,50.0
siragam attai Rs.5,Rs.5 சீரகம் அட்டை,60.0
lion honey (1+1)set 250g,லைன் ஹனி (1+1) set 250g,160.0
venthaiyam Rs.5 attai,Rs.5 வெந்தயம் அட்டை,60.0
moove cream Rs.15(1saram,Rs.15மூவ்கிரிம்(1saram,180.0
munthri thirtchai Rs.5 attai,Rs.5 முந்திரி திராட்சை அட்டை,60.0
soampu Rs.5 attai,Rs.5 சோம்பு அட்டை,60.0
milagu siragam Rs.5 attai,Rs.5 மிளகு சீரகம் அட்டை,60.0
amurthanjan Rs.2 saram,Rs.2 அமுர்தான்ஜன் சரம்,40.0
kadugu Rs.5 1 atta ,Rs.5 கடுகு அட்டை,60.0
yelakkai Rs.5 attai,Rs.5 ஏலக்காய் அட்டை,60.0
pattai kirampu sompu Rs.5 attai,Rs.5 பட்ட கிராம்பு சோம்பு அட்டை,60.0
vim panchi Rs.10,Rs.10 விம் பஞ்சி,10.0
munthri Rs.5 attai ,Rs.5முந்திரி அட்டை,60.0
munthri thirtchai Rs.10 attai,Rs.10 முந்திரி திராட்சை அட்டை,100.0
idli podi 50g,50g இட்லி பொடி,21.0
vim panchi Rs.10(1.saram),Rs.10.சரம்.விம்பஞ்சு,120.0
pattai kirampu sompu Rs.10 attai,Rs.10 பட்ட கிராம்பு சோம்பு அட்டை,120.0
biriyani masala 50g,50g சக்தி பிரியாணி மசாலா ,35.0
idli podi Rs.5,Rs.5இட்லிபொடி,5.0
idli podiRs.5.saram,Rs.5இட்லிபொடிசரம்,50.0
"duracell Rs.20 atta AA,AAA ","duracell Rs.20 atta AA,AAA ",200.0
duracell Rs.20  ,Rs.20 duracell ,20.0
masala Rs.10 attai,Rs.10 மசாலா அட்டை,120.0
masala Rs.5 attai,Rs.5 மசாலா அட்டை,60.0
pampers(L)Rs.28,Rs.28பேம்பர்ஸ்(L),28.0
pampers(L)Rs.28.(1saram,Rs.28pampers(L)சரம்,224.0
tigar birtania 150g,150g பிர்டானியா டைகர்,30.0
pampers(M)Rs24(saram,Rs24pampers(M)சரம்,192.0
pampers(M)Rs24,pampers(M)Rs24,24.0
pampers(s)Rs20(saram,Rs20pampers(s)சரம்,160.0
pampers(s)Rs20,Rs.20pampers(s),20.0
idli podi Rs.10 saram,idli podi Rs.10 saram,100.0
nool kandu pachcha Rs.2 ,Rs.2 பச்சை நூல்கண்டு pkt,24.0
chikkan masala Rs.5 saram,Rs.5 சிக்கன் மசாலா சரம்,50.0
taaza gold(tea) 500g,500g Taaza கோல்டு டீ,147.5
chikkan masala Rs.5 ,Rs.5 சிக்கன் மசாலா ,5.0
avt  tea 500g,500g Avt  Tea,150.0
chicken masala Rs.5 ,Rs.5 சிக்கன் மசாலா,5.0
mattan masala Rs.5,Rs.5 ஆச்சி மட்டன் மசாலா,5.0
mattan masala Rs.5(saram ,Rs.5 மட்டன் மசாலா சரம் ,50.0
bahubali stream sippam,பாகுபலி சிப்பம்,1100.0
mattan masala Rs.10,Rs.10 ஆச்சி மட்டன் மசாலா,10.0
naattu ponni sippam,நாட்டு பொன்னி சிப்பம்,1200.0
rasa podi Rs.5,Rs.5 ரச பொடி,5.0
mattan masala Rs.10.saram,Rs.10மட்டன் மசாலா சரம்,100.0
rasa podi Rs.5 saram,Rs.5 ரச பொடி சரம்,50.0
mattan masala 50g saram,50gமட்டன் மசாலா சரம்,280.0
thirachai Rs.5 attai,Rs.5 திராட்சைஅட்டை,60.0
vanaspathi(abi) dalda 500ml,500ml vanas(abi)டால்டா,160.0
vanaspathi(abi) dalda 1.ltr,1.ltr vanas(abi)டால்டா1.ltr,300.0
cinthol Rs.25,cinthol Rs.25,30.0
cinthol Rs.30,cinthol Rs.30,30.0
vanaspathi(abi)dalda 200ml,200ml vanas(abi)டால்டா,60.0
3roses 500g t.star,3 ரோசஸ் டாப் ஸ்டார் 500g ,350.0
chilli chikkan masala50gm,50gmசில்லி சிக்கன் மசாலா,34.5
raagi maavu sakthi(500g,500gராகிமாவுசக்தி,41.0
raagi sakthi(500g,500g சக்தி ராகி மாவு,47.0
perumkayam lg katti 50G,50g(LGகட்டிகாயம்,78.0
comport 220ml,220ml comport,58.0
muyal vilakkenna 100ml,100ml மு.வி.எண்ணெய்,35.0
vanaspathi(abi) dalda 100ml,100ml vanaspathi(abi)டால்டா,50.0
vanaspathi(abi) dalda 50ml,50ml vanaspathi(abi)டால்டா,15.0
vanaspathi(gold.w)dalda 500ml,500ml vanas(g.w)டால்டா,163.0
vanaspathi(gold.w)dalda1/2kg,1/2kg vanas(gold.w) டால்டா,100.0
nei Rs.10 udhayakiru,Rs.10உ.கி.நெய்,10.0
nei Rs10 aachi,Rs10ஆச்சி நெய்,10.0
kissan tomoto500g bottle,500gகிசான்(toma) bottle,105.0
kissan tomoto 200g bottle,200g கிசான்(toma) bottle,63.0
kissan Rs.15(130g) fresh tomato refil,Rs.15கிசான்(130g) refil,15.0
kissan 100g Rs.20,Rs.20 கிசான் 100g,20.0
kissan 500g jar,500g கிசான் jar,160.0
kissan 500g bottle,500g கிசான் bottle,160.0
kissan 200g bottle,200g கிசான் bottle,80.0
stayfree xl Rs.42,Rs.42 stayfree xl ,42.0
kesari kalar 20pkt,20pktகேசரிகலர்,60.0
arisi maavu rasathi1/2kg,1/2kg  ராசாத்தி அரிசிமாவு,40.0
oil goldwinner 500ml,500ml கோல்டு வின்னர்,94.0
oil goldwinner 1.ltr box,1.ltrகோல்ட் வின்னர் box,2100.0
horlicks women+ 400g jar,400g ஹார்லிக்ஸ் (w+)jar,345.0
surf excel 1/2 kg blue,1/2 kg சர்ப் ப்ளூ பவுடர்,77.0
EXO steelscurber,EXO steelscurber,15.0
nool kandu(p)Rs.5(1kattu) pkt,Rs.5 பச்சை நூல்கண்டு pkt,60.0
whisper Rs.32,Rs.32 விஸ்பர்,32.0
sunsilk shampoo Rs.1 saram,Rs.1 சன் சில்க் ஷாம்பூ சரம்,16.0
sunsilk shampoo 180ml black,180ml சன்சில்க் கருப்பு ,132.0
sunsilk shampoo 80ml black,80ml சன்சில்க் கருப்பு ,64.0
surf excel 1kg powder blue,1kg சர்ப் எக்சல் ப்ளூ easy wash,95.0
table role(l)size,table role(l)size,300.0
sensodyne 40g (deep clean) Rs.80,Rs.80sensodyne(d&c)40g ,80.0
sensodyne 40g (fresh&m) Rs.80,Rs.80sensodyne(F&M)40g,80.0
sensodyne 40g(F&G) Rs.80,Rs.80sensodyne(F&G)40g,80.0
sensodyne 40g(R&R) Rs.95,Rs.95sensodyne 40g(R&R),95.0
sensodyne 70g(D&C)Rs.130,Rs.130sensodyne 70g(D&C),130.0
sensodyne 80g(R&R)Rs.170,Rs.170 sensodyne 80g(R&R),170.0
sensodyne 75g(F&M)Rs.120 ,Rs.120sensodyne(F&M)75g,120.0
oil vilakkennai muyal 500ml,500mlமுயல் வி.எண்ணெய்,120.0
oil idhayam nallannai200ml ,200ml இதயம் (ந.எ) pkt ,85.0
oil idhayam nallannai 1.ltr bottle,1.ltrஇதயம் (ந.எ) bottle,492.0
oil idhayam mantra (M) 1.ltr bottle,1.ltr இதயம்மந்த்ரா (ம) bottle,225.0
viputhi 50g Rs.10,50g விபூதிRs.10,10.0
viputhi 50g 1 saram,50gவிபூதி 1சரம்,100.0
viputhi 250g Rs.30,250gவிபூதி Rs.30,30.0
seeval saatha Rs.5 bandal,Rs.5சா.சீவல்பண்டல்,100.0
sunrise Rs.2 saram,Rs.2 சன் ரைஸ் சரம்,24.0
sunrise Rs.2 bundle13saram,Rs.2 சன் ரைஸ் பண்டல்,296.0
sunrise Rs.5 saram,Rs.5 சன் ரைஸ்saram,30.0
sunrise Rs.10 ,Rs.10 சன்ரைஸ் ,10.0
sunrise Rs.10saram,Rs.10சன்ரைஸ்saram,60.0
sunrise 50g jar ,50g சன்ரைஸ் jar ,105.0
ravai nandhi 500g,500gரவை நந்தி,40.0
ravai nandhi 1kg,1kg ரவை நந்தி,75.0
ravai sampaa nanthi.500g,500gசம்பா ரவை நந்தி,59.0
comport 850ml,850mlகம்போர்ட்,245.0
surf LIQ matic Rs.225,Rs.225surf LIQ matic ,225.0
comport 430ml(Rs120,430mlcomport(Rs120,120.0
huggies(s)Rs.20,huggies(s)Rs.20,20.0
huggies(s)1.saram,huggies(s)1.சரம்,160.0
huggies(m)Rs.24,huggies(m)Rs.24,24.0
huggies(m)1.saram,huggies(m)1.சரம்,192.0
huggies(L)Rs.28,huggies(L)Rs.28,28.0
huggies(L)1.saram,huggies(L)1.சரம்,224.0
time pass cookies Rs.5,Rs.5டைம்பாஸ்.குக்கிஸ்,5.0
time pass(Rs.5.saram,Rs.5.டைம் பாஸ்.சரம்,75.0
little hearts(Rs.5),little hearts(Rs.5),5.0
little hearts(Rs.5)saram,Rs.5 லிட்டில் Hearts சரம்,75.0
gokul santol Rs.225,Rs.225 gokul santol,225.0
gokul santol soap Rs.40,Rs.40கோ.சா சோப்,40.0
theepetti 2kili (1box),தீப்பெட்டி2கிளி(1box),20.0
surf excel(F&L)powder,சர்ப்excel(F&L)powder,260.0
surf excel(B&L)powder1Kg,1.kg சர்ப்(B&L)பவுடர்,240.0
surf excel(F&L)powder1kg,1kgசர்ப்(F&L)பவுடர்,260.0
surf LIQ matic(F&L) Rs.225,1.ltr சர்ப்LIQ(F&L) Rs.225,225.0
surf LIQ(t&l)500ml Rs.105,500ml சர்ப்LIQ(t&l)Rs.105,105.0
surf excel LIQ(Q&W)500ml Rs.90,500mlசர்ப்(Q&W)LIQ.Rs.90,90.0
surf excel(T&L)1kg powder,1.kgசர்ப்(T&L)powder,240.0
tajmahal100g ,100gதாஜ்மகால் ,90.0
tajmahal Rs.10 saram(10ps),Rs.10tajmahalசரம்(10ps),100.0
tajmahal Rs.10 ,Rs.10 தாஜ்மகால் டீ தூள்,10.0
semiyaa payasam 500g,500gசேமியா(பா),50.0
imayam masala 100g Rs.32,100g இமயம் மசாலா,32.0
imayam masala ,"இமயம்,மசாலா 1kg",320.0
hamam soapRs.58,Rs.58 hamam,58.0
peedi athri 1.bundle,பீடி அத்ரி பண்டல்,175.0
maggi noodles Rs.14,Rs.14 மேகி நூடுல்ஸ்,14.0
maggi noodles Rs.14 (1.tadan),Rs.14மேகி(1.டசன்),180.0
nijam pakku rs.1(50ps),Rs.1நிஜாம்பாக்கு(50ps),50.0
maggi noodles Rs.12 dasan,Rs.12மேகி 1.டசன்,144.0
3roses TOPstar 250g,3 ரோசஸ் டாப் ஸ்டார் 250g,225.0
3roses TOPstar100g,100g 3roses TOPstar,85.0
nandhi brown(M)5kg,நந்தி பிரவுன்(M)5kg,250.0
boomer jar,பூமர் ஜார்,165.0
boost 500g.rifil,500g.boost rifil,244.0
boost 500g pkt,boost 500g pkt,245.0
cd localbrand Rs.10(1k),cd localbrand Rs.10(1k),300.0
cd 7up750ml(1k),cd 7up 750ml(1k),912.0
cd 7up1.25ltr(1k),cd 7up1.25ltr(1k),584.0
cd pepsi 250ml(1k),cd pepsi 250ml(1k),600.0
cd 7up 250ml (1k),cd 7up 250ml (1k),600.0
cd 7up 250ml tinbox,cd 7up 250ml tinbox,700.0
samBrani ottagam 10g,10g ஒட்டகம் சாம்ராணி,10.0
sambrani katti TPRG,சாம்ப்ராணிகட்டிTPRG,28.0
samBrani ottagam 50g,50g ஒட்டக சாம்ப்ராணி,38.0
samBrani ottagam 20g,20g ஒட்டக சாம்ப்ராணி,15.0
bru Rs.2 pkt(12saram),Rs.2 bru pkt(12saram),290.0
bru 50g ,50g புரூ,110.0
dettol 500ml,500ml dettol,194.6
oil palmolein 15ltr(tin),பாமாயில் டின் 15ltr,2700.0
gulab jamun 175g Rs.130,175gகுலோப்ஜாம் Rs.130,130.0
tripti blend coffee bru 200g,200g tripti blend coffee bru,167.0
bru tripti 200g,புரூ காபி தூள் 200g ,190.0
clinic plus shampoo 175ml,175ml clinic plus shampoo ,149.0
lipton greentea 14g Rs.65,14g lipton greentea Rs.65,65.0
lipton greentea 25g Rs.165,25g lipton greentea Rs.165,170.0
lux rose Rs.35,Rs.35 lux rose,35.0
chakra gold premium tea250g,250g சக்ரா கோல்டு பிரீமியம்,210.0
nandi old 3d ,நந்தி பழசு 3D,1000.0
nandi 3d digital ,நந்தி 3d டிஜிட்டல்,1000.0
dettol handwash 100ml,dettol handwash 100ml,30.0
dettol handwash 125ml,dettol handwash 125ml,49.0
dettol handwash 200ml,dettol handwash 200ml,99.0
colin spray 250ml,250ml Colin Spray ,75.0
dettol soap cool Rs.10,ரூ.10 டெட்டல் சோப் கூலஂ,10.0
johnsons powder 50g,50g johnsons powder,60.0
dettol soap cool Rs.10 dozen,dettol soap cool Rs.10 dozen,120.0
johnsons soap 100g,100g johnsons soap,70.0
dettol soap og Rs.10,ரூ.10 டெட்டால் சோப் ஒரிஜினல்,10.0
dettol soap og Rs.10 dozen,Rs.10dettol soap og  dozen,120.0
kacha mango Rs.800,Rs.800 kacha mango,800.0
dettol soap cool Rs.38,Rs.38 dettol soap cool,38.0
VVD pouch 500ml,500ml VVD சமையல் தே.எண்ணெய் lite pkt,205.0
dettol soap cool set 75g,75g டெட்டல் சோப் கூலஂ செட் ,150.0
mysore soap125g Rs.65,125g mysore soap Rs.65,69.0
dettol soap cool Rs.58,dettol soap cool Rs.58,58.0
mysore sandal 150g soap,150g மைசூர் சான்டால்  சோப்  Rs.78,78.0
dettol soap og Rs.38,dettol soap og Rs.38,38.0
mysore sandal 450g 1.box,450g மைசூர் சான்டால் சோப் 1.box,243.0
dettol soap og set Rs.125,dettol soap og set Rs.125,125.0
dettol soap og Rs.63,dettol soap og Rs.63,63.0
dettol soap skincare Rs.38,ரூ.38 டெட்டல் ஸஂகினஂ கேரஂ சோப்,38.0
dettol soap skincare Rs.63,ரூ.63 டெட்டல் ஸஂகினஂ கேரஂ சோப்,63.0
marie gold Rs.10 dazon,marie gold Rs.10 dazon,120.0
pasta,பாஸ்தா,50.0
pasta spiral 500g,500g ஸ்பைரல் பாஸ்தா,53.0
sangu pasta 500g,500g சங்கு பாஸ்தா,50.0
karthika seekkaipowder Rs.10,Rs.10 கார்த்திகா சீயக்காய்,10.0
levista coffee 100g+50g pkt,100g+50g pkt லிவிஸ்டா coffe,170.0
levista coffee 100g(1+1)strong,லிவிஸ்டா காபி 100g(1+1)strong,175.0
levista coffee 50g1+1 strong,levista coffee 50g1+1jar strong,95.0
levista coffee 50g premium,levista coffee 50g premium,75.0
levista coffee 100g jar(1+1)strong,levista coffee 100g jar(1+1)strong,175.0
levista coffee 200g filter(pkt),லிவிஸ்டா காபி 200g filter(pkt),90.0
levista coffee 200g filter60%(pkt),லிவிஸ்டா காபி 200g filter60%(pkt),75.0
levista coffee 500g filter,லிவிஸ்டா காபி 500g filter,215.0
levista coffee 100g+50g jar premium,லிவிஸ்டா காபி 100g+50g jar premium,185.0
semiya suns Rs.15,Rs.15சேமியா சன்ஸ்,15.0
levista coffee 100g+50g strong,லிவிஸ்டா காபி 100g+50g strong,175.0
levista coffee 50g pkt(1+1)strong,லிவிஸ்டா காபி 50g pkt(1+1)strong,85.0
levista coffee Rs.5,Rs.5 லிவிஸ்டா காபி தூள் சரம்,60.0
levista coffee 1.2kg e.strong,1.2kg levista coffee e.strong,650.0
chik shampoo(s&p)80ml,chik shampoo(s&p)80ml,45.0
iodex 16g,Rs.88 Iodex 16g,80.0
iodex Rs.10,iodex Rs.10,10.0
iodex Rs.10 saram,iodex Rs.10 saram,120.0
moove cream Rs.50,moove cream Rs.50,50.0
moove cream Rs.75,moove cream Rs.75,75.0
moove spray Rs.75,moove spray Rs.75,75.0
moove spray Rs.199,moove spray Rs.199,199.0
mahima sine powder 50g,mahima sine powder 50g,15.0
polo 345g Rs.250,polo 345g Rs.250,250.0
polo 600g Rs.200 Jar,polo 600g Rs.200 Jar,200.0
polo 2ps jar,polo 2ps jar,200.0
polo 345g Rs.5ps.pkt,polo 345g Rs.5ps.pkt,115.0
murukku Rs.10 ,Rs.10 முறுக்கு Pkt,100.0
michar Rs.5 ,Rs.5 மிச்சர் பண்டல்,80.0
michar Rs.6,Rs.6 மிச்சர்,80.0
pori michar Rs.6,Rs.6 பொறி மிச்சர்,80.0
michar Rs.10,Rs.10 மிச்சர்,100.0
michar 1kg ,1kg மிச்சர்,135.0
himalaya shampoo Rs.3,Rs.3 ஹிமாலயா சாம்பு ,3.0
himalaya shampoo Rs.3 saram,Rs.3 himalaya shampoo saram,48.0
DD I.cream combo 1,DD I.cream combo 1,120.0
DD S.cone vanila 65ml,DD S.cone vanila 65ml,15.0
DD S.cone orange,DD S.cone orange,15.0
DD S.cone choco 65ml ,DD S.cone choco 65ml ,25.0
DD S.cone arabin65ml,DD S.cone arabin65ml,20.0
DD S.cone butterscotch 65ml,DD S.cone butterscotch 65ml,25.0
DD S.cone black 100ml,DD S.cone black 100ml,35.0
DD S.cone choco 100ml,DD S.cone choco 100ml,35.0
DD S.cone straberry 100ml,DD S.cone straberry 100ml,35.0
DD S.cone fruitpunch 100ml ,DD S.cone fruitpunch 100ml ,50.0
DD cone.blackcurrent 120ml,DD cone.blackcurrent 120ml,35.0
DD cone.strawberry 120ml,DD cone.strawberry 120ml,30.0
DD S.cone strawberry 100ml,DD S.cone strawberry 100ml,35.0
DD L.cone.blackcurrent 120ml,DD L.cone.blackcurrent 120ml,35.0
DD L.cone strawberry 120ml,DD L.cone strawberry 120ml,30.0
DD L.cone buttersc 120ml,DD L.cone buttersc 120ml,35.0
DD L.cone choco 120ml,DD L.cone choco 120ml,35.0
DD Ball vanilla 100ml,DD Ball vanilla 100ml,25.0
DD casatta premium 120ml,DD casatta premium 120ml,50.0
DD choco bar 60ml ,DD choco bar 60ml ,20.0
DD mini choco bar 35ml,DD mini choco bar 35ml,10.0
DD triple bar 70ml,DD triple bar 70ml,30.0
DD nutty bar 65ml,DD nutty bar 65ml,25.0
mittaiye powder,மிட்டாய் பவுடர்,3.0
DD matka kulfi 100ml ,DD matka kulfi 100ml ,50.0
DD vanilla milky 50ml,DD vanilla milky 50ml,20.0
DD pineapple milky 50ml,DD pineapple milky 50ml,25.0
DD pista kulfi 50ml,DD pista kulfi 50ml,25.0
milkybar Rs.10ps 1box,Rs.10மில்கிபார் பாக்ஸ்,240.0
DD S.cup vanilla 60ml,DD S.cup vanilla 60ml,10.0
DD S.cup straw 60ml,DD S.cup straw 60ml,10.0
DD S.cup buttersc 60ml,DD S.cup buttersc 60ml,15.0
DD Blackcurrent 500ml,DD Blackcurrent 500ml,140.0
DD Butterscotch 500ml,DD Butterscotch 500ml,140.0
DD Strawberry 500ml,DD Strawberry 500ml,130.0
DD vanilla 500ml,DD vanilla 500ml,120.0
DD Spinno vanilla 80ml,DD Spinno vanilla 80ml,20.0
DD Spinno fruitreat 80ml ,DD Spinno fruitreat 80ml ,20.0
DD alphonoso mango 60ml,DD alphonoso mango 60ml,20.0
DD kwikie sundae 125ml,DD kwikie sundae 125ml,40.0
DD ovalcup rajbhog 100ml,DD ovalcup rajbhog 100ml,60.0
DD Buy1get1 (vanilla 700ml),DD Buy1get1 (vanilla 700ml),190.0
DD Buy1get1 (buttersc 700ml),DD Buy1get1 (buttersc 700ml),250.0
manjal thool Rs.5 saram ,Rs.5 மஞ்சள் தூள் சரம்,50.0
peedi kanesh bundal,கனேஷ் பீடி பண்டல்,275.0
sunnambu 1bai,1பை சுண்ணாம்பு,12.0
kannan (lime pickle) 1saram,க.லெமன் ஊறுகாய் ரூ.2 சரம்,16.0
manjal thool Rs.10 saram ,Rs.10மஞ்சள் தூள்saram ,100.0
kannan (mixture pickle) 1saram,க.மிக்சர்.ஊறுகாய் ரூ.2 சரம்,16.0
kannan (tomato pickle) 1saram,க.த.ஊறுகாய் ரூ.2 சரம்,16.0
sivappu Rs.3,Rs.3 சிவப்பு,3.0
kannan (garlic pickle) 1saram,க.பூ.ஊறுகாய் 2சரம்,16.0
sivappu Rs.3 bundle,Rs.3 சிவப்பு bundle,90.0
kannan (chilly pickle) 1saram,க.மிளகா.ஊறுகாய் 1சரம்,15.0
kannan (mango pickle) 1saram,க.மா.ஊறுகாய் ரூ.2 சரம்,16.0
kannan (ginger pickle) 1saram,க.இ.ஊறுகாய் ரூ.2 சரம்,16.0
ruchi lime pickle Rs.10,ருசி லெ.ஊறுகாய் Rs.10,10.0
semiyaa 200g (naga),200gசேமியா (நாகா),20.0
karipattai Rs.5,Rs.5 கரிபட்டை,5.0
rusk milk (elite) Rs.35,Rs.35 மில்க் ரஸ்க்(elite),35.0
rusk elaichi(elite) Rs.35,Rs.35 எலைசி ரஸ்க் ,35.0
ruck classic(elite) Rs.20,Rs.20 classic ரஸ்க் (elite),20.0
rusk elaichi (elite) Rs.10 bai,Rs.10 ரஸ்க் elaichi(elite) 1பை,120.0
mams magic Rs.20,mams magic Rs.20,20.0
jothi appalam 150g ,150g ஜோதிஅப்பளம் ,45.0
biriyani masala Rs.5 saram,Rs.5பிரியாணிமசாலாசரம்,50.0
kalla mittai Rs.20,Rs.20 கள்ளமிட்டாய்,30.0
marrie gold Rs.18,marrie gold Rs.18,18.0
vim scruper Rs.10,vim scruper Rs.10,10.0
sambar podi Rs.10,Rs.10 ஆச்சி சாம்பார்பொடி,10.0
appalam 100g,appalam 100g,25.0
DD Sundae fruitpunch 100ml ,DD Sundae fruitpunch 100ml ,50.0
DD Sundae strawberry 100ml,DD Sundae strawberry 100ml,35.0
DD Sundae choco 100ml,DD Sundae choco 100ml,35.0
DD Sundae black 100ml,DD Sundae black 100ml,35.0
Rin Rs5 saram,Rin Rs5 saram,30.0
oil gold king Rs.10,oil gold king Rs.10,100.0
Rin powder Rs5 saram,Rs5ரின் பவுடர் சரம் ,30.0
colgatesalt maxfresh Rs.20 ,colgatesalt maxfresh Rs.20 ,120.0
oil gold king Rs.10 saram,oil gold king Rs.10 saram,100.0
masala atta 10,masala atta 10,10.0
munch Rs.5 ,Rs.5 munch,5.0
vicks Rs.1 (pkt),Rs.1 விக்ஸ் pkt,20.0
horlicks lite 500g lite jar,horlicks lite 500g lite jar,310.0
halls Rs.1 (pkt),Rs.1ஹால்ஸ் (pkt),115.0
yelakkai paakku Rs.1(pkt),Rs.1 ஏலகாய் பாக்கு (pkt),148.0
anni pakku Rs.1(pkt),Rs.1 அன்னிபாக்கு pkt,47.0
pass pass Rs.1 (pkt),Rs.1பாஸ்பாஸ் (pkt),100.0
perunkayathool Rs.1 saram,Rs.1காயதூள் சரம்,20.0
milaguthool Rs.6 saram,Rs.6மிளகுதூள் சரம்,60.0
sambar podi Rs.5 saram,Rs.5சாம்பார்பொடி சரம்,50.0
meen ku.masala Rs.5 saram,Rs.5மீன் கு.மசாலா சரம்,50.0
kari masala Rs.5,Rs.5 கறி மசலா,5.0
kari masala Rs.5 saram,Rs.5கரி மசாலா சரம்,50.0
meen varuval masala Rs.5 saram,Rs.5மீன்.வ.மசாலா சரம்,50.0
mallithool Rs.5 saram,Rs.5மல்லிதூள் சரம்,50.0
karam masala Rs.5 saram,Rs.5கரம் மசாலா சரம்,50.0
karam மசாலா Rs.5 ,Rs.5 கரம் மசாலா ,5.0
briyani masala Rs.10,Rs.10பிரியாணி சரம்,150.0
nei aachi gee Rs.10 saram,Rs.10 நெய் ஆச்சி சரம்,100.0
chicken masala Rs.10 saram,Rs.10 சிக்கன் மசாலா சரம்,100.0
chicken 65 masala saram Rs.10 ,Rs.10 சிக்கன் 65 சரம்,100.0
pasta (sangu) 500g,500g சங்கு பாஸ்தா ,53.0
pasta (macaroni)500g,500g macaroni pasta ,60.0
kari masala Rs.10saram,Rs.10 கரி மசாலா சரம்,100.0
pasta (elbo) 500g,500g எல்போ பாஸ்தா,53.0
ravai (naga)500g,500g நாகா ரவை,36.0
semiya (naga) 200g,200g(நாகா)சேமியா,22.0
semiyaa (naga) 500g,500g.சேமியா.பா.செவ்ரைட்,52.0
noodels ying yaang 400g(1+1),400g(1+1)நூடல்ஸ் ying yaang,110.0
dairymilk Rs.5,Rs.5 டைரிமில்க் ,5.0
dairymilk Rs.5(72ps)box,dairymilk Rs.5(72ps)box,380.0
dairymilk Rs.20,Rs.20 டைரிமில்க்,20.0
5 star (54ps)1box,5 star (54ps)1box,270.0
5 star Rs.10(40ps) box,5 star Rs.10(40ps) box,400.0
5 star Rs.10 (54ps)1box,5 star Rs.10 (54ps)1box,270.0
5 star Rs.5 (54ps)1box,5 star Rs.5 (54ps)1box,270.0
perk Rs.5(30ps)box,perk Rs.5(30ps)box,150.0
perk Rs.5,Rs.5 Perk,5.0
soodam Rs.1(pkt),Rs.1 சூடம்(pkt),25.0
soodam Rs.5(pkt),Rs.5சூடம்(pkt),100.0
jothi appalam 100g,100g ஜோதிஅப்பளம்,35.0
jothi appalam 50g ,50gஅப்பளம்,15.0
jothi appalam 75g ,75g ஜோதி அப்பளம் ,30.0
munthirithiracha Rs.10,Rs.10 முந்திரி திராட்சை,10.0
soodam Rs.1(25ps),Rs.1சூடம்(25ps),25.0
soodam Rs.1(50ps),Rs.1சூடம் (50ps),50.0
orio Rs.30,orio Rs.30,30.0
penoil grmicekk 1.ltr,penoil grmicekk 1.ltr,80.0
penoil germchekk color 1.ltr,1ltr பெனாயில் ஜெர்மிசெக் கலரஂ,95.0
dark fantasty choco falls Rs.35,Rs.35 dark.fantasty choco.fall,35.0
acid 500ml,speak ஆசிட் 500ml,50.0
dark fantasy choco fills Rs.10,Rs.10 Dark Fantasy Choco Fills,10.0
dark fantasty bourbon Rs.10 bai,Rs.10 dark.f bourbon பை,120.0
bar one Rs.10,bar one Rs.10,10.0
bar one Rs.10(box),Rs.10(box)bar one ,240.0
dark fantasty bourbon Rs.35,Rs.35 dark fantasty bourbon ,35.0
tiger britta 150g,150g டைகர் பிரிட்டான்யா,25.0
colgate salt neem 100g,100g கோல்கேட் சால்ட் நீம்,88.0
stayfree dry.Rs36,stayfree dry.Rs36,36.0
colgatesalt Rs10 dasan,Rs.10 கோல்கேட் சால்ட் டசன்,120.0
colgatesalt Rs10 pcs,Rs.10 கோல்கட்சால்ட் ps,10.0
colgate vedshakti Rs.59(100g),Rs.59(100g) கோல்கேட் vedshakti,67.0
5 star Rs10,5 star Rs10,10.0
5 star Rs10(box),5 star Rs10(box),400.0
5 star 1pcs,5 star 1pcs,5.0
colgate cibaca Rs.61(175g),Rs.61(175g) கோல்கேட் cibaca ,63.0
5 star Rs.5 ps,5 star Rs.5 ps,5.0
5 star Rs10 ps,5 star Rs10 ps,10.0
colgate strong 200g Rs.103,200g கோல்கேட் strong teeth,103.0
puli mark seekaie 10g(10ps),10g (10ps)புலி மார்க் சீக்காய்,20.0
puli mark seekaie 50g,50g புலிமார்க் சீக்காய்,14.0
vatththi pulimark sandal Rs.10,Rs.10வத்தி புலிமார்க்,10.0
dabur red paste Rs10 (dazon),Rs10டாபர் ரெட்(dazon),120.0
nycil cool clasic Rs.130,nycil cool clasic Rs.130,130.0
complan Rs.5 saram,Rs.5 complan சரம்,40.0
complan Rs.5(1pai),Rs.5 complan(1பை),80.0
complan Rs.5,Rs.5 காம்ப்ளான்,5.0
parachutte Rs.10 (1.kattu),Rs.10 (1.kattu)parachutte,240.0
parachute Rs.20(1kattu),Rs.20(1கட்டு)parachute,480.0
parachute Rs.20,Rs.20 பாராசூட்,20.0
parachute 100ml(pkt),100ml பாராசூட் (pkt) ,30.0
parachute 100ml bottle,100ml பாராசூட் jar,63.0
oil saffola 1ltr, 1 லி சஃபோலா ஆயில்,170.0
nattu vellam,நாட்டு வெல்லம்,70.0
makhima sine powder 50g,50g மகிமா sine powder,15.0
makhima sine powder 50g saram,50gசரம் மகிமா,180.0
oil samayal 100ml saram,oil samayal 100ml saram,200.0
harpic 200ml,harpic 200ml,40.0
pepsodent Rs.20,Rs.20 pepsodent ,20.0
pepsodent brush Rs.14 saram,Rs.14 peps.brush saram,168.0
pepsodent soft brush Rs.14 saram,Rs.14 pepsodent soft brush saram,168.0
margo set,margo set,136.0
avt gold cup 100g,avt gold cup 100g,80.0
milkybar Rs.10,Rs.10மில்கிபார்,10.0
milkybar Rs.5 (1box),Rs.5மில்கிபார் (1பாக்ஸ்),140.0
milkybar Rs.5ps,Rs.5 மில்கிபார் ps,5.0
karthika shampoo 1saram,karthika shampoo 1saram,20.0
healthmix ramanas 500g,500g healthmixரமணாஸ்,220.0
healthmix rama(thani.varu)1kg,1kg healthmix(தா.வ)ரமணாஸ்,210.0
murukkumaavu ramanas(500g,500gmurukkumaavu ramanas,65.0
ravaathosai mix (ra)500g,500g ரவாதோச mix ,90.0
idiyappa maavu(ra)500g,500g இடியாப்பமாவு&கொழுகட்டமாவு ராசாத்தி,50.0
bajji mavu (rama) 200g,200g பஜ்ஜிமாவு(ரமணா),36.0
sanal kg,சணல் kg,200.0
rusk britanniya Rs.10(box),rusk britanniya Rs.10(box),700.0
jasmine Rs.20,jasmine Rs.20,20.0
3roses  nc Rs.10 saram,3roses  nc Rs.10 saram,140.0
3roses nc Rs.10(pai),3roses nc Rs.10(பை),420.0
kungumam 1kg,1kg குங்குமம்,200.0
kungumam 50g,50g குங்குமம்,12.0
soodam Rs.5 ps,Rs.5 சூடம்  ps,5.0
mittai powder leman,லெமன் மிட்டாய் பவுடர்,3.0
vennai,வெண்ணெய்,700.0
thani milagai thool 100g,100g தனி மிளகாய் தூள்,85.0
semiya suns 150g(1pai),150g(1பை)சண்சேமியா,300.0
thani milagu thool 50g,50gதனி மிளகாய் தூள்,65.0
thani milagai thool 50g,50g தனி மிளகாய் தூள்,50.0
gillete Rs.24,gillete Rs.24,24.0
lifebuoy soap Rs.35,Rs.35 lifebuoy soap,35.0
soodam Rs.150 (pkt), Rs.150 சூடம் (pkt),180.0
kissan jam Rs.2,Rs.2 கிஸ்ஸான் ஜாம்,2.0
kissan jam Rs.2 saram,Rs.2 கிசான்  சரம்,30.0
vicco turmeric 15g ,15g வீக்கோ டர்மரி skin cream,77.0
vicco paste 100g,100gவீக்கோ பேஸ்ட்,82.0
vicco paste 50g,50g வீக்கோ paste,39.0
vicco paste 200g,200g வீக்கோ paste,137.0
nescafe classic 50g,nescafe classic 50g,150.0
con card kg,கான் கார்டு kg,185.0
pericham pazham,பேரிச்சம் பழம் ,500.0
vatika 300ml,vatika 300ml,180.0
Rin powderRs.10 saram,Rs.10 ரின் பவுடர் சரம் ,60.0
odonil block(3+1)set,odonil block(3+1)set,156.0
thiri nool Rs.3 pkt,Rs.3 திரிநூல் pkt,180.0
navarathina oil Rs.1 saram,Rs.1 நவரத்தின oil சரம்,24.0
mentho plus Rs.2 saram,Rs.2 மென்தோ பிளஸ் சரம்,40.0
yardley gold 50g, 50g yardley gold,67.0
allout set Rs.89,Rs.89 allout set,89.0
close up paste Rs.20,Rs.20 Close Up Paste,20.0
close up paste Rs.20(dazon), Rs.20close up paste (dazon),240.0
closeup Rs.10 (dazon),Rs.10 closeup (dazon),120.0
close up paste 90g,90g close up paste,54.0
biriyani masala Rs.10 saram,Rs.10 பிரி.மசாலா சரம்,150.0
lion dates 500g,500g லயன் டேட்ஸ் Qyno,114.0
lion dates desert king 500g,500g லயன் டேட்ஸ் Desert King Pkt,279.0
tata tea 500g,500g டாட்டா டீ,315.0
head & shoulder Rs.2 saram,Rs.2 head & sho(green) saram,32.0
water cup 1.saram,வாட்டர் கப்1.saram,100.0
thirachai Rs.5,Rs.5 திராட்சை,5.0
munch Rs.10 ,munch Rs.10,10.0
bingo Rs.5,Rs.5பிங்கோ,5.0
badham drink mix 200g,200gபாதாம்(1+1)மிக்ஸ்,150.0
pepsodent Rs.14,Rs.14 pepsodent ,14.0
pepsodent Rs.14 brush,Rs.14 pepsodent brush,14.0
amurthanjan strong Rs.40,Rs.40.அமுர்தான்ஜன் ,40.0
chikkan masala Rs.10,Rs.10 சிக்கன் மசலா,10.0
biriyani masala Rs.15,Rs.15 பிரியாணிமசாலா,15.0
thulasi rice,துளசி அரிசிKG,80.0
kothumai rava matharland,கோதுமை ரவை மதர்லாந்து,53.0
vaththi Rs.50,vaththi Rs.50,50.0
idli arisi,idli arisi,35.0
mask,mask,175.0
yelakkaa Rs.5,Rs.5 ஏலக்கா,5.0
theepetti aim(1bandel6ps),(1bandel6ps)தீப்பெட்டிaim,60.0
all clear bottle 170ml,all clear bottle 170ml,140.0
clinic plus shampoo 1Rs box,1Rs.clinic plus shampoo box,960.0
comport 220ml blue,comport 220ml blue,58.0
comfort 220ml blue,210ml கம்போர்ட் blue,58.0
comfort 430ml blue Rs120,Rs120 comfort blue 430ml,120.0
comfort 860ml,860ml comfort Rs.235,235.0
comfort Rs.4 sarm,Rs.4 comfort sarm,40.0
comfort 860ml blue,860ml கம்போர்ட் ப்ளூ,235.0
comfort 220ml green,220ml comfort green Rs.60,60.0
comfort 860ml green,860ml கம்போர்ட் கிரீன்,235.0
comfort 220ml rose Rs.58,Rs.58 comfort 220ml rose,58.0
comfort 860ml rose Rs.235,860ml கம்போர்ட் ரோஸ்,235.0
comfort 860ml glamour Rs.245,Rs.245 comfort glamour 860ml ,245.0
comfort 220ml desire,Rs.65 copmfort desire,65.0
comfort Royal Rs.65,Rs.65 comfort Royal,65.0
comfort glamour Rs.65,Rs.65 comfort glamour,65.0
manjal thool kasthuri Rs.56,manjal thool kasthuri Rs.56,56.0
oil deepa yennai 400ml,oil deepa yennai 400ml,120.0
amurthanjan Rs.2,அமுர்தான்ஜன் Rs.2,2.0
sls karuppu kg,kg.sls கருப்பு,45.0
kashthoori meththi,கஸ்தூரி மேத்தி,600.0
pericham pazham Rgam,pericham pazham Rgam,150.0
East,ஈஸ்ட்,700.0
table role(m)size,table role(m)size,80.0
amul paal powder 500g,500g அமுல் பால்பவுடர்,250.0
ragam nuts&fruits 200g,200g nuts&fruits ராகம்,252.0
pericham pazham Ragam 500g,500gபேரீச்சம் ராகம்,150.0
mams magic Rs.5 dazan(12pcs),Rs.5 mams magic (12pcs) dazan,60.0
Egg masala Rs.10,Rs.10 முட்டை மசாலா,10.0
muttai masala Rs.10 saram,Rs.10 முட்டைமசாலா சரம்,100.0
pashmathi rice,pashmathi rice,70.0
children brush saram,children brushசரம்,240.0
cigaretee gold flake,கோல்டு பிலேக்,50.0
dark fantasty bourbon Rs.20,dark fantasty bourbon Rs.20,20.0
dark fantasty.vannila Rs.10,dark fantasty.vannila Rs.10,10.0
children brush Rs.20,Rs.20 children brush,20.0
VVD gold 175ml Rs.75,175ml vvd தே.எண்ணெய்,75.0
kalla mittai Rs.10,Rs.10 கள்ளமிட்டாய் (ps),10.0
kuchi mittai Rs.10,Rs.10  குச்சிமிட்டாய்,10.0
theepetti Rs.10,Rs.10 தீப்பெட்டி,10.0
theepetti cheeta Rs.10, Rs.10 தீப்பெட்டி சீட்டா,10.0
tide 500g,tide 500g,66.0
slice 1.25ltr,slice 1.25ltr,70.0
bovonto 1.25ltr,bovonto 1.25ltr,50.0
7 up 1.25ltr,7 up 1.25ltr,68.0
clear Rs.2 saram,clear Rs.2 saram,32.0
woodwards Rs.50,woodwards Rs.50,50.0
lux rs.10,Rs.10.லக்ஸ் சோப்பு,10.0
marrie gold Rs.10,marrie gold Rs.10,720.0
picle aachi(1+1)Rs.75,Rs.75ஆச்சி ஊறுகாய்(1+1),75.0
kallamaavu.ponni 500g,500g கள்ளமாவு பொன்னி,45.0
no.1 soap set,ந.1 சோப் செட்,40.0
nycil Rs.40,nycil Rs.40,40.0
Eclairs candyman Rs.110,Rs.110 Eclairs candyman ,110.0
santoor,சந்தூர் சோப்பு,65.0
santoor soap Rs.33,Rs.33 சந்தூர் சோப்பு,33.0
aval,அவுல்,70.0
dish paper,டிஷ் பேப்பர்,55.0
good day Rs.10 dazan (12),Rs.10குட் டே dazan (12),120.0
sanfeast Rs.10,sanfeast Rs.10,10.0
medimix Rs.28,Rs.28 medimix,28.0
candyman eclairs Rs.110,Rs.110candyman eclairs,110.0
candyman(c) lacto Rs.110,Rs.110candyman(c) lacto,110.0
candyman eclairs Rs.50,Rs.50 candyman eclairs pkt,50.0
candyman (c)double Rs.110, Rs.110candyman choco double,110.0
pericham pazham.Rs.254,pericham pazham.Rs.254,254.0
bovonto 1.50ltr,1.50ltr போவோன்டொ ,80.0
salt uppu sippam,சால்ட் உப்பு சிப்பம்,300.0
kal uppu sippam,கல் உப்பு சிப்பம்,300.0
harpic 500ml blue Rs.93,500ml ஹார்பிக் நீலம் Rs.93,93.0
Eclairs 2in1,Eclairs 2in1,50.0
sombu.,சோம்பு,300.0
sombu.Rs.5 attai,சோம்பு.Rs.5 attai,60.0
water 1.use cup saram,water 1.use cup saram,100.0
water 1.use cup saram 210ml,water 1.use cup saram 210ml,100.0
gems Rs.5,Rs.5 Gems,5.0
marrie gold Rs.10 box,marrie gold Rs.10 box,720.0
basmathi unity rice ,basmathi unity rice ,150.0
kungumam Rs.3,Rs.3குங்குமம்,3.0
7up 2.25ltr,7up 2.25ltr,99.0
7up 1.25ltr,7up 1.25ltr,60.0
thiri nool Rs.3,Rs.3.திரி  நூல்,3.0
bounce Rs.10,bounce Rs.10,10.0
slice 600ml,slice 600ml,40.0
surf excel powder Rs.10 saram,Rs.10 சர்ப் பவுடர் சரம்6ps,60.0
imayam RS.32 100g 65 masala,imayam RS.32 100g 65 masala,32.0
nijam Rs.1 saram,Rs.1 நிஜாம்பாக்கு சரம்,50.0
Rice,Rice,40.0
kothumai rava matharland 500g,500gகோதுமை ரவை மதர்லாந்து,54.0
bovonto 600ml,bovonto 600ml,35.0
vella thatta payir,வெள்ள தட்டைபயிர்,150.0
thiri nool Rs.2 pkt,Rs.2 திரி நூல் pkt,120.0
thiri nool Rs.1 pkt,Rs.1 திரி நூல் pkt,60.0
nei aachi 200ml ,200ml ஆச்சி நெய்,192.0
all clear Rs.2 saram,Rs.2 All Clear சரம்,32.0
bounce Rs.5 (1dozan,bounce Rs.5 (1dozan,60.0
theepam yennaie 50ml saram,50mlதீபம் எண்ணெய் சரம்,10.0
perunkayathool SM 10g,10g avm பெருங்காயத்தூள்,15.0
indica easy Rs.25(6ps.saram, Rs.25 indica easy சரம்6ps,162.0
perungayathool SM 10g pkt(10ps),10g SM காய்த்தூள்pkt(10ps),100.0
yerumpu marunthu(1pai),எறும்பு மருந்து (1பை),200.0
perungayathool SM 25g ,25g காய்த்தூள் SM,40.0
bashmathi rice25kg,பாஸ்மதி ரைஸ்25kg,2250.0
perungayam katti 25g pkt(10ps),25g பெருங்காயம் SM pkt(10ps),350.0
perumkayam katti (SM) Rs.40,Rs.40 பெரும்காயம் SM,40.0
milaguthool 50g,50g  சக்தி மிளகுத்தூள் ,65.0
sambar podi 100g ,100g சாம்பார் பொடி,56.0
milagai thool 100g ,100gமிளகாய்த்தூள் ,55.0
hunter ஈ மருந்து 24ps,hunter ஈ மருந்து 24ps,240.0
hunder ஈ மருந்து,hunder ஈ மருந்து,24.0
hunter கரப்பான் 24ps,hunter கரப்பான் 24ps,480.0
hunter கரப்பான்,hunter கரப்பான்,20.0
con chips box,கான் சிப்ஸ் பாக்ஸ்,850.0
dabur red paste Rs10 dozen,Rs10dabur red paste  dozen,120.0
bounce Rs.10 dozen,bounce Rs.10 dozen,120.0
maha laddu Rs.50,maha laddu Rs.50,50.0
EvereadyAA battery Rs.15 attai,EvereadyAA battery Rs.15 attai,150.0
EvereadyAAA battery Rs.17 attai,EvereadyAAA battery Rs.17 attai,170.0
moove spray Rs.72,moove spray Rs.72,72.0
idli podi Rs10,Rs10 இட்லி பொடி,10.0
tiger parlege Rs.3(1pai,Rs.3டைகர் பார்லே ஜி(1pai,72.0
levista Rs130,levista Rs130,130.0
Rin liquid 800ml,800ml ரின் liquid,125.0
paani poori cup 100ps,100ps பாணி பூரி கப்,100.0
colgate maxfresh Rs10,Rs10 colgate maxfresh ,10.0
basmathi MATR rice ,basmathi MATR rice ,85.0
vanaspathi(gold.w)dalda 1ltr,1ltr vanas(g.w)டால்டா,163.0
santhanam ,சந்தனம்,20.0
lifebuoy soap set Rs.225,lifebuoy soap set Rs.225,225.0
kal uppu No.1, No.1கல் உப்பு,18.0
kal uppu No.1 sippam, No.1கல் உப்பு சிப்பம்,300.0
margo Rs.42,margo Rs.42,42.0
thani milagaithool Rs.10,Rs.10 தனி மிளகாய் தூள்,10.0
computer sambrani ottagam(bntl)10ps,க.சா.ஒட்டகம்(1௦ps,180.0
computer sambrani ottagam1ps,க.சா.ஒட்டகம்1ps,24.0
nijam pakku rs.0.50paisa(250,Rs.௦.50பைசா நிஜாம்பாக்கு250ps.pkt,125.0
idli podi Rs.5 saram (rasathi),Rs.5 இட்லிபொடிசரம்(ராசாத்தி,50.0
perumkaya thool(aram)Rs.2 saram,Rs.2காயதூள்சரம்(ஆரம்,40.0
milaguthool Rs.10 saram(rasathi),Rs.10மிளகுதூள்சரம்(ராசாத்தி),200.0
nool kandu(ve)Rs10,Rs.10 வெள்ள நூல்கண்டு,10.0
kalla mittai Rs.5(jar),Rs.5 கள்ளமிட்டாய் jar,200.0
soodam Rs.20 pkt,Rs.20 சூடம் pkt,25.0
arasan soap Rs.13 box,Rs.13 அரசன் சோப் box,780.0
Fair & lovely 50g,Fair & lovely 50g,118.0
arasan soap Rs.20 box,Rs.20அரசன் சோப்பு box,1200.0
oil idhayam mantra (M) 2.ltr bottle,2.ltrஇதயம்மந்த்ரா(ம),387.0
mountain dew Rs.30,Rs.30mountain dew tin,30.0
pepsi 2.25ltr,pepsi 2.25ltr,99.0
pepsi 750ml,pepsi 750ml,40.0
pepsi 1.25ltr,pepsi 1.25ltr,60.0
mirinda 750ml,mirinda 750ml,40.0
bovonto 1.5ltr,bovonto 1.5ltr,70.0
mirinda 250ml,mirinda 250ml,15.0
mirinda 2.25ml ,mirinda 2.25ml ,99.0
7up 750ml,7up 750ml,40.0
perungayam katti 25g SM,25g SM காய கட்டி,35.0
oil muyal vilakenai 50ml,50ml மு.வி.எண்ணெய்,20.0
thu.paruppu no.1(1kg),1kgது.பருப்பு no.1,120.0
bajji mavu rasathi 200g,200g ராசாத்தி பஜ்ஜிமாவு,40.0
semiyaa (pa)true Rs.10, Rs.10சேமியாtrue(பாயசம்,10.0
semiyaa(pa) true 150gm,150gmசேமியாtrueபாயாசம்,16.0
semiyaa (pa)true 900gm,900gmசேமியாtrueபாயாசம்,80.0
semiyaa anil pai 200g(20ps),180g(20ps)அணில்சேமியா பை,400.0
semiyaa(naga) 140g pkt,140g.சேமியா.பா.செவ்ரைட்,17.0
stayfree dry.Rs37,stayfree dry.Rs37,37.0
bread (full size),bread (full size),45.0
pineapple essence,pineapple essence,40.0
cinthol block Rs.10(12ps),Rs.10cinthol block(12ps) ,120.0
cinthol(cool) Rs.10(12ps),Rs.10cinthol(cool)(12ps),120.0
basmathi MATR rice 25kg,MATR பாஸ்மதி 25kg,1800.0
cinthol (og) Rs.10 (12ps),Rs.10cinthol (og) (12ps),120.0
cinthol (lime) Rs.10 (12pcs),Rs.10cinthol (lime) (12pcs),120.0
cinthol (block)Rs.10(12ps),Rs.10cinthol (block)(12ps),120.0
cinthol (lime)Rs.10,Rs.10cinthol (lime)மஞ்சள்,10.0
cinthol(cool) Rs.10,Rs.10 cinthol(cool)நிலம்,10.0
cinthol (og)Rs.10,Rs.10cinthol (og)சிவப்பு,10.0
cinthol original Rs.30,Rs.30சிந்தால் original,30.0
cinthol original soap Rs.40,Rs.40 cinthol original soap ,40.0
clinic plus shampoo 1Rs saram,1.Rs கிளினிக்+சரம்,16.0
rusk britanniya Rs.35,Rs.35 rusk britanniya ,30.0
spinz bb (face talc)40g,spinz bb (face talc)40g,65.0
clinic plus anti-darudruff 170ml,170ml clinic plus anti-darudruff ,140.0
nutri choice Rs.10,Rs.10 Nutri Choice,10.0
karunjiragam 100g,100g கருஞ்சீரகம் ,60.0
surf LIQ1ltr(t&l) Rs.199,surf LIQ1ltr(t&l) Rs.199,199.0
super max blade 1box,super max blade 1box,24.0
tprg 3ml,tprg 3ml,38.0
chikkan masala Rs10 saram,Rs.10 சிக்கன் மசாலா சரம்,100.0
marrie gold Rs.18 box,marrie gold Rs.18 box,900.0
ponds Rs.10,Rs.10 பாண்ட்ஸ் பவுடர்,10.0
EXpert Rs.5,Rs.5 எக்ஸ்பெர்ட் soap,5.0
EXpert Rs.10,Rs.10 எக்ஸ்பெர்ட் soap,10.0
EXpert Rs.10 POWDER,Rs.10 எக்ஸ்பெர்ட் பவுடர்,10.0
EXpert Rs.10 POWDER 12ps,Rs.10 எக்ஸ்பெர்ட் 12PS,120.0
pro ease XL pad Rs.30,pro ease XL pad Rs.30,30.0
sapina powder 400g,400g சபீனா பவுடர்,14.0
sapina powder 450g,450g சபீனா பவுடர்,18.0
pediasure 200g,pediasure 200g,350.0
pediasure 200g jar,pediasure 200g jar,350.0
pediyasure 400g rifil,pediyasure 400g rifil,565.0
Ensure 400g rifil,Ensure 400g rifil,580.0
Ensure 200g rifil,Ensure 200g rifil,300.0
Ensure choco 400g rifil,Ensure choco 400g rifil,580.0
Ensure vannila 200g rifil,Ensure vannila 200g rifil,300.0
Ensure choco 200g rifil,Ensure choco 200g rifil,300.0
Ensure vannila 400g rifil,Ensure vannila 400g rifil,590.0
Mr.gold (SF) 1.ltr,Mr.gold (SF) 1.ltr,215.0
Mr.gold Rs.10,Rs.10 Mr.கோல்டு sf,10.0
Mr.gold Rs.10 saram,Rs.10 Mr.கோல்டு சரம்,10.0
pediyasure vanilla 400g rifil,400g pediyasure vanilla rifil,565.0
pediasure choco 200g jar, 200g jar pediasure choco,330.0
curry cup 100ps,100ps கரி கப்,100.0
ragam aththi ,ராகம் அத்தி,160.0
ragam nuts&fruits 500g,ragam nuts&fruits 500g,350.0
pediasure choco 400g jar,400g பீடியசூர் சாக்கோ jar,610.0
pediasure choco200g rifil,200g rifil pediasure choco,320.0
pediasure vannila 200g rifil,200g rifil pediasure vannila ,650.0
pediasure vannila 400g rifil,400g rifil pediasure vannila ,590.0
pediasure vannila 200g jar,200g jar pediasure vannila ,350.0
water 1.ltr box ,1.ltr water box ,240.0
peedi ganesh NO;1 bundle,NO;1 கணேஷ் பீடிbundle,400.0
theepetti 2kili (1bundle,தீபெட்டி2கிளி(பண்டல்,100.0
peedi ganesh NO;1 Rs.20,Rs.20 கணேஷ்பீடி.கத்தை,25.0
theepetti 2kili wax (1box),தீபெட்டி2கிளி மெழுகு(1box),100.0
theepetti 2kili wax (1bundle),தீபெட்டி2கிளி மெழுகு பண்டல்,100.0
thani milagai thool Rs.5 saram,Rs.5 தனி.மி.தூள் சரம்,50.0
meen varuval masala Rs10 saram,Rs10 மீன் வறுவல் சரம் ,100.0
meen kuzhampu masala 10 saram,Rs.10 மீன் .குழம்பு சரம்,100.0
malli thool Rs.10 saram,Rs.10 மல்லிதூள் சரம்,100.0
karam மசாலா Rs.10 saram,Rs.10 கரம் மசாலா சரம்,100.0
rasa podi Rs.10 SARAM,RS.10 ரச பொடி saram  ,100.0
karam மசாலா Rs.10 ,Rs.10 கரம் மசாலா,10.0
rasa podi Rs.10,Rs.10 ரச பொடி,10.0
sambar podi Rs.10 saram,Rs.10சாம்பார்பொடி சரம்,100.0
manjal thool Rs.10,Rs.10 மஞ்சள் தூள்,10.0
manjalthool Rs.5,Rs.5 மஞ்சள் தூள்,5.0
Rin liguid 430ml,Rin liguid 430ml,70.0
surf excel (Q&W)powder 1.kg,1.kg சர்ப் எக்சல் பவுடர் (Q&W),234.0
nandhi  1kg,nandhi  1kg,40.0
lighter elite,Butterfiy Elite Gas Lighter,130.0
lighter elegant ,Butterfiy Elegant Gas Lighter,145.0
tiger cream biscuit Rs.5(dazon),Rs.5 டைகர் கிரீம் பிஸ்கட் பை(12ps),60.0
marie lite Rs.10(dazon),Rs.10 மேரிலைட் பை,120.0
marie gold Rs.28 box,Rs.28 marie gold box,840.0
surf excel soup.Rs.20 BOX,Rs.20 surf excel BOX SOAP,2000.0
3roses Rs.2(1pai),3roses Rs.2(பை),100.0
ginger garlic paste Rs.5,ginger garlic paste Rs.5,5.0
basmathi rice 1.Kg ,basmathi rice 1.Kg ,150.0
oil R,oil R,1400.0
spoon paani poori 100ps,100ps spoon paani poori ,50.0
oil R box,oil R box,1400.0
gillete Rs.blade,gillete Rs.blade,10.0
parcel cover silver,parcel cover silver,100.0
parcel cover white(10*10),10*10 பட்டர் ஷீட் ஒயஂடஂ,100.0
moong tal Rs.5 saram,Rs.5 மூங் டால் சரம்,60.0
soan papti 250g,250g சோம்பப்டி,65.0
soan papti 100g,100g சோம்பப்டி,30.0
nivaaran 90,நிவாரண் 90,5.0
nivaaran 90 saram,நிவாரண் 90 சரம் 20PCS,100.0
narasus 200g,200g  நரசுஸ் Ins Extra Strong,219.0
narasus extra strong200g,200g நரசுஸ்(e.strong),164.0
narasus insta srong 50g,50gநரசுஸ்(in.strong),90.0
narasus (pb)100g,100g  நரசுஸ்(pb),64.0
narasus vasantham100g,100g நரசுஸ் வசந்தம்,33.0
narasus insta srong Rs.10,Rs.10 நரசுஸ்insta strong,10.0
narasus in.strong Rs.5 saram,Rs.5நரசுஸ் insta strongsசரம்,50.0
narasus insta strong Rs.2,Rs.2நரசுஸ் insta strong,24.0
comfort Rs.4 ,கம்போர்ட் Rs.4 ,4.0
narasus pure insta 50g JAR,50g JARநரசுஸ் pure instant,144.0
levista coffee Rs.2 SARAM,levista coffee Rs.2சரம்,24.0
narasus insta strong 50g JAR,50g JARநரசுஸ்insta strong ,109.0
narasus pure instant 50g pkt, 50g pkt நரசுஸ்pure instant,95.0
colgate STONG  Rs10,colgate STONG  Rs10,10.0
narasus udhayam 100g.pkt,100g.pktநரசுஸ் உதயம்,57.0
semiyaa raagi(narasus) 180g,180gராகிசேமியா நரசுஸ்,25.0
semiyaa kothumai(narasus)180g,180g.கோதுமை.சேமியா.நரசுஸ்,29.0
paani poori kit Rs.60,Rs.60 paani poori kit ,60.0
paani poori kit Rs.40,Rs.40 paani poori kit,40.0
pro-ease xl Rs.30,pro-ease xl Rs.30,30.0
varaku arisi,வரகுஅரிசி kg,120.0
saamai arisi,சாமை அரிசி,140.0
idli podi aachi 500g,500gஇட்லிபொடி ஆச்சி,140.0
cd b natural (ornge)180ml 1ps,180mlb natural(ornge) ,20.0
cd b natural orange180ml(1kase),180ml(b)natural orange(1kase),400.0
water box 500ml box,water box 500ml box,200.0
milaga atta Rs.5,Rs.5 மிளகா அட்டை,60.0
bingo Rs.10 saram,Rs.10பிங்கோ சரம்,120.0
vivel cool Rs.10,Rs.10 vivel cool soap,10.0
vivel cool Rs.10 (dozen), Rs.10 vivel cool(dozen),120.0
vivel aloevera Rs.10,Rs.10 vivel aloevera ,10.0
vivel aloevera Rs.10(dozen),Rs.10 vivel aloevera (dozen),120.0
vivel aloevera Rs.30,Rs.30 vivel aloevera,30.0
vivel aloevera Rs.36,Rs.36 vivel aloevera,36.0
vivel lotus Rs.33,Rs.33 vivel lotus ,33.0
athurasam pkt,அதுரசம்pkt,90.0
acit(germichec)500ml,500ml.ஆசிட்(germichec),65.0
bingo Rs.10 ,Rs.10பிங்கோ ,10.0
harpic 900ml,harpic 900ml,167.0
sowdambigaa,Rs.50 சௌடாம்பிகா ஸ்நாக்100g,50.0
theepam yennaie 200ML,200ml தீபம் எண்ணெய் பாட்டில்,55.0
vasmol hair oil 200ML,vasmol hair oil 200ML,90.0
michar murukku Rs.10 bundle,Rs.10 முறுக்கு bundle,100.0
slice Rs.10 ,slice Rs.10 ,10.0
rasna powder orange Rs.95,Rs.95 ரஸ்னா பவுடர்,95.0
nannari sarpath bottel,நன்னாரி சர்பத் பாட்டல்,90.0
paani poori vaththal 1kg,1kg பானிபூரி வத்தல்,160.0
rasna powder lemon Rs.85,rasna powder lemon Rs.85,95.0
noodles (egg)1kg,1kg (egg)நூடல்ஸ்,110.0
dall paruppu,டால் பருப்பு,100.0
thodapam apple broom Rs.165,Rs.165 apple broom  1,165.0
staino tiles cliner 550ml,550ml staino tiles cliner,160.0
staino 550ml Rs.150,550ml Rs.150 staino,150.0
j attar,ஜே.அத்தர்,38.0
muyal vilakenai 50ml saram,50ml மு.வி.எண்ணெய் சரம்,250.0
oil idhayam nallennai 50ml saram,50ml இதயம்(ந.எ)சரம்,160.0
muyal vilakenai 50ml,50ml மு.வி.எண்ணெய்,25.0
muyal vilakkenna 100ml saram,100mlமு.வி.எண்ணெய் சரம்,400.0
muyal vilakkenai 500ml,500ml முயல் வி. எண்ணெய்,135.0
domex active green Rs.98,Rs.98 domex active green ,98.0
domex floor cleaner Rs.99,Rs.99 domex floor cleaner,99.0
vim bar Rs.26,vim bar Rs.26,26.0
parcel sambar cover 4.6(1/2kg),parcel sambar cover 4.6(1/2kg),80.0
parcel cover  white (14*14mm),parcel cover  white (14*14mm),100.0
table role(s)size,table role(s)size,80.0
inji poondu paste Rs.5 saram,Rs.5 AK இஞ்சி பூண்டு பேஸ்ட் சரம்,50.0
badham mass 200g,200g பாதாம் மாஸ்,110.0
thodapam galaxygough ,thodapam galaxygough ,150.0
indica easy Rs.27 , Rs.27 indica easy,30.0
thuvaramparuppu NO.2,NO.2  து.பருப்பு,150.0
yardley soap set Rs.180,Rs.180 yardley soap set,180.0
meera herbal Rs.4,Rs.4 meera herbal,4.0
cd Rs10 localbrand mango 200ml,cd local brand Rs.10(1k)மேங்கோ,300.0
dairymilk Rs.40(box), Rs.40டைரிமில்க்(box),1200.0
salt uppu(aynaran)(1/2)sippam,salt (aynaran)(1/2)சிப்பம்,250.0
Rin soap Rs.10 dazen ,Rin soap Rs.10 dazen ,120.0
salt uppu ayngaran 1kg sippam,salt ayngaran 1kg சிப்பம்,300.0
gokul santol soap set Rs.120,Rs.120gokul santol soap set ,120.0
sombu thool 50g ,50g சோம்பு தூள்,32.0
santhanam 1.box ,சந்தனம் 1.box ,25.0
santhanam villai 50g pkt,50gசந்தனம்வில்லைpkt,8.0
santhanam 50g villai 1kg ,50g சந்தனம் .villai.1kg,160.0
santhanam 100g villai 1.kg,100gசந்தனம்villai 1.kg,160.0
santhanam 100g villai pkt,100g சந்தனம் villai pkt,16.0
Rin liquid 200ml ,Rin liquid 200ml ,38.0
woodwards Rs.75, Rs.75 woodwards,75.0
white paper 1quere,Rs.20white paper 1quere,20.0
rooled paper 1quere Rs.20,Rs.20rooled paper1quere ,20.0
apsara pencil10ps.Rs50,Rs50apsara pencil10ps,50.0
natraj scale 1/2 adiRs.50,Rs.50 natraj scale 1/2 adi,50.0
natraj scale 1adi Rs.120,Rs.120 natraj scale 1adi,120.0
apsara eraser Rs.60,ரூ.60 அப்சரா ரப்பர்,60.0
natraj sharpner Rs.60,Rs.60 natraj sharpner ,60.0
pen Rs.5 pkt Rs.30,pen Rs.5 pkt Rs.30,30.0
cinthol soap(b)Rs.42,Rs.42 cinthol soap(b),42.0
kuzhampu மி.தூள் Rs.10,Rs.10  ஆச்சி குழம்பு மி.தூள்,10.0
peedi kanesh 1/2 bundal,கனேஷ் பீடி1/2 பண்டல்,200.0
peedi no.1kanesh 1/2 bundal,no.1கனேஷ் பீடி1/2 பண்டல்,200.0
lashmi gold green,லஷ்மி கோல்ட் கிரீன்,1200.0
24 karot  puzhunkal 30kg,24காரட் புழுங்கல் 30kg,2750.0
naattu sakkara nutri 1/2.kg,1/2.kgநாட்டுசக்கரnutri,55.0
soodam 25g katti 1/2pkt,25gkகட்டிசூடம்1/2pkt,800.0
soodam Rs.15 katti,Rs.15 கட்டிசூடம்,15.0
abisegam settu(pig),அபிசேகம்செட்டு (பெருசு),100.0
abisegam settu(small),அபிசேகம்செட்டு(சின்னது),75.0
javathu powder(s),சவ்வாது பவுடர்(s),32.0
ponni rice 1kg,1kg பொன்னி அரிசி,60.0
"kambu mavu ramana,s 500g",500g கம்பு மாவு ரமணாஸ்,43.0
surf excel liq(t&l)1ltr pkt,surf excel liq(t&l)1ltr pkt,175.0
mittaiye powder(o&r) (box),mittaiye powder(o&r) (box),60.0
theepam yennaie 1.ltr,1ltrதீபம்எண்ணெய்,210.0
theepam yennaie 400ml,400mlதீபம் எண்ணெய்,110.0
vaththi Rs.10,Rs.10வத்தி,10.0
vaththi Rs.10(bundle),Rs.10வத்திபண்டல்,120.0
vaththi Rs.5(bundle),Rs.5வத்தி பண்டல்,60.0
broom safar galaxy Rs.265 ,Rs.265 broom safar galaxy ,265.0
tiger balm,tiger balm,55.0
happy happy Rs.10,Rs.10 ஹேப்பி ஹேப்பி,10.0
annai dates200g(1+1),200g(1+1)அன்னை டேட்ஸ் ,84.0
annai dates black200g,200g அன்னைடேட்ஸ்(கருப்பு),133.0
annai dates 750g jar,750g jarஅன்னைடேட்ஸ்,150.0
EXO soap Rs.5,Rs.5 EXO Soap,5.0
EXO soap Rs.10,Rs.10 EXO soap,10.0
EXO soap Rs.5(box),Rs.5EXO soap(box),1080.0
EXO soap Rs.10(box),Rs.10 EXO soap (box),1440.0
santoor Rs.10,Rs.10சந்தூர் சோப்பு,10.0
samayal 100ml saram,100mlசமயல்oilசரம்,15.0
mate,மேட்,60.0
thodapam alif 5d steel broom,thodapam alif 5d steel broom,185.0
alif 5d steel broom no;5,alif 5d steel broom no;5,185.0
galaxygough broom no;4 ,galaxygough broom no;4 ,129.0
alif pipe broom no;2 ,alif pipe broom no;2 ,165.0
apple broom no;1,apple broom no;1,165.0
nature power,nature power,36.0
parachute Rs.10,Rs.10 பாராசூட்,10.0
goldwinner 200ml,goldwinner 200ml,40.0
moong tal Rs.5,Rs.5 மூங் டால் சரம் ,60.0
naattu sakkara 1.(kg),1kg நாட்டுசக்கர,110.0
poondu periyathu,பூண்டு பெரியது,120.0
jasmine Rs.75,jasmine Rs.75,75.0
cooldrings Rs.10,cooldrings Rs.10,10.0
mezhuvarthi Rs.25,Rs.2.5 மெழுகுவர்த்தி  (10p) pkt,25.0
mezhuvarthi Rs.35 pkt,Rs.35 pktமெழுவர்த்தி,35.0
mezhuvarthi Rs.60 pkt,Rs.60 pktமெழுவர்த்தி,60.0
choclate Rs10,choclate Rs10,10.0
nei GRB 500ml,500ml GRB நெய்,489.0
Rin liquid ALA 200ml ,Rin liquid ALA 200ml ,42.0
Rin liquid ALA 800ml,Rin liquid ALA 800ml,120.0
Rin liguid ALA 430ml,Rin liguid ALA 430ml,70.0
naatu ponni kg,நாட்டுபொன்னி,60.0
bothroom brush Rs.100,bothroom brush Rs.100,100.0
sunfeast Rs.25,sunfeast Rs.25,25.0
broom alif pipe,broom alif pipe,165.0
bread Rs.25,bread Rs.25,25.0
picle Rs.1,picle Rs.1,1.0
marie vitta Rs.20,marie vitta Rs.20,20.0
soan papti ghee 130g,soan papti ghee 130g,39.0
bun Rs.25,Rs.30 பன் (5P) pkt,25.0
happy happy Rs.5,happy happy Rs.5,5.0
oral b brush Rs.30,oral b brush Rs.30,30.0
j.attar Rs.75,j.attar Rs.75,75.0
kothumai rava elite Rs.48,Rs.48கோதுமை ரவா elite,48.0
dove shampoo Rs.90,dove shampoo Rs.90,95.0
dairymilk Rs.160,dairymilk Rs.160,160.0
Frooty  600ml ,600ml ப்ரூட்டி,40.0
Frooty 2.ltr,1.8 ltr ப்ரூட்டி,100.0
yellu mittaie Rs.20,Rs.20 எள்ளு மிட்டாய்,20.0
alvaa Rs.65,Rs.65அல்வா,65.0
Rin soap Rs.10 (1.dazen) ,Rs.10ரின் சோப்பு (1.dazen) ,120.0
kari pattai  1ps Rs.10,Rs.10 கறி பட்ட 1ps ,15.0
medimix Rs.32,Rs.32 மெடிமிக்ஸ்,32.0
pepsi 250ml,pepsi 250ml,20.0
Eveready Rs.15,Eveready Rs.15,15.0
pepper 999(500g),pepper 999(500g),120.0
marie gold Rs.10 (1.dazon),Rs.10மேரி கோல்ட் டசன்,120.0
lakshmi gold blue 1.kg,லஷ்மிகோல்ட் 1.kg,45.0
thiri nool Rs.2 ps,Rs.2 திரிநூல் ps,2.0
himalaya soap Rs.72.,himalaya soap Rs.72.,72.0
spin MAAF 12,spinமாப்,200.0
7 up 250ml ,7 up 250ml ,20.0
dove shampoo 80ml,80ml டவ் ஷாம்பூ,71.0
nei GRP 200ml jar,200ml GRP நெய் jar,182.0
pen Rs.3 pkt Rs.80,pen Rs.3 pkt Rs.80,80.0
vim lemon liqid Rs.52,vim lemon liqid Rs.52,52.0
pepsodent rs14 brush,pepsodent rs14 brush,14.0
jothi appalam 200g ,200g ஜோதிஅப்பளம் ,55.0
parle-G Rs.7,parle-G Rs.7,7.0
lalidha kurunai 1kg,lalidha kurunai 1kg,30.0
stayfree dry.Rs32,stayfree dry.Rs32,32.0
oil sunfure 1ltr,oil sunfure 1ltr,165.0
polmolein(taste me) 1.ltr,1.ltr(polmolein(taste me) ,160.0
polmolein(taste me) 1.ltr.box,1.ltr.box.polmolein(taste me) ,1600.0
poondu (sinnathu),பூண்டு சின்னது,100.0
swipol LIQ detergent 1ltr,1ltr.swipol LIQ detergent,180.0
narasus Rs.5,Rs.5 நரசுஸ்,5.0
7up 250ml,7up 250ml,20.0
kambu mavu (suyora)500g,500gகம்புமாவு(சுயோரா),32.0
bajji mavu sakthi 500g,500g சக்தி பஜ்ஜிமாவு,104.0
bru Rs.10 (1பை)(3 saram),bru Rs.10 (1பை)(3 saram),360.0
radha gold 1ltr,ராதா gold 1ltr,190.0
meera seekaie Rs.34,Rs.34 மீரா சீக்காய்,34.0
kuzhampu மி.தூள் Rs.10சரம்,Rs.10ஆச்சி குழம்பு மி.தூள் சரம்,100.0
surf excel powder Rs.2 saram, Rs.2சரம்surf excel powder,24.0
yardley(POWDER) Rs.49,yardley(POWDER) Rs.49,49.0
bahubali rice 1.kg,bahubali rice 1.kg,50.0
gillete cream 25g Rs.25,gillete cream 25g Rs.25,25.0
gillete cream125g Rs.49,gillete cream125g Rs.49,49.0
oral b brush Rs.20 attai,oral b brush Rs.20 attai,300.0
vicks Rs.1 jar,vicks Rs.1 jar,205.0
vicks vaporub 5ml,5ml விக்ஸ் வேபோரப்,25.0
pantene shampoo Rs.4 saram,Rs.4 pantene shampoo saram,64.0
head & shoulder Rs.85,head & shoulder Rs.85,85.0
gillete guard.3pcs Rs.35,gillete guard.3pcs Rs.35,35.0
tide 1.kg,1.kg டைடு + பவுடர்,152.0
arial (T&L)1.ltr RS.220,ஏரியல் (T&L)1.ltr RS.220,230.0
arial (F&L)1.ltr Rs.250,1.ltr ஏரியல் FL,250.0
arial(T&L)500ml Rs.109,arial(T&L)500ml Rs.109,109.0
arial(F&L)500ml Rs.125,ஏரியல்(F&L)500ml Rs.125,125.0
arial Rs.2 saram,ஏரியல் பவுடர்Rs.2 saram,24.0
arial powder 500g Rs.105,Rs.105 ஏரியல் பவுடர் 500g ,105.0
pampers Rs.46 ,pampers Rs.46 ,46.0
pampers Rs.38,pampers Rs.38,38.0
idli podi Rs.10 achi saram,Rs.10இட்லிachi saram,100.0
hamam soap Rs.10(1.dazan),Rs.10 ஹமாம் சோப்(1.dazan),120.0
lifebuoy soap Rs.10(1.dozen),Rs.10.லைபாய் டசன்,120.0
Frooty Rs.10,Rs.10 ப்ரூட்டி,10.0
7up 250ml tin,7up 250ml tin,35.0
pepsi 250ml tin,pepsi 250ml tin,35.0
mirinda 250ml tin,mirinda 250ml tin,35.0
cd pepsi 250ml tin kase,cd pepsi 250ml tin kase,700.0
cd mirinda 250ml tin kase,mirinda 250ml tin kase,700.0
comfy Rs.20,comfy Rs.20,20.0
sls torget KG,sls torget KG,50.0
goorej expert (original) 1.PCS,goorej expert (original) 1.PCS,20.0
maap,மாப்,150.0
lux soap white Rs.35,Rs.35லக்ஸ் சோப்பு ஒயிட்,35.0
lux (white)soap Rs.10,Rs.10 lux (white)soap,10.0
lux soap Rs.10 (1.dozen),Rs.10 lux soap (1.dozen),120.0
horlicks mother 200g,horlicks mother 200g,210.0
dove shampoo 180ml,180ml டவ் ஷாம்பூ ,170.0
boost Rs.2 saram,Rs.2 பூஸ்ட் சரம்,24.0
vibro 500ml,500ml Vibro ,40.0
paani poori cup 50ps,50ps பாணி பூரி கப்,50.0
oil gold king(sf) 1ltr,oil gold king(sf) 1ltr,170.0
maithaa gold 10kg pai,10kg கோல்ட் மைதா பை,480.0
parcel cover silver 1pkt,1pkt parcel cover silver,100.0
tic tac Rs.10,tic tac Rs.10,10.0
kitkat Rs.25 1pcs,kitkat Rs.25 1pcs,25.0
Frooty 1.200ML,1.2 L ப்ரூட்டி,75.0
vathi Rs.70 balaji amirtha,Rs.70வத்தி பாலாஜிஅமிர்தா,70.0
vathi Rs.55 balaji amirtha,Rs.55வத்தி பாலாஜிஅமிர்தா,55.0
comfort kosu vathi Rs.192,Rs.192 கம்போர்ட் கொசுவத்தி,192.0
carry bag(s) Rs.10 pkt,carry bag(s) Rs.10 pkt,20.0
carry bag (m)Rs.20 pkt,carry bag (m)Rs.20 pkt,40.0
1/4 cover 1kg,1/4 முடிச்சு கவர் 1kg,250.0
karthika red shampoo 100ml,100mlகார்த்திகாரெட் ஷாம்பூ,52.0
mate paniyan,மேட் பனியன்,50.0
colgatesalt  200G,200g கோல்கட்சால்ட் ,107.0
semiya (naga)p 1kg,1kgபா.சேமியா(நாகா),94.0
jothi appalam Rs.10,50g ஜோதி அப்பளம்,13.0
pernchiraga Rs.5 atta,Rs.5பெருஞ்சிரக அட்ட,60.0
winkin cow 1ksae 30ps,winkin cow 1ksae 30ps,900.0
treat choco Rs.5 jar,treat choco Rs.5 jar,150.0
treat staberry Rs.5 jar,treat staberry Rs.5 jar,150.0
winkin cow Rs.30,winkin cow Rs.30,30.0
medimix Rs.30,Rs.30 medimix,30.0
medimix Rs.10 (1.dozen),medimix Rs.10 (1.dozen),120.0
medimix Rs.10,Rs.10 மெடிமிக்ஸ் சோப்பு,10.0
medimix santol 75g set,75g மெடிமிக்ஸ் சான்டால் set,144.0
tiger krunch Rs.5(dazon),Rs.5 டைகர் கிரச் பிஸ்கட் பை(12ps),60.0
sakkarai 5kg,சக்கரை 5kg,200.0
wonder cake Rs.35,wonder cake Rs.35,35.0
Fried rice masala Rs.10,Fried rice masala Rs.10,10.0
vaththi Rs.2 saram,Rs.2 vaththi saram,24.0
kungumam Rs.3 saram,Rs.3குங்குமம் சரம்,30.0
natraj pencil Rs.50(10ps),natraj pencil Rs.50 (10ps),50.0
pen Rs.4(20ps),pen Rs.4(20ps),80.0
complan clasic 500g jar,500g காம்ப்ளான் jar,319.0
perungayathool Rs.2 saram,Rs.2 பெ.காய.தூள் சரம்,40.0
nool pacha(1ps),nool pacha(1ps),5.0
ragam b(perichai) Rs.228,Rs.228ராகம்(க.பேரிச்சைபழம்,224.0
ragam pereechai Rs.146,Rs.146ராகம் பேரீச்சை,146.0
ragam honey aththi ,ராகம் தேன் அத்தி,262.0
ragam aththi Rs.160,Rs.160ராகம் அத்தி,160.0
dabur red paste(1+1)150g,(1+1)150g( டாபர்ரெட் பேஸ்ட்),141.0
packing powder 100g,packing powder 100g,30.0
mittaiye powder pachai Rs.40,Rs.40 mittaiye pachai(p),50.0
dabur honey 250ml,250ml  டாபர் ஹனி,125.0
dabur honey 100g,100g டாபர் ஹனி,70.0
perungayathool(LDS) 10g,10g LDS பெ.காய தூள்,12.0
perungayathool(LDS)10g kattu,10g LDS(பெ.காய.தூள்)கட்டு,120.0
perungayathool(LDS) 20g,20g LDS(பெ.காய.தூள்),27.0
clinic plus 80ml,கிளினிக்+80ml,57.0
milk biscuit Rs.30,Rs.30.மில்க் பிஸ்கட்,30.0
lux soap white Rs.35.,lux soap white Rs.35.,35.0
yerumpu marunthu Rs.12,Rs.12 எறும்பு மருந்து,12.0
soodam villai Rs.5,Rs.5 வில்லை சூடம் pkt,100.0
soodam villai Rs.5 pkt,Rs.5 வில்லை சூடம்pkt,100.0
soodam Rs.5 katti (pkt),Rs.5சூடம் கட்டி (pkt),100.0
Eveready 9w bulb,Eveready 9w bulb,150.0
ponds sandal Rs.67,Rs.67 போன்ஸ் சாண்டல்,65.0
Eveready bulb 60w (1.bag),Eveready bulb 60w (1.bag),150.0
mittaiye powder pachai Rs.3,Rs.3 மிட்டாய் பவுடர் பச்சை,3.0
vellaikaar idli rice,வெள்ளை கார் அரிசி,35.0
kungumapoo 1pcs,குங்குமபூ 1pcs,130.0
orio Rs.10 (1.dozen),orio Rs.10 (1.dozen),120.0
mobille,mobille,4000.0
kuzhampu மி.தூள் 50g saram,50g ஆச்சி குழம்பு மிளாகாய் தூள் சரம்,180.0
biscute,biscute,20.0
ravai 200g elite,200g ரவை elite,15.0
biriyani masala Rs.15 saram,Rs.15பிரியாணிமசாலாசரம்,150.0
dairymilk Rs.100,Rs.100 டைரிமில்க்,100.0
water gane,வாட்டர் கேன் 20லி,40.0
computer ilai,கம்ப்யூட்டர் இலை,60.0
oil sunlite 1ltr,oil sunlite 1ltr,199.0
margo Rs.35,100g மார்கோ,35.0
avt Rs.5 saram(10ps),avt Rs.5 saram(10ps),50.0
sensodyne 75g(F&g),sensodyne 75g(F&g),120.0
nice cake Rs.60,Rs.1 நைஸ் கேக்,60.0
alvaa Rs.60 dappa,Rs.60அல்வா,60.0
mysore cake Rs.150 jar ,mysore cake Rs.150 jar ,150.0
alvaa Rs.65 pkt,Rs.65அல்வாpkt,85.0
alvaa Rs.200 jar,Rs.200அல்வாjar,200.0
bullet rice 1kg,புல்லெட் அரிசி 1kg,50.0
candyman jar Rs.200,candyman jar Rs.200,200.0
cinthol soap Rs.10(6ps),Rs.10(6ps)cinthol soap ,60.0
kitkat Rs.5(box,kitkat Rs.5(box,300.0
bun Rs.60,Rs.60 பன்  pkt,60.0
Filter no.2,Filter no.2,95.0
mini filter no.2,mini filter no.2,49.0
Flake no.2,Flake no.2,55.0
javathu paste Rs.33,Rs.33ஜவாது பேஸ்ட்,33.0
samBrani mookkudal cup,மூக்குடல் கப் சாம்பராணி,50.0
vathi mookkudal Rs.40,Rs.40 மூக்குடல் வத்தி,40.0
vathi mookkudal Rs.80,Rs.80 மூக்குடல் வத்தி,80.0
thulasi no.2 sippam,துளசி no.2 சிப்பம்,2000.0
gillete(wilkinson)blade Rs.123,gillete(wilkinson)blade Rs.123,123.0
gillete guard.3pcs Rs.28,Rs.28 gillete guard.3pcs,28.0
gillete Rs.10 blade,gillete Rs.10 blade,10.0
meera shampoo Rs.2 saram,Rs.2மீரா ஷாம்பூ சரம்,40.0
spray ks 18ml ,spray ks 18ml ,70.0
boost Rs.2ps,boost Rs.2ps,2.0
marie light Rs.25,Rs.25 மேரிலைட்,25.0
annai dates black250g,annai dates black 250g,133.0
sambar podi Rs.5,Rs.5 ஆச்சி சாம்பார்பொடி,5.0
varaku asisi 500g,varaku asisi 500g,80.0
michar Rs.5 pkt,Rs.5 மிச்சர் பண்டல்,80.0
ponds Rs.9,ponds Rs.9,9.0
siraka thool 50g saram,siraka thool 50g saram,200.0
surukam pattani 1kg,சுருக்கம் பட்டாணி,80.0
surukkam pattani 1kg,சுருக்கம் பட்டாணி,80.0
parcel cover silver 8*10,parcel cover silver 8*10 1kg,120.0
parcel cover silver 5*7 pkt,5*7 சில்வர் கவர் pkt,60.0
imayam masala 500g,500g இமயம் மசாலா,170.0
imayam masala 100g saram.,100g இமயம்masala saram,200.0
oil g.o.s 1.box,oil g.o.s 1.box,1500.0
oil raja gold 1.box,oil raja gold 1.box,1400.0
hamam soap 4+1 set,ஹமாம் சோப் 4+1 set,232.0
surf excel powder 1.5 kg,surf excel powder 1.5 kg,210.0
goodKnight ultra LIQ 1pcs,goodKnight ultra LIQ 1pcs,89.0
vim bar Rs.10(1.dozen),vim bar Rs.10(1.dozen),120.0
vim bar Rs.5 (1.dozen),vim bar Rs.5 (1.dozen),60.0
salt tata isakthi 1kg,1kg tata சால்ட் isakthi,17.0
salt tata isakthi sippam,tata சால்ட் sippam isakthi,425.0
nippo led BULB 9w,9w Nippo led BULB,160.0
nippo led BULB 15w,nippo led BULB 15w,325.0
kanan devan tea 250g,கணன்தேவன் டீ 250g,64.0
britannia cake Rs.10,britannia cake Rs.10,10.0
britannia cake Rs.10 saram,britannia cake Rs.10 saram,120.0
peedi mini kutti 1.box,மினி குட்டி பீடி பாக்ஸ்',200.0
balloon Rs.100 pkt,பலூன் Rs.100 pkt,100.0
palcova Rs.75 jar,Rs.75பால்கோவா jar,75.0
lollipop Rs.2 jar,Rs.2 லாலிபாப் jar,250.0
love zone 1.pkt,love zone 1.pkt,166.0
orange mittai jar 0.50 paisa,orange mittai jar 0.50 paisa,150.0
Friend zone jar,Friend zone jar,200.0
lollipop Rs.1 pkt,Rs.1 லாலிபாப் allwin pkt,60.0
kamar kattu Rs.1 jar,Rs.1கமர் கட்டு jar,60.0
guava mittai 1.pkt,Rs.1 கெய்யா மிட்டாய் pkt,70.0
kulpi lollipop 1.pkt,kulpi lollipop 1.pkt,70.0
pan svc 1.jar ,pan svc 1.jar ,150.0
thamboola mittai 1.jar,thamboola mittai 1.jar,150.0
soodam mittai 1.pkt,சூடம் மிட்டாய் pkt,25.0
rusk rose Rs.10,rusk rose Rs.10,22.0
rusk rose Rs.10 (1.dozen),rusk rose Rs.10(1.dozen),120.0
perungayathool TT 50g,TT.பெருங்காயதூள்50g ,85.0
perungaya katti TT 50g,TT.காய கட்டி 50g,84.0
milagai thool no.1(250g) ,no.1(250g)மிளகாய்தூள்,60.0
lux soap Rs.10 (6.pcs),lux soap Rs.10 (6.pcs),60.0
lifebuoy soap Rs.10(6pcs),Rs.10.லைபாய் (6pcs),60.0
hamam soap Rs.10(6pcs),Rs.10(6pcs)ஹமாம் சோப்,60.0
gopal palpodi Rs.10,Rs.10 கோபால்பல்பொடி,10.0
gopal palpodi Rs.10(10pcs),gopal palpodi Rs.10(10pcs),100.0
masala Rs.5,Rs.5 மசாலா  1ps,5.0
gopal palpodi Rs.15,Rs.15கோபால் பல்பொடி,15.0
rusk classic(elite) Rs.20,Rs.20 classic ரஸ்க் (elite),20.0
rose water Rs.15,Rs.15ரோஸ் வாட்டர் ,15.0
dukes bourbon Rs.5Jar,Rs.5Jar.dukes bourbon,200.0
dukes waffy Rs.150,Rs.150dukes waffy,150.0
compco bar Rs.110, Rs.110 compco bar,110.0
vathi zohri Rs.20,Rs.20வத்திzohri ,20.0
samayal sun raja saram,Rs.10சன் ராஜா சரம்,100.0
tvm (s.f)1.box,tvm (s.f)1.box,1800.0
tvm (s.f)1.ltr.1.box,tvm (s.f)1.ltr.1.box,1800.0
tvm (s.f)1.ltr,tvm (s.f)1.ltr,180.0
tvm (s.f)tin,tvm (s.f)tin,2800.0
semiyaa thlasi(va)150g bag,150g bagதுளசி சேமியா,300.0
Fortune attaa 1kg,1kg.Fortune attaa,57.0
goldwinner 200ml.,goldwinner 200ml.,37.0
goothrej Rs.33 saram,goothrej Rs.33 saram,330.0
steel scrup safaa Rs.15,Rs.15 steel scrup safaa ,15.0
steel scrup safaa Rs.15 atta,Rs.15 atta steel scrup safaa ,180.0
thani milagai thool Rs.10 saram,Rs.10தனி.மி.தூள் சரம்,100.0
parcel cover silver12*12.pkt,12*12silver parcel cover.pkt,100.0
hamam 150g set Rs.171,hamam 150g set Rs.171,171.0
kal uppu sippam nrr,NRRகல் உப்பு சிப்பம்,300.0
cinthol Rs.42,Rs.42 cinthol ,42.0
nycil cool Rs.50,Rs.50 nycil cool ,50.0
arasan soap Rs.26,Rs.26 அரசன் சோப்,26.0
arasan soap Rs.25(dozen), Rs.25(dozen)arasan soap,312.0
vathi 3in1 Rs.10(dozen),Rs.10வத்தி3in1(dozen),120.0
vathi 3in1 Rs.5(dozen),Rs.5வத்தி3in1 (dozen),60.0
kitkat Rs.10 box,kitkat Rs.10 box,420.0
pepar thool white 500g,500g பெப்பர் ஒய்ட் தூள்,70.0
sprite 2.25ltr,2.25ltr sprite ,85.0
sprite 750ml,600ml Sprite ,40.0
sprite 250ml,250ml Sprite,20.0
sprite 300ml tin,sprite 300ml tin,40.0
fanta 300ml tin,300ml tin fanta ,40.0
fanta 2.25ltr,2.25ltr fanta ,99.0
maaza 250ml,250ml MaaZa ,25.0
maaza 600ml,600ml Maaza,42.0
kinly soda 750ml,750ml kinly soda,20.0
limca 250ml,250ml limca ,20.0
cocacola 300ml tin,cocacola 300ml tin,40.0
cocacola 250ml,cocacola 250ml,20.0
cocacola 750ml,750ml cocacola ,40.0
kinly water 1ltr,kinly water 1ltr,20.0
semiyaa thulasi(va)150g bag,150g bagதுளசி சேமியா,300.0
navathaniyam 100g,100gநவதானியம்,50.0
soya peans kg,kg சோயாபின்ஸ்,120.0
ponds megic 100g,100gபாண்ஸ் megic,132.0
nool con Rs.40,Rs.40கோன் நூல்,40.0
samrani Theepam katti paal25g,25gபால் சாம்ப்ராணி தீபம்,20.0
sambrani katti anantham50g,50gகட்டி சாம்ராணி ஆனந்தம்,30.0
sambrani katti anantham 25g,25gகட்டிசாம்ராணிஆனந்தம்,20.0
nool (v)Rs.5 pkt,Rs.5 வெள்ள நூல் pkt,50.0
arasan soap Rs.26(dozen),Rs.26அரசன் நல்ல சோப் டசன்,312.0
note long size Rs.36,note long size Rs.36,36.0
note Rs.32,note Rs.32,32.0
note Rs.15,note Rs.15,20.0
note long size Rs.28,Rs.28 note long size (ruled),36.0
note Rs.18,note Rs.18,32.0
note Rs.15 (4.line),note Rs.15 (4.line),20.0
note Rs.15 (2.line),note Rs.15 (2.line),20.0
note Rs.15 (ruled ),note Rs.15 (ruled ),15.0
note Rs.15 (un ruled),note Rs.15 (un ruled),20.0
note Rs.28 (ruled),note Rs.28 (ruled),36.0
note Rs.28 long size (ruled),Rs.28 note long size(ruled),36.0
note long size Rs.28(un ruled),Rs.28 note long size (ruled),36.0
gillete(wilkinson)bOX Rs.123,gillete(wilkinson)bOX Rs.123,123.0
campco bar Rs.110,Rs.110 campco bar ,110.0
dove shampoo Rs.2,Rs.2 டவ் ஷாம்பூ,2.0
pampers Rs.48 (m)4pants,pampers Rs.48 (m)4pants,48.0
pampers Rs.38(s)4pants,pampers Rs.38(s)4pants,38.0
pampers Rs.54(L)4pants,pampers Rs.54(L)4pants,54.0
meen varuval masala Rs.10,Rs.10 மீன் வருவல்,10.0
7up750ml(1k),7up750ml(1k),912.0
bovonto1.5ltr (1k),bovonto1.5ltr (1k),850.0
bovonto500ml (1.k),bovonto500ml (1.k),960.0
7up 2.250ltr (1.k),7up 2.250ltr (1.k),900.0
silce 1.250ltr (1.k),silce 1.250ltr (1.k),780.0
7up1.25ltr(1k),7up1.25ltr(1k),584.0
7up 250ml tin (1.box),7up 250ml tin (1.box),700.0
pepsi 250ml(1k),pepsi 250ml(1k),600.0
7up 250ml (1k),7up 250ml (1k),600.0
slice Rs.10 tin (1.box),slice Rs.10 tin (1.box),400.0
slice 600ml (1.kase),slice 600ml (1.kase),960.0
cavinsmilkshake Rs30 (1.box),cavinsmilkshake Rs30 (1.box),900.0
vibro500ml (1.k),vibro500ml (1.k),800.0
pepsi 250ml tin (1.k),pepsi 250ml tin (1.k),700.0
mirinda 250ml tin (1.k),mirinda 250ml tin (1.k),700.0
b natural orange180ml(1.k),b natural orange180ml(1.k),400.0
b natural (ornge) 180ml 1ps,b natural (ornge) 180ml 1ps,20.0
munthiri Rs.5,Rs.5 முந்திரி,5.0
vim liguid Rs.119,Rs.119 vim liguid ,119.0
malli thool Rs.10.,Rs.10 மல்லிதூள்,10.0
kinly water1.ltr (1.K),kinly water1.ltr (1.K),300.0
plate size 10.ich,plate size 10.ich,70.0
paani poori cup periyathu,பானிபூரி கப் பெரியது,50.0
oil r.o.s 1.box,oil r.o.s 1.box,1500.0
kalla maavu 10kg pathri,கல்லமாவு 10kg பத்ரி,1000.0
kallamaavu 50kg pathri ,கல்லமாவு 50kg பத்ரி,5000.0
surf excel soup Rs.22 (box),surf excel soup Rs.22 (box),2200.0
surf excel soup Rs.22,Rs.22 சர்ப் சோப்பு,22.0
surf excel soap Rs.22 (dozen),Rs.22 சர்ப் சோப்பு டசன்,264.0
ponds dream.Rs.10 pkt(20ps),ponds Rs.10 pkt(20ps),200.0
j attar Rs.75,j attar Rs.75,75.0
j attar Rs.38,j attar Rs.38,38.0
muttai masala Rs.5 saram, Rs.5முட்டைமசாலாசரம்,50.0
horlicks Rs.2 saram,Rs.2 ஹோர்லிக்ஸ் சரம்,24.0
hamam 100g set (4pcs),ஹமாம் சோப் 100g set (4pcs),140.0
lifebuoy soap Rs.36,125g லைபாய் சோப்,36.0
parcel cover 4*5 pkt,parcel cover 4*5 pkt,60.0
Frooty Rs.10 (1kase),Frooty Rs.10 (1kase),400.0
idli podi iraal 50gm,50gஇறால் இட்லிபொடி,30.0
pepper black suriya 500g,500gblacck peppar suriya,150.0
note Rs.32.(un ruled),note Rs.32.(un ruled),32.0
note Rs.18(ruled),note Rs.18(ruled),32.0
note Rs.18.(un ruled),note Rs.18.(un ruled),32.0
note Rs.18(4.line),note Rs.18(4.line),32.0
note Rs.18(2.line),note Rs.18(2.line),32.0
arasan soap Rs.26 box,Rs.26அரசன் சோப்பு box,1560.0
kopiko big jar Rs.650,கோபிகோ சாக்லேட் jar big,650.0
vathi GDS Rs.10, Rs.10GDSவத்தி,10.0
vathi GDS Rs.10 dozen,Rs.10 GDS வத்தி Dozen,120.0
vathi GDS Rs.5,வத்திGDS Rs.5,5.0
vathi GDS Rs.5 dozen,Rs.5 GDS வத்தி dozen,60.0
challenge Rs.10 soap box,challenge Rs.10 soap box,600.0
michar 1.kg ஓலைபகவடா,1.kg ஓலைபகவடா,135.0
michar 350g ரவுண்டு முறுக்கு,400g ரவுண்டு முறுக்கு,65.0
rusk milk (1.dozen),Milk ரஸ்க்  (1.dozen),120.0
bun univercel big Rs.75,Rs.75 பன் (15p) pkt,75.0
semiyaa (naga)100g,100g.சேமியா.பா.செவ்ரைட்,10.0
semiyaa 100g naga (1.kg),100g.(நாகா)சேமியா(1.kg),100.0
tea rose 500g,tea rose 500g,170.0
annai dates500g(1+1),annai dates500g(1+1),180.0
thu.paruppu (1kg),thu.paruppu (1kg),120.0
gillete WINKINSON 1BOX,gillete WINKINSON 1BOX,20.0
annai dates black 500g box,500g annai dates black box,255.0
annai dates sl 250g box Rs.78,250g box annai dates sl  Rs.78,78.0
annai dates s.l 500g box Rs.148,500g.annai dates s.l box Rs.148,148.0
annai dates 100g pkt,annai dates 100g pkt,30.0
annai dates200g pkt,annai dates200g pkt,55.0
annai dates b.(1+1)125g,annai dates b.(1+1)125g,130.0
annai inimia dates500g box,annai inimia dates500g box,275.0
annai dates500g pkt Rs.100,500g annai datespkt Rs.100,100.0
annai honey 250g(1+1),250g(1+1)annai honey ,184.0
annai jam200g(1+1),200g(1+1)annai jam,85.0
annai dry amla 200g jar, 200g annai dry amla jar,155.0
annai jam 100g,annai jam 100g,20.0
thu.paruppu ,து.பருப்பு,120.0
spray foriegn,spray foriegn,1000.0
fanta  750ml Rs.40,fanta  750ml Rs.40,40.0
chik black Rs.1saram,chik black Rs.1saram,20.0
chik green Rs.1 saram,chik green Rs.1 saram,20.0
karthika red shampoo 1saram,karthika red shampoo 1saram,20.0
karthika green shampoo 1saram,karthika green shampoo 1saram,20.0
karthika black shampoo 1saram,karthika black shampoo 1saram,20.0
head & sho(green) Rs.2 saram,Rs.2 Head & Sho(பச்சை)சரம்,40.0
head & sho(orange)Rs.2saram,head & sho(orange)Rs.2saram,32.0
vathi Rs.2 saram,vathi Rs.2 saram,24.0
vathi Rs.5 (bundle),Rs.5வத்தி பண்டல்,60.0
vathi Rs.10(bundle),Rs.10வத்திபண்டல்,120.0
vathi Rs.10,Rs.10 வத்தி,10.0
vathi Rs.50,Rs.50 வத்தி,50.0
vathi Rs35,Rs35 வத்தி,35.0
vathi Rs.5,Rs.5 வத்தி,5.0
vathi Rs 20,Rs.20 வத்தி ,20.0
vathi set black Rs.60,Rs.60 செட் ப்ளாக் வத்தி,75.0
vathi set black Rs.5,Rs.5 செட் ப்ளாக் வத்தி,5.0
vathi set black Rs.12,Rs.12 செட் ப்ளாக் வத்தி,12.0
power soap Rs.10(12ps)yellow,Rs.10பவர் சோப்பு(dozen)yellow,120.0
power soap Rs.10(dozen)blue, Rs.10பவர் சோப்பு(dozen)blue,120.0
colgatesalt Rs.20 dazen,colgatesalt Rs.20 dazen,240.0
ujala Rs.10 dazen,Rs.10உஜாலா டசன்,120.0
rubber band 50g,50gரப்பர்பேன்ட்,40.0
oil gems.gold Rs.50,Rs.50 ஜெம்ஸ் கோல்டு ,50.0
santoor Rs.40,Rs.40சந்தூர் சோப்பு,40.0
santoor Rs.10(set4ps),Rs.10 சந்தூர் (set4ps),40.0
rate cake (get out) saram,rate cake (get out) saram,324.0
vicks action 500 (1.attai),விக்ஸ் ஆக்சன் 500 அட்டை,48.0
vicks action 500 (1.BOX),vicks action 500 (1.BOX),550.0
bread (master) Rs.30,Rs.30 bread (master),30.0
bread (master) Rs.25,bread (master) Rs.25,25.0
bun master (5.Pcs)Rs.25,bun master (5.Pcs)Rs.25,25.0
rusk (master)Rs.30,rusk (master)Rs.30,30.0
medimix Rs.45,medimix Rs.45,45.0
avt Rs.5,Rs.5 Avt pkt,5.0
goorej expert (original 1ps,goorej expert (original 1ps,33.0
arial liq(t.l)2.5ltr,ஏரியல் liq(t.l)2.5ltr,490.0
pampers(xl)Rs.35,Rs.35(xl)பேம்பர்ஸ்,35.0
unibic biscuit Rs.10,Rs.10 unibic biscuit ,10.0
unibic biscuit Rs.10 dozen,unibic biscuit Rs.10 dozen,120.0
unibic biscuit Rs.5,Rs.5 unibic biscuit ,5.0
unibic biscuit Rs.5 dozen,Rs.5 unibic biscuit  dozen,60.0
oil ROS 1ltr,oil ROS 1ltr,150.0
amulya paal powder 200g,200g அமுல்யா பால் பவுடர் ,95.0
amul spray 500g,500gஅமுல் ஸ்ப்ரே,215.0
amul spray 200g,200gஅமுல் ஸ்ப்ரே,95.0
nei aachi 100ml,100ml ஆச்சி நெய்,103.0
dermicool sandal 150g Rs.117,150g Rs.117dermicool sandal ,117.0
dermicool lavender 150g,150g dermicool lavender ,125.0
dermicool regular 150g Rs.117,150g Rs.117dermicool regular,117.0
moove ointment Rs.135,Rs.135 moove ointment ,135.0
moove ointment 15g Rs.75,15g Rs.75 moove ointment ,75.0
krack Jack Rs.10,Rs.10 krack Jack ,10.0
krack Jack Rs.35,Rs.35 krack Jack ,35.0
levista coffee 50g premium tin,50g லிவிஸ்டா காபி premium tin,75.0
levista coffee strong50g tin,50g tin லிவிஸ்டா காபி strong,60.0
levista coffee premium 50g pkt,50g pkt லிவிஸ்டா காபி premium,69.0
levista coffee Rs.10,Rs.10 லிவிஸ்டா காபி தூள்,10.0
Fair & lovely 9g saram,Fair & lovely 9g சரம்,120.0
yardley laventer Rs.125,yardley laventer Rs.125,125.0
cd localbrand Rs.10(1k)orange,Rs.10 ஆரஞ்சு கலர் (1k),300.0
cd localbrand Rs.10(1k)black,Rs.10 கருப்பு கலர்  (1k),300.0
panneer soda Rs.10 (1k),Rs.10 panneer sodas (1k),300.0
cd soda Rs.10(1k) ,Rs.10 சோடா (1k),240.0
cd localbrand Rs.10(1k)green,Rs.10 பச்சை கூல் ட்ரிங்க்ஸ் (1k),300.0
bovonto 300ML,300ML போவோன்டொ,20.0
bovonto 300ML (1K),bovonto 300ML (1K),480.0
bovonto 180ML,bovonto 180ML,12.0
bovonto 180ML(1k),bovonto 180ML(1k),360.0
marie gold Rs.10 box,Rs.10மேரி கோல்ட் box,720.0
levista coffee 200g 80%filter,லிவிஸ்டா காபி 200g 80%filter,105.0
levista classic 100g i.coffee,லிவிஸ்டா காபி 100g ins.coffee,180.0
levista classic 50g i.coffee,லிவிஸ்டா classic 50g ins.coffee,99.0
levista coffee Rs.5 saram,Rs.5 levista coffee சரம்,60.0
levista coffee Rs.10 saram,Rs.10 levista coffee சரம்,120.0
nijam pakku rs.0.50paisa 500pspkt,Rs.0.50paisaநிஜாம்பாக்கு500pspkt,250.0
karthika herpal 180g,180g கார்த்திகா ஹெர்பலஂ,55.0
cookoo maha jumbo,குக்கூ கொசுவத்தி,72.0
mysore cake Rs.200 jar ,mysore cake Rs.200 jar ,200.0
pacha karpooram Rs.15 1ps,pacha karpooram Rs.15 1ps,15.0
thani milagai thool 50g saram,50gதனி மிளகாய் தூள் சரம்,500.0
malli thool 5og saram,50g saramமல்லித்தூள்,180.0
sambar podi 50g saram,50g saram சாம்பார் பொடி,280.0
arial RS.10 saram,ஏரியல் பவுடர் RS.10 saram,60.0
mirinda 1.25,mirinda 1.25,60.0
z talc powder 125g,z talc powder 125g,135.0
z spray 150 ml,z spray 150 ml,225.0
bashmathi rice clasic 25kg,25kg clasicபாஸ்மதி ரைஸ்,2500.0
santoor soap Rs.37,Rs.37சந்தூர் சோப்பு,37.0
Rin  liguid ALA 500ml,Rin  liguid ALA 500ml,82.0
ujala Rs.72,Rs.72உஜாலா,72.0
mezhuguvarthi Rs.3pkt,Rs.3pktமெழுகுவர்த்தி,25.0
mezhuvarthi Rs.5 pkt,Rs.5 மெழுகுவர்த்தி pkt ,60.0
mezhuvarthi Rs.10 pkt,Rs.10 மெழுகுவர்த்தி pkt,100.0
badham milk cooldrings,பாதாம் மில்க்,28.0
badham milk cooldrings(1k),(1k)பாதாம் மில்க்,750.0
salt uppu(sowmya(1/2)sippam,1/2தூள்உப்புசௌமியா சிப்பம்,300.0
nei GRP 500ml,500ml GRP நெய்,437.0
lalidha kurunai 25kg sippam,25kgலலிதா குருனை,900.0
lalidha kurunai kg,kg lalidha kurunai ,30.0
vip frush,vip frush,40.0
slv kurunai sippam,slv kurunai sippam,700.0
marie gold Rs.30,Rs.30 மேரி கோல்ட்,30.0
dairymilk Rs.90,Rs.90 டைரிமில்க்,90.0
axe ,axe ,300.0
meen varuval Rs.5,Rs.5 மீன் வருவல்,5.0
kuthiraivali rice 500g,kuthiraivali rice 500g,90.0
daimilk Rs.90 box,daimilk Rs.90 box,1350.0
imali pall Rs.1 jar MRP.125,Rs.125 jarபுளிப்மிட்டாய்imali,125.0
mango ball Rs.125,Rs.125மேங்கோball,125.0
jelly ball Rs.125 jar,jelly ball Rs.125 jar,125.0
carry bag 10*12,carry bag 10*12,25.0
carry bag 13*16,13*16 கேரி பேகஂ medium,20.0
carry bag 17*23 white,carry bag 17*23 white,50.0
meera shampoo Rs.3 saram,Rs.3மீரா ஷாம்பூ சரம்,48.0
meeraa seekkaie Rs.4 saran,Rs.4மீரா சிக்காய் சரம்,60.0
orio Rs.5 box,orio Rs.5 box,160.0
gokul santol Rs.40 powder,gokul santol Rs.40 powder,40.0
gokul santol Rs.225 powder,Rs.225 gokul santol powder,225.0
gokul santol 70g powder,70g கோகுல் சாண்டல் பவுடர்,70.0
mittaiye powder green,மிட்டாய் பவுடர் பச்ச,50.0
mittaiye powder green50g,50gமி.பவுடர் பச்ச,50.0
andhraa naatu ponni pacha,நாட்டுபொன்னிபச்சஆந்த்ரா,1500.0
andhraa naatu ponni pacha.kg,நாட்டுபொன்னிபச்சஆந்த்ரா,60.0
FOGG paradise 65ml Rs.150,FOGG paradise 65ml Rs.150,150.0
FOGG royal 65ml Rs.150,FOGG royal 65ml Rs.150,150.0
FOGG marco 65ml Rs.150,FOGG marco 65ml Rs.150,150.0
FOGG 25ml Rs.80,FOGG 25ml Rs.80,80.0
whitetone  15g Rs.48,whitetone  15g Rs.48,48.0
ossum 25ml Rs.80,ossum 25ml Rs.80,80.0
maithaa naagaa 50kg ,50kg நாகா மைதா,2200.0
maithaa naagaa kg,kgநாகா மைதா,40.0
complan 200jar choco,200g காம்ப்ளான் choco jar,135.0
Egreat perfume Rs.99,Egreat perfume Rs.99,99.0
sukku coffiee rajan 50g,50gராஜன்சுக்கு காப்பி,26.0
sukku mittaiye Rs.1 jar,Rs.1 சுக்குமிட்டாய் jar,100.0
vallarai mittaiye Rs.1 jar,Rs.1 jarவல்லாரை மிட்டாய்,100.0
thulasi mittaiye Rs.1 jar,Rs.1 jarதுளசி மிட்டாய்,100.0
thuthuvalai mittaiye Rs.1 jar, Rs.1jarதூதுவளை மிட்டாய்,100.0
water box 300ml 40ps,300ml 40psவாட்டர் பாக்ஸ்,200.0
water box 500ml 24ps 1box,500ml வாட்டர் 24ps 1பாக்ஸ்,240.0
water 1.ltr 12ps box ,1.ltr வாட்டர் பாக்ஸ்12ps,240.0
water 2ltr 9ps 1box,2ltrவாட்டர் பாக்ஸ்9ps,200.0
puttu maavu 500g(ramanas),500g புட்டுமாவு ரமணாஸ்,45.0
cinthol cool Rs.42,cinthol cool Rs.42,42.0
cinthol lime Rs.38,cinthol lime Rs.38,38.0
mittaiye powder(o&r) 1ps,(o&r)1psமிட்டாய்பவுடர்,3.0
axe spray 150ml Rs.230,Rs.230 axe spray 150ml ,230.0
axe denim powder 100g,100g axe denim powder ,78.0
A2B mixer,A2B mixer,5.0
ravai suji 200g,200g சுஜி ரவை,20.0
ravai suji 200g 5ps ,200g 5ps ரவை சுஜி,75.0
head & shoulder 180ml Rs.220,head & shoulder 180ml Rs.220,220.0
Egreat perfume Rs.40,Egreat perfume Rs.40,40.0
Rin  liguid 500ml,Rin  liguid 500ml,82.0
more milaga Rs.5 atta,Rs.5 மோர்மிளகாஅட்டை,60.0
oil goldwinner 200ml,200ml கோல்ட் வின்னர்,37.0
rasna powder mango Rs.105,Rs.105mangoரஸ்னா பவுடர்,105.0
rasna powder pineapple Rs.85,Rs.85pineappleரஸ்னாபவுடர்,85.0
rasna cover 50ps 1pkt ,ரஸ்னாகவர்50ps.1pkt,150.0
biriyani cup 1box,biriyani cup 1box,400.0
goothrej Rs.25,goothrej Rs.25,25.0
FEVIQUICK Rs.5 .26ps1saram,FEVIQUICK Rs.5 .26ps1சரம்,130.0
p.kasthuri granules Rs.330,ரூ.330 பங்கஜா.கஸ்தூரி ,330.0
p.kasthuri granules Rs.175,ரூ.175 பங்கஜா.கஸ்தூரி,175.0
p.kasthuri herbal soap set Rs.97 , Rs.97 p.kasthuri herbal soap set,97.0
p.kasthuri kaveri soapsetRs.105,Rs.105p.kasthuri kaveri soapset,105.0
p.k.orthoherp Rs.130,Rs.130 p.k.orthoherp,130.0
p.k.orthoherp Rs.45,p.k.orthoherp Rs.45,45.0
vivel aloevera Rs.35,vivel aloevera Rs.35,35.0
karuda naattub ponni sippam,கருடா பொன்னி சிப்பம்,1799.0
p.k.orthoherp oil  Rs.110,p.k.orthoherp oil  Rs.110,110.0
colgate strong Rs.20 dazen,colgate strong Rs.20 dazen,240.0
munch Rs.5 box 32ps ,munch Rs.5 box 32ps ,160.0
marie gold Rs.30 box,Rs.30 மேரி கோல்ட்box,900.0
medimix clacic Rs.30,Rs.30 medimix clacic ,30.0
medimix sandal Rs.32,Rs.32 medimix sandal ,32.0
bru Rs.2,Rs.2 புரூ காபி தூள் ,2.0
marie light Rs.10 dozen,Rs.10மேரிலைட் டசன்,120.0
chakravrthi powder Rs.5 saram,chakravrthi powder Rs.5 saram,50.0
chakravrthi soap Rs.10,chakravrthi soap Rs.10,10.0
chakravrthi soap Rs.10(y)dozen,chakravrthi soap Rs.10(y)dozen,120.0
chakravarthi soap Rs.10(b)dozen,chakravarthi soap Rs.10(b)dozen,120.0
chakravarthi soap Rs.10.y.box,chakravarthi soap Rs.10.y.box,600.0
chakravarthi soap Rs.10.b.box,chakravarthi soap Rs.10.b.box,600.0
dairymilk Rs.45,Rs.45 டைரிமில்க்,45.0
chandrika soap Rs.29,Rs.29 சந்திரிகா சோப்,29.0
sprite 750ml (1k),sprite 750ml (1k),960.0
nei aachi 50ml,50ml ஆச்சி நெய்,52.0
VVD gold coco.oil 100ml pkt,100ml VVD lite தே.எண்ணெய் pkt,55.0
mittaiye powder(o&r) jar,mittaiye powder(o&r) jar,50.0
carry bag (13*16)white,கேரி பேகஂ (13*16)white,20.0
chikkan masala 100gm,100gm சக்தி சிக்கன் மசலா ,55.0
avt Rs.1(pai),Rs.1 AVT (பை),100.0
bullet nunmber.1 sippam,No.1புல்லெட் பச்ச  அரிசி ,80.0
computer sambrani suganthi,computer sambrani suganthi,18.0
samBrani cup suganthi Rs.43, Rs.43 சுகந்தி கப் சாம்பராணி,43.0
cantyman jar Rs.100,cantyman jar Rs.100,100.0
nandhi kurunai sippam,நந்தி குருணை சிப்பம்,700.0
vanilla ice cream 500ml,vanilla ice cream 500ml,120.0
karuvaadu attai,கருவாடு அட்டை,100.0
kuliyal manjal kg,kg kuliyal manjal ,200.0
kothumai muzhusu,கோதுமை முழுசு,60.0
muzhu ulunthu,முழு உளுந்து,150.0
samathuva kuchi 1kattu,சமத்துவ குச்சி1கட்டு,35.0
thums up 250ml,250ml cd தம்ஸ் அப்,20.0
thums up 300ml tin,300ml தம்ஸ் அப் டின்,40.0
revive liquid stiffener Rs.37,Rs.37 revive liquid stiffener ,38.0
parachute 250ml jar,250ml பாராசூட்  jar,157.0
parachute 500ml jar,500ml பாராசூட் jar,290.0
orange red colour box,orange red கலர் box,60.0
kesari kalar 20pkt 1box,kesari kalar 20pkt 1box,60.0
orange red colour 1ps,(o&r)1psமிட்டாய்பவுடர்,3.0
orange red colour jar,orange red colour jar,50.0
lemon yellow colour 1ps,1psலெமன் மிட்டாய் பவுடர்,3.0
lemon yellow colour box,lemon yellow colour box,60.0
ragam badham 100g jar,100g jarராகம்.பாதாம்,160.0
ragam white grapes 100g jar,100g jarராகம்(வெ.திராட்சை),70.0
ragam black grapes 100g jar,100g jarராகம்(க.திராட்சை),95.0
ragam pista 100g jar,100g jarராகம்.பிஸ்தா,186.0
ragam gold 500g,500gராகம் கோல்டு,369.0
ragam shakthi 500g jar, 500g jarராகம் சக்தி,275.0
tide soup Rs.10,Rs.10டைடு சோப்,10.0
whisper (xl) Rs.95,Rs.95 விஸ்பர் (xl) ,95.0
whisper Regular Rs.90,விஸ்பர் Regular Rs.90,90.0
whisper ultra xl+ Rs.85,விஸ்பர் ultra xl+ Rs.85,85.0
gillete  guard Rs.105,gillete  guard Rs.105,105.0
whisper choice night xl Rs.45,whisper choice night xl Rs.45,50.0
bourn vitta 500g jar,500g BournVitta  jar,270.0
mountain dew Rs.20,mountain dew Rs.20,15.0
odonil Rs.58,Odonil 1pcs,58.0
natraj pencil Rs.40(10ps),natraj pencil Rs.40(10ps),40.0
surf excel powder Rs.3 saram, Rs.3 சரம் சர்ப் எக்சல் பவுடர் ,36.0
nool kandu(v)Rs.5(1kattu) pkt,nool kandu(v)Rs.5(1kattu) pkt,100.0
nool kandu(v)Rs.10(1kattu) pkt,Rs.10வெள்ள நூல்(1kattu) pkt,100.0
nool kandu(v)Rs.10.pkt,Rs.10வெள்ள நூல் pkt,100.0
vip hair color shampoo Rs.51 ,Rs.51 Vip Hair Color Shampoo,51.0
surf excel LIQ Rs.10,surf excel LIQ Rs.10,10.0
surf excel LIQ Rs.10 saram,surf excel LIQ Rs.10 saram,100.0
dove shampoo 150ml Rs.230,Rs.230dove shampoo 150ml ,230.0
manjal thool 50g saram,மஞ்சள்தூள்50g saram,200.0
milaguthool arumai 50g,மிளகுதூள் அருமை 50g,52.0
chaat masala Rs.65,ஏவரஸஂடஂ சாட் மசாலா,65.0
nandhi kurunai,நந்தி குருணை,28.0
sivappu Rs.5 saram,Rs.5 சிவப்பு saram,50.0
sivappu merun Rs.5 saram,Rs.5sivappu merun  saram,50.0
sivappu Rs.5(1kattu50ps),sivappu Rs.5(1kattu50ps),250.0
sivappu merun Rs.5(1kattu50ps),sivappu merun Rs.5(1kattu50ps),250.0
mountain dew Rs.35 tin,mountain dew Rs.35 tin,35.0
mydeen rs 10 pai,Rs.10.மைதீன் பை,70.0
winkin cow Rs.35,winkin cow Rs.35,35.0
kal uppu ayngaran1kg sippam,kal uppu ayngaran1kg sippam,300.0
milaguthool Rs.6 ps,milaguthool Rs.6 ps,6.0
oma water 5ps(1pai),5ps(1pai)ஓமவாட்டர்,100.0
himalaya neem soup,himalaya neem soup,56.0
bothroom brush,bothroom brush,100.0
yippee noodles Rs.14,Rs.14 yippee noodles ,14.0
paste foriengh,paste foriengh,1000.0
kal uppu sowmya 1sippam,கல் உப்பு சௌமியா சிப்பம்,300.0
chik shampoo black 80ml,80ml சிக் கருப்பு,52.0
chik shampoo jasmine80ml,80ml சிக் ஷாம்பு ஜாஸ்மின்,45.0
galaxy 5d steel nice broom ,galaxy 5d steel nice broom ,195.0
karuda rice kg,1kgகருடா பொன்னி ,60.0
more milaga Rs.5,Rs.5மோர்மிளகா,5.0
oil tvm sf 500ml box,oil tvm sf 500ml box,1800.0
oil tvm sf 500ml,oil tvm sf 500ml,100.0
oil daya palm 1ltr box,oil daya palm 1ltr box,1600.0
oil daya palm 1ltr,oil daya palm 1ltr,160.0
patti urukai Rs.2saram,Rs.2pattiஊறுகாய் 1சரம்,40.0
kills pain,kills pain,1000.0
bovonto 500ml,500ml போவோன்டொ,40.0
soodam 25g villai,25g வில்லை சூடம்,40.0
soodam villai Rs.10 pkt,Rs.10சூடம் வில்லை pkt,260.0
tata soulfull Rs.10 ps,tata soulfull Rs.10 ps,10.0
tata soulfull(12ps) Rs.10 saram,tata soulfull(12ps) Rs.10 saram,120.0
perumkayam lg 100G,100GLGகட்டிகாயம்,154.0
perumkayam lg katti 100gm,100gm LGகட்டிகாயம்,180.0
perumkayam thool lg 100g,100g.LGகாயத்தூள்,165.0
picle aachi 5kg jar,5kg ஆச்சி ஊறுகாய் ஜார்,400.0
slice 250ml,slice 250ml,20.0
slice 250ml 15rs,slice 250ml 15rs,15.0
dairymilk Rs.20 box,dairymilk Rs.20 box,800.0
kannan devan tea 250g,250g கணஂணனஂ தேவனஂ டீ,83.75
24 karot  puzhunkal kg,24காரட் புழுங்கல் kg,100.0
yardley laventer Rs.132,yardley laventer Rs.132,132.0
yardley rose Rs.132,yardley rose Rs.132,132.0
yardley red rose Rs.125,yardley red rose Rs.125,125.0
boro+ talc 50g Rs.47,boro+ talc 50g Rs.47,47.0
boro+ talc 150g Rs.120,boro+ talc 150g Rs.120,120.0
zandu palm 8ml Rs.40,ஜண்டு பாம் (R) 8ml,50.0
AAC nei RS 10,AAC nei RS 10,150.0
nei AAC RS 10,RS.10 AAC நெய் ,10.0
nei AAC RS 10 saram,Rs.10நெய்AAC சரம்,150.0
himalaya soap Rs.55,himalaya soap Rs.55,55.0
himalaya shampoo 100ml,100ml ஹிமாலயா சாம்பு ,95.0
dove shampoo 175ml Rs.190,dove shampoo 175ml Rs.190,190.0
iyarkai 50ml,50ml இயற்கை நல்லெண்ணெய்,15.0
iyarkai 50ml saram,50mlஇ.நல்லெண்ணெய் saram,150.0
himalaya toothpaste 40g,40g ஹிமாலயா toothpaste ,20.0
amulspray 500g tin,அமுல் ஸ்ப்ரே 500g tin,243.0
uni wash powder Rs.10,uni wash powder Rs.10,10.0
unity no.1(25kg sippam,Unity no1.பாஸ்மதி ரைஸ்25kg sippam,3200.0
marie gold Rs.35,Rs.35 மேரி கோல்ட்,35.0
power powder Rs.10,Rs.10 பவர் பவுடர்,10.0
power powder Rs.10 1ps,power powder Rs.10 1ps,10.0
power powder Rs.10.saram12ps,power powder Rs.10.saram12ps,120.0
power powder 1/2kg,500g பவர் பவுடர்,52.0
uni wash powder Rs.10.saram,uni wash powder Rs.10.saram,60.0
maaza 1.25ltr,1.25ltr Maaza ,75.0
limca 750ml Rs.40,limca 750ml Rs.40,40.0
fanta 750ml Rs.40,fanta 750ml Rs.40,40.0
vathi zohri Rs.25,Rs.25 zohri வத்தி,25.0
ponds dream Rs.340, Rs.340 பாண்ட்ஸ் ட்ரிம்,340.0
double beans ,டபுள் பின்ஸ்,200.0
nool con Rs.50,Rs.50கோன் நூல்,50.0
ajay tooth brush,அஜய் டூத் பிரஷ்,20.0
mydeen Rs.5 pai,Rs.5.மைதீன் பை,30.0
arial 1kg,ஏரியல் பவுடர் 1kg,332.0
maitha kamathenu 50kg,காமதேனு மைதா 50kg,1800.0
 oil sunlite 1/2ltr, oil sunlite 1/2ltr,100.0
surf LIQ(t&l)1ltr Rs.210,surf LIQ(t&l)1ltr Rs.210,210.0
soodam 10 villa ps,Rs.10வில்லை சூடம்ps,10.0
cocacola 1.25ml,cocacola 1.25ml,65.0
kuperan paLmolin 400ml box,kuperan paLmolin 400ml box,1200.0
idli arisi kg,இட்லி அரிசி kg,40.0
sprite 1.25,sprite 1.25,65.0
arasan soap Rs.16 box,Rs.16 அரசன் சோப் box,960.0
pepsodent 200g Rs.97,pepsodent 200g Rs.97,97.0
ajay tooth brush saram ,அஜய் டூத் பிரஷ்சரம்,240.0
rusk britanniya Rs.10 dozen,rusk britanniya Rs.10 dozen,120.0
oral b brush Rs.35,Rs.35 ஓரல் பி பிரஷ்,35.0
anna poornaa atta 5kg,5kgஅண்ணபூர்ணா ஆட்டா,285.0
patti urukai garlic Rs.2saram,Rs.2பா.பூண்டு.ஊறுகாய் 1சரம்,40.0
patti urukai ginger Rs.2saram,Rs.2பா. இஞ்சி.ஊறுகாய் 1சரம்,40.0
patti picle chilli Rs.2saram,Rs.2பா.மிளகாய்.ஊறுகாய் 1சரம்,40.0
patti picle tomato Rs.2saram,Rs.2பா.தக்காளி.ஊறுகாய் 1சரம்,40.0
patti picle mango Rs.2saram,Rs.2பா.மாங்கா.ஊறுகாய் 1சரம்,20.0
patti picle lemon Rs.2saram,Rs.2பா.லெமன்.ஊறுகாய் 1சரம்,40.0
margo set Rs.140,margo set Rs.140,140.0
margo set Rs.136,margo set Rs.136,136.0
super vasmol 50ml,super vasmol 50ml,35.0
palcova Rs.60 jar,Rs.60பால்கோவா jar,60.0
milaguthool Rs.12,Rs.12மிளகுதூள்,12.0
nature power soap herbal,நேச்சர் பவர்.சோ Herbal,45.0
kopiko pkt Rs.115,கோபிகோ சாக்லேட் pkt,105.0
colgate strong 100g Rs.63,Rs.63 கோல்கேட் ஸ்ட்ராங்100g,63.0
veet Rs.80*30g,Rs.80 வீட் 30g,89.0
black phenyl 450ml,black phenyl 450ml,60.0
milk SHAKE,milk SHAKE,40.0
thani milagai thool Rs.5,Rs.5 தனி மிளகாய் தூள்,5.0
arial (F.l)2.5ltr,ஏரியல்(F.l)2.5ltr,525.0
Flair Rs.55,Flair Rs.55,55.0
ponds cream Rs.10(12ps) saram,ponds cream Rs.10(12ps) saram,120.0
amurthanjan  pain balm Rs.40 ,Rs.40 அமுர்தான்ஜன்pain balm,40.0
amurthanjan Rollon Rs.35,அமுர்தான்ஜன்Rollon Rs.35,35.0
marie gold Rs.18 box,Rs.18 மேரி கோல்ட்box,900.0
marie gold Rs.18,Rs.18மேரி கோல்ட்,18.0
ponds sandal Rs.72,50g பாண்ட்ஸ் சண்டல் பவுடர்,72.0
ponds dream Rs.215,Rs.215 பாண்ட்ஸ் ட்ரிம்,215.0
puliyothara podi Rs.10,Rs.10 ஆச்சி புளியோதர பொடி,10.0
dettol bottle 200ml og,dettol bottle 200ml og,90.0
scruper Rs.37,scruper Rs.37,37.0
mushroom,200g காளான்,75.0
manthara ilai,manthara ilai,200.0
seeval 10ps,seeval 10ps,10.0
ravai elite 500g,500g எலைட் ரவை,49.0
poo nool,பூ நூல்,15.0
colgate strong Rs.10 dozen,colgate strong Rs.10 dozen,120.0
tide soup set,tide soup set,30.0
Frooty 300ML,300ml ப்ரூட்டி,20.0
Frooty 300ml ps,Frooty 300ml ps,20.0
masala atta 10 ps,Rs.10 பட்ட கிராம்பு 1ps,10.0
dettol bottle 200ml handwash og,dettol bottle 200ml handwash og,90.0
lakshmi gold green sippam,லஷ்மி கோல்ட்  சிப்பம்,1200.0
head & shoulder Rs.89,head & shoulder Rs.89,89.0
pen Rs.3,pen Rs.3,4.0
hamam soapRs.63,hamam soapRs.63,65.0
hamam 150g set Rs.187,ஹமாம் சோப்100g set Rs.140,140.0
maggi noodles Rs.27,maggi noodles Rs.27,27.0
kallaparuppu no.2,No.2 கல்லபருப்பு,100.0
oil fortune 1ltr,1ltr பார்ச்சூன் ஆயில்,140.0
aswini 90ml,90ml அஸ்வினி ஆயில்,76.0
aswini 45ml,45ml அஸ்வினி ஆயில்,40.0
aswini 360ml,360ml அஸ்வினி ஆயில்,283.0
kesavardhini 25ml,25ml கேசவர்த்தினி,59.0
water box 500ml 30ps 1box,500ml வாட்டர் 30ps 1பாக்ஸ்,200.0
mat metro (s),mat metro (s),60.0
mat paniyan,மேட் பனியன்,50.0
mat padayapa,mat padayapa,55.0
mat s.s,mat s.s,65.0
mat jilebi,mat jilebi,60.0
mat leather cotten,mat leather cotten,60.0
mat super line,mat super line,55.0
mat nice box,mat nice box,65.0
oil sunland 5.ltr gane,5L சன்லான்ட் cane,1094.0
suriya gold kichadi ponni rice(25),suriya gold kichadi ponni rice,1600.0
oil gold king 1ltr box,oil gold king 1ltr box,2000.0
milk biscuit Rs.35,Rs.35 மில்க் பிஸ்கட்,35.0
dabur amla hair.oil 45ml ,dabur amla hair.oil 45ml ,20.0
dabur amla hair.oil 90ml ,90+20ml டாபர் அம்லா ஆயில்,50.0
odonil block(3+1)setRs.172,odonil block(3+1)setRs.172,172.0
milagai naattu kg,kg நாட்டு மிளகாய்,260.0
milagai நாட்டு மிளகாய் kg,kg நாட்டு மிளகாய்,260.0
manjal thool 200g,200gமஞ்சள்தூள்,68.0
vasmol jasmine 200ml,200ml வாஸ்மோல் ஜெஸ்மின்,75.0
muzhu sampa kothuma kg,muzhu sampa kothuma kg,150.0
rava sampa elite Rs.48,Rs.48கோதுமை ரவா elite,48.0
meera herbal 80g Rs.75,Rs.75மீரா சீக்காய்.80g ,75.0
medimix santol Rs.55,medimix santol Rs.55,60.0
vathi maya Rs.2 dozen,vathi maya Rs.2 dozen,24.0
henko powder Rs.10 6ps saram,henko powder Rs.10 6ps saram,60.0
pril liguid Rs.20 ps,pril liguid Rs.20 ps,20.0
dettol soap cool Rs.63,dettol soap cool Rs.63,63.0
indica easy Rs.30,Rs.30 இன்டிகா ஈஸி,30.0
milk bikis clasic Rs.10,Rs.10 classic மில்க் பிஸ்கட்,10.0
milk bikis clasic Rs.10 dozen,milk bikis clasic Rs.10 dozen,120.0
oreo Rs.5 ps,oreo Rs.5 ps,5.0
oil sunlite 1/2ltr,oil sunlite 1/2ltr,100.0
z spray Rs.130,z spray Rs.130,130.0
AK vella ponni sippam,AK.வெள்ளபொன்னி சிப்பம்26,1800.0
arasan soap Rs.16,Rs.16 அரசன் சோப்,16.0
tide 500g lemon,tide 500g lemon,40.0
lizol rose 2ltr,lizol rose 2ltr,380.0
kalla mittai Rs.2 jar,Rs.2 கள்ளமிட்டாய் jar,150.0
munthri No.2 ,No.2 முந்திரி  ,800.0
theepam yennaie 1/2ltr pk,theepam yennaie 1/2ltr pk,95.0
hamam soapRs.65,Rs.65ஹமாம் சோப்,65.0
sukku coffiee rajam 100g,100g ராஜன் சுக்கு காப்பி pkt,53.0
sukku coffiee rajam 200g,sukku coffiee rajam 200g,90.0
close up paste 150g,Close Up Paste 150g,129.0
chakra gold 500g,500g சக்ரா கோல்டு premium,348.0
cinthol og 4ps150g set ,150g*4p சிந்தால் (og)  set ,282.0
dove soap pink Rs.82,100g டவ் சோப்பு pink ,82.0
dove soap green Rs.70,Rs.70டவ் சோப்பு green,70.0
dove soap blue Rs.64,Rs.64டவ் சோப்பு blue,64.0
pears Rs.60 blue,Rs.60பியர்ஸ் நீலம்,62.0
mysore soap Rs.42, Rs.42 மைசூர் சான்டால்,42.0
pears soap gold Rs.49,Rs.49 பியர்ஸ்soap gold,49.0
pears soap gold Rs.47,Rs.47பியர்ஸ்soap gold,47.0
pears soap gold Rs.51,Rs.51பியர்ஸ்soap gold,51.0
theepam yennaie 500ml pk,500ml தீபம் எண்ணெய் PKT,110.0
puttu maavu 500g aakaa,puttu maavu 500g aakaa,80.0
sanitizer hamam 50ml,sanitizer hamam 50ml,25.0
pachcharisi pa.ponni ,ponni pachcharisi ,60.0
kallaparuppu udhayam 1kg,உதயம்.கல்லபருப்பு 1kg,108.0
water 2ltr ,2ltr வாட்டர்,30.0
chik egg white 80ml Rs.55 ,80ml சிகஂ எஃகு ஒயஂடஂ சாமஂபு,55.0
surf excel powder 1.5 kg blue,surf excel powder 1.5 kg blue,210.0
mysore cake Rs.150 ,mysore cake Rs.150 ,150.0
choclate,choclate,300.0
XXX rice sippam,XXX rice sippam,1800.0
777 rice sippam,777 அரிசி சிப்பம்,1800.0
kallmavy no.1,No.1கள்ளமாவு,100.0
popcorn 5 pkt,Rs.5சொளபொறி pkt,125.0
ragam gold 250g,ராகம் அத்தி 250g,215.0
abisegam settu(pig) archana,அபிசேகம்செட்டு big (archana),220.0
abisegam settu(small)archana,அபிசேகம்செட்டு (s)archana,150.0
milkybar Rs.20 1box,Rs.20மில்கிபார் பாக்ஸ்,480.0
then mittai rs 12,Rs.12 தேன் மிட்டாய்,12.0
mushroom cup,காளான் கப் 450ml,200.0
lion dates 500g Rs.149,500gலயன் டேட்ஸ் Rs.149,144.0
thani milagai thool 100g saram(1kg),100gதனி மிளகாய் தூள் saram,500.0
oil gems.gold(ka) 1ltr,1 ltr ஜெம்ஸ் கோல்டு  ம.எண்ணெய்,241.0
oil gems.gold(ka) 1ltr box,gems ம.எண்ணெய் 1ltr box,2410.0
sunrice Rs.2 pic,sunrice Rs.2 pic,2.0
candyman fantastik Rs.200,Rs.5 Candyman Fantastik Jar,200.0
colin spray 500ml,500ml Colin Spray ,115.0
jaazera,ஜசீரா,1000.0
colgate brush Rs.25 saram,Rs.25.கோல்கட் பிரஷ் சரம்,300.0
thiraviya podi 100g,100g திரவிய பொடி ,15.0
cinthol cool Rs.40,cinthol cool Rs.40,42.0
cinthol(og) Rs.42,சிந்தால்(og) Rs.42,42.0
cinthol(og) Rs.40,cinthol(og) Rs.40,42.0
sunfeast Rs.10 ps,sunfeast Rs.10 ps,10.0
Rin powder Rs.2 saram 18ps,Rs.2 ரின் பவுடர் சரம் 18ps,36.0
marie gold Rs.40,Rs.40 மேரி கோல்ட்,40.0
badham Rs.10 saram,Rs.10.பாதாம் சரம்,240.0
munthir Rs.10 saram,munthir Rs.10 saram,240.0
thirachai Rs.5 saram,Rs.5 திராட்சை சரம்,120.0
thirachai karuppu Rs.5 saram,Rs.5கருப்பு திராட்சை சரம்,120.0
munthiri Rs.10 saram,Rs.10. முந்திரி சரம்,240.0
ponds bright beauty Rs.49,ponds bright beauty Rs.49,49.0
Eyecap jar Rs.90,Rs.90 கண் மருந்து டியுப் ஜார்,90.0
FEVIQUICK Rs.5 attai,Rs.5 பெவிகுயிக் அட்டை,50.0
lux soap rose Rs.35, Rs.35 lux soap rose,35.0
meera herpal Rs.91,meera herpal Rs.91,109.0
surf LIQ matic(F&L) Rs.230,சர்ப் LIQ matic(F&L) Rs.230,230.0
soodam villai Rs.30,Rs.30 வில்லை சூடம்ps,30.0
lakshmi gold sippam,லஷ்மி கோல்ட்  சிப்பம்,1200.0
lion dates 100g,100g லயன் டேட்ஸ்,30.0
super vasmol 100ml,super vasmol 100ml,60.0
RS pathy 5ml,RS pathy 5ml,35.0
Napati Rs.10,Napati Rs.10,10.0
handplast jar.Rs.220,handplast jar.Rs.220,220.0
perungayathool 25gm 10ps kattu,25gm பெருங்காயத்தூள்10psகட்டு,370.0
Nabati Rs.10,Rs.10 நபாட்டி,10.0
Nabati Rs.5 box.24ps,Rs.5 நபாட்டி பாக்ஸ் 24ps,120.0
Nabati Rs.10 dozen,Rs.10 நபாட்டி டசன்,120.0
vathi pinapple Rs.10 dozen,vathi pinapple Rs.10 dozen,120.0
5 star gold rajapogam sippam,5 star gold rajapogam sippam,1500.0
michar pori Rs.5.pkt,Rs.5பொறி மிச்சர்.pkt,80.0
lion syrup Rs.107,lion syrup Rs.107,107.0
lollipop  jolly Rs.2 jar,lollipop  jolly Rs.2 jar,200.0
lollipop  jolly Rs.5 jar,lollipop  jolly Rs.5 jar,300.0
lollipop nutrine Rs.2 jar,lollipop nutrine Rs.2 jar,350.0
bullet hmt sippam,HMTபுல்லெட் அரிசி சிப்பம்,1500.0
kirushnaa CR rice,கிருஷ்ணா இட்லி அரிசி சிப்பம்,900.0
salt uppu 1/2kg,1/2kg சரவணா  தூள் உப்பு,10.0
cinthol cool Rs.45,சிந்தால் நீலம் Rs.45 ,45.0
tooth picks wooden,tooth picks wooden,35.0
sombu sweet,1kg ஸ்வீட் சோம்பு pkt,180.0
avt gold cup 100g jar,avt gold cup 100g jar,95.0
avt gold cup 250g jar,avt gold cup 250g jar,200.0
avt gold cup 500g pak,avt gold cup 500g pak,290.0
avt green tea 100g 1,avt green tea 100g 1,145.0
avt green tea 100g (1+1),avt green tea 100g (1+1),145.0
avt premium filter coffee 200g,avt premium coffee 200g,72.0
avt gold cup 100g riff,avt gold cup 100g riff,85.0
vicks vaporub 10ml,vicks vaporub 10ml,42.0
vicks vaporub 25ml,vicks vaporub 25ml,90.0
Gillette presto Rs.20,Gillette presto Rs.20,20.0
Vicks inhalerkeychain Rs 59,Vicks inhalerkeychain Rs59,59.0
Gillete WINNER RS127,Gillete winner RS127,127.0
vicks vaporub e.strong 25ml,25ml விக்ஸ் வேபோரப் e.strong ,105.0
vicks vaporub e.strong 10ml,10ml விக்ஸ் வேபோரப் e.strong,49.0
vasmol jasmine 90ml,90ml வாஸ்மோல் ஜெஸ்மின்,35.0
seeval nice Rs.20 bundle,Rs20 நைஸ் சீவல்(b),100.0
seeval satha Rs.20 bandal,Rs.20 சாதாசீவல்(b),100.0
AK vella ponni kg,AK.வெள்ளபொன்னி kg,50.0
nei GRP 100ml,100ml GRP நெய்,109.0
pottukadalai muzhsu 1kg,kgபொட்டுகடலை முழுசு,100.0
kuzhampu மி.தூள் 100g saram,100g குழம்பு மி.தூள் சரம்,320.0
meera herpal 120g,meera herpal 120g,109.0
levista  200g Rs130,levista  200g Rs130,145.0
anil kothuma semiya 180g,180gஅணில் கோதும சேமியா,30.0
rusk parle 5 pai,Rs.5 பார்லே ரஸ்க் பை,60.0
indica hair powder box Rs.168,Rs.168 indica hair powder box ,168.0
moong tal parle 12ps Rs.5 saram,மூங் டால் சரம்parle 12ps Rs.5 saram,60.0
rusk mario Rs.10,Rs.10 மரினோ ரஸ்க்,10.0
dettol 550ml,550ml டெட்டால்,284.9
VIP rajapogam sippam,VIP rajapogam sippam,1600.0
paani poori cup periyathu 50ps,50ps பானிபூரி கப் பெரியது,50.0
paani poori cup periyathu 100ps,பானிபூரி கப் பெரியது100ps,100.0
anil raagi semiya 180g,180g அணில் ராகி சேமியா,26.0
gillete guard.6pcs Rs.50 ,gillete guard.6pcs Rs.50 ,50.0
orange mittai pkt,புலிப் மிட்டாய் pkt,40.0
nei udhayakishna 1ltr.jar,1ltr உதயகிருஷ்ணா நெய்,750.0
lifebuoy soap Rs.37,Rs.37லைபாய் சோப்,37.0
horlicks junior vannila 500g Rs.299,horlicks junior vannila 500g Rs.299,299.0
horlicks junior vannila 500g Rs.315,horlicks junior vannila 500g Rs.315,315.0
horlicks junior choco 500g.Rs.290,horlicks junior choco 500g.Rs.290,290.0
guava mittai Jar Rs.100,guava mittai Jar Rs.100,220.0
orange mittai svc pan jar 0.50 paisa,orange mittai svc pan jar 0.50 paisa,150.0
kick jar 2rs Jar,kick jar 2rs Jar,200.0
thenga perichai cake jar,தேங்கா பர்பி ஜார்,300.0
orange mittai svc canty jar Rs.150,orange mittai svc canty jar Rs.150,150.0
pulip mittaiye pkt,புளிப்பு மிட்டாய் pkt,40.0
cigaretee gold stoke,cigaretee gold stoke,40.0
bun Rs.24,bun Rs.24,24.0
Nool mittaiye jar ,Rs.1 நூல் மிட்டாய் jar,100.0
dairy king 2rs jar,டைரி கிங் 2rs jar,100.0
kurkure 1rs pkt,குர்குரே Rs.1 pkt,50.0
moon chips 12ps,மூன் சிப்ஸ்'12ps,60.0
apsara sharpner Rs.50,அப்சரா ஷார்ப்நேர் Rs.50,50.0
moiye cover 100ps,மொய்  கவர்100ps,50.0
yo yo pencil,யோ யோ பென்சில்,5.0
oral b brush Rs.25 ps,oral b brush Rs.25 ps,25.0
milagai no.2,No.2மிளகாய்,300.0
hamam soap Rs.35,Rs.35ஹமாம் சோப்,35.0
colgate strong 200g Rs.106,colgate strong 200g Rs.106,106.0
bothroom brush Rs.40,bothroom brush Rs.40,40.0
unibic wafer box 24ps,unibic wafer box 24ps,120.0
rusk elite Rs.25,rusk elite Rs.25,25.0
thenga perichai cake 5ps,5psதேங்கா பர்பி,5.0
Mr.gold (sf)5ltr.gane,5L Mr.கோல்டு சன்பிளவர் ஆயில் w (Free),1025.0
karthicka red 175ml ,75ml கார்த்திகா ரெட் ஷாம்பூ ,89.0
karthika black shampoo 80ml,80ml கார்த்திகா கருப்பு ஷாம்பு,52.0
VVD gold coco.oil 500ml jar,500ml vvd தே.எண்ணெய் jar,215.0
good day Rs.25,Rs.25 குட்டே,22.0
anil rice flour 500g,500g அணில் அரிசி மாவு,31.0
nandhi rice 1kg,1kg நந்தி அரிசி,40.0
badham drink mix (1+1) 200g,200gபாதாம்(1+1)மிக்ஸ் ஆச்சி,160.0
karthicka green 180ml,180ml கார்த்திகா கிரினஂ ஷாம்பு,112.0
oral b brush Rs.30 attai,Rs.30 ஓரல் பி பிரஷ் ,180.0
head & shoulder neem 180ml Rs.225,head & shoulder neem 180ml Rs.225,225.0
head & shoulder cool 180ml Rs.180,head & shoulder cool 180ml Rs.180,180.0
head & shoulder silky 180ml Rs.180,head & shoulder silky 180ml Rs.180,180.0
head & shoulder smooth Rs.180,head & shoulder smooth Rs.180,180.0
head & shoulder smooth Rs.75,head & shoulder smooth Rs.75,75.0
head & shoulder cool Rs.89,head & shoulder cool Rs.89,89.0
gokulam dates 500g (1+1),கோகுலம் டேட்ஸ் 500g (1+1),180.0
VVD priyam g.nut oil,VVDப்ரியம் மணிலா எண்ணெய்1ltr,270.0
santoor soap Rs.38,Rs.38.சந்தூர் சோப்பு,38.0
nei vvd 100g,100ml VVD நெய்,70.0
paani poori cup 100ps sinnathu,100psபானிபூரிகப்சின்னது,90.0
himalaya baby soap Rs.80,Rs.80 ஹிமாலயா பேபி  சோப் ,80.0
himalaya baby diaber Rs.10 saram,ஹிமாலயா பேபி டயபர் Rs.10சரம்,120.0
himalaya baby diaber(s) Rs.10 saram,ஹிமாலயா பேபி டயபர் Rs.10சரம்(s),120.0
himalaya baby (M)diaber Rs.12 saram,ஹிமாலயா பேபி டயபர் Rs.12சரம்(m),144.0
himalaya baby diaber (L)Rs.14 saram,ஹிமாலயா பேபி டயபர் Rs.14சரம்(L),168.0
himalaya baby (XL)diaber Rs.18 saram,ஹிமாலயா பேபி டயபர் Rs.18சரம்(XL),216.0
horlicks 200g pkt Rs.95,ஹார்லிக்ஸ் 200g pkt Rs.95,109.0
pears gold Rs.54,pears gold Rs.54,54.0
nandhi kurunai KG,Kg நந்தி குருணை,35.0
gokulam black dates 200g Rs.145,கோகுலம் கருப்பு டேட்ஸ் 200g Rs.145,145.0
ragam shakthi 250g jar,250g jarராகம் சக்தி,158.0
kollu 500g,500gகொள்ளு,50.0
thinai arisi 500g,500gதிணை அரிசி,77.0
saamai arisi 500g,500gசாமைஅரிசி,90.0
boost 200g jar Rs.129,boost 200g jar Rs.129,129.0
boost 500G rifil R.264,boost 500G rifil R.264,264.0
complan 200g choco rifil Rs.120,200g காம்ப்ளான் choco rifil,120.0
thirachai Rs.10 attai,thirachai Rs.10 attai,120.0
munthri Rs.10 atta ,munthri Rs.10 atta,120.0
comfort  220ml Royal Rs.65,comfort  220ml Royal Rs.65,65.0
surf LIQ FL.1ltr Rs.245,சர்ப் LIQ FL.1ltr Rs.245,245.0
surf LIQ (T/L) Rs.215,சர்ப் LIQ (T/L) Rs.215,160.0
surf LIQ easy wash Rs.189,சர்ப்  LIQ easy wash Rs.189,189.0
Rin liguid 430ml Rs.80,430ml ரின் liquid,80.0
tide 1kg lemon,tide 1kg lemon,75.0
arial(T&L)500ml Rs.115,arial(T&L)500ml Rs.115,115.0
harpic blue 200ml,200ml ஹார்பிக் நீலம்,40.0
harpic blue 900ml,900ml ஹார்பிக் நீலம்,195.0
harpic red 1ltr,harpic red 1ltr,189.0
penoil black 450ml Rs.60,450ml பெனாயில் கருப்பு,50.0
penoil grmicekk white 1.ltr,1ltr பெனாயில் ஜெர்மிசெக் வெள்ளை,95.0
lizol neem 2ltr,lizol neem 2ltr,380.0
lizol lavender 2ltr,lizol lavender 2ltr,380.0
lizol floral 975ml,lizol floral 975ml,210.0
lizol lavender 975ml,lizol lavender 975ml,196.0
lizol jasmine 975ml,lizol jasmine 975ml,196.0
lizol santol 500ml,lizol santol 500ml,103.0
lizol floral 500ml,500ml லைசால் floral,116.0
lizol fine 500ml,lizol fine 500ml,103.0
lizol jasmine 200ml,200ml Lizol Jasmine,48.0
surf excel soup Rs.15,Rs.15 சர்ப் எக்சல் சோப்,15.0
surf excel soup 15Rs,surf excel soup 15Rs,15.0
soodam small box Rs.50,Rs.50சூடம் டப்பா,50.0
jamantri Rs.40,jamantri Rs.40,40.0
nama katti ps,நாம கட்டிps,20.0
paani poori cup sinnathu 50ps,50psபானிபூரிகப்சின்னது,50.0
marie gold Rs.20,Rs.20 மேரி கோல்ட்,20.0
otto 25ml Rs.69,otto 25ml Rs.69,69.0
otto 25ml Rs.99,otto 25ml Rs.99,99.0
olir led 9w,9W  Olir Led,189.0
himalaya neem&termaric Rs.54,himalaya neem&termaric Rs.54,50.0
himalaya neem&termaric Rs.30,himalaya neem&termaric Rs.30,30.0
himalaya cucumber soap Rs.50,himalaya cucumber soap Rs.50,50.0
himalaya cucumber soap Rs.33,himalaya cucumber soap Rs.33,33.0
himalaya honey soap Rs.50,himalaya honey soap Rs.50,50.0
himalaya honey soap Rs.33,himalaya honey soap Rs.33,33.0
himalaya baby hair oil Rs.70,himalaya baby hair oil Rs.70,70.0
himalaya ayurveda sandal Rs.40,himalaya ayurveda sandal Rs.40,40.0
himalaya ayurveda sandal Rs.60,himalaya ayurveda sandal Rs.60,60.0
maggi noodles Rs.51,Rs.51 மேகி  நூடுல்ஸ் ,51.0
olir led 12w Rs.289,olir led 12w Rs.289,289.0
olir led ac/dc Rs.549,olir led ac/dc Rs.549,549.0
munch Rs.10 box,munch Rs.10 box,300.0
maggi noodles Rs.28,Rs.28 மேகி நூடுல்ஸ் ,28.0
joy night box,joy night box,85.0
ravai elite 200g,200g எலைட் ரவை,20.0
hamam soap Rs.36,Rs.36.ஹமாம் சோப்,36.0
Rin soap Rs.24,Rs.24.ரின் சோப் ,24.0
bashmathi rice clasic 27kg,bashmathi rice clasic 27kg,2850.0
oral b brush Rs.49,oral b brush Rs.49,49.0
vathi kings of tamil Rs.40,vathi kings of tamil Rs.40,40.0
vathi GDS Rs.60,Rs.60 GDS வத்தி,60.0
vathi cycle Rs.100,vathi cycle Rs.100,100.0
vathi pinapple Rs.12 dozen,vathi pinapple Rs.12 dozen,144.0
lizol jasmine 500ml,500ml lizol jasmine,123.0
vathi 3in1 Rs.10,vathi 3in1 Rs.10,10.0
dabur honey 50ml,50ml டாபர் ஹனி ,45.0
pepper thool white 500g,500g  BEST ஒய்ட் பெப்பர் தூள்,70.0
ragam b(perichai) Rs.224,Rs.224ராகம்(க.பேரிச்சைபழம்,224.0
milaguthool sakthi 50g,50g  சக்தி மிளகுத்தூள் ,65.0
milaguthool Rs.10 saram,Rs.10மிளகுதூள்சரம்,100.0
oil goldwinner 5.ltr cane,5.ltr கோல்டு வின்னர் cane,900.0
milaguthool aatchi Rs.10 saram,Rs.10ஆச்சி மிளகுதூள்சரம்,100.0
meera shikkai badam shampoo Rs.137,meera shikkai badam shampoo Rs.137,137.0
meera onion 180ml Rs.170,180ml meera onion shampoo,170.0
pantene lively clean 200ml Rs.145,pantene lively clean 200ml Rs.145,145.0
pantene lively clean 90ml Rs.65,pantene lively clean 90ml Rs.65,65.0
sunsilk onion rose 180ml Rs.152,180ml சன்சில்க் onion&rose,152.0
sunsilk thick &long180ml Rs.98,180ml சன்சில்க் thick & long,98.0
Rin liguid 430ml Rs.70,Rin liguid 430ml Rs.70,70.0
Rin liguid 430ml Rs.85,430ml ரின் liquid ,85.0
Rin liquid ALA 500ml Rs.85 ,Rin liquid ALA 500ml Rs.85 ,85.0
vasmol jasmine Rs.20,vasmol jasmine Rs.20,20.0
vasmol jasmine 45ml Rs.20,45ml வாஸ்மோல் ஜெஸ்மின் Rs.20,20.0
vasmol jasmine 200ml Rs.75,vasmol jasmine 200ml Rs.75,75.0
vasmol hair black oil 200ML,200ML வாஸ்மோல் hair black oil,90.0
vasmol hair black oil 100ml,vasmol hair black oil 100ml,48.0
vasmol hair black oil 50ml,vasmol hair black oil 50ml,35.0
kal uppu sippam annam,கல் உப்பு சிப்பம்annam,15.0
himalaya baby shampoo 100ml,100ml ஹிமாலயா பேபி சாம்பு ,100.0
annai amla honey 300gm,annai amla honey 300gm,150.0
nei AAC 200ml,nei AAC 200ml,155.0
cd local brand Rs.10(1k) apple,cd local brand Rs.10(1k) apple,300.0
cd local brand Rs.10 (1k)panner soda,cd local brand Rs.10 (1k)panner soda,300.0
cd local brand Rs.10(1k)ஆப்பிள்,Rs.10 ஆப்பிள் (1k),300.0
cd local brand Rs.10 (1k)பன்னிர் சோடா,Rs.10 பன்னிர் சோடா (1k),300.0
pepper xxx(500g),pepper xxx(500g),120.0
otto powder 50g,otto powder 50g,65.0
mop color steel no.2,மாப் கலர் ஸ்டீல் no.2,200.0
mop wood no.3,மாப் உட் no.3,100.0
sweeper No.1,ச்வீபேர் தொடப்பம் No.1,150.0
bothroom brush single side,bothroom brush single side,100.0
bothroom brush double side,bothroom brush double side,100.0
milk biscuit Rs.55,Rs.55 மில்க் பிஸ்கட்,55.0
annai mixed dry fruits 250g,annai mixed dry fruits 250g,220.0
samBrani cup maya Rs.72,Rs.72 கப் சாம்பராணி மாயா,72.0
broom galaxy steel (1) Rs.195 ,broom galaxy steel (1) Rs.195 ,195.0
broom alif broom(2)Rs.180,broom alif broom(2)Rs.180,180.0
broom Rose steel(3)Rs.160,broom Rose steel(3)Rs.160,160.0
broom safar tulsi(4) Rs.225 ,broom safar tulsi(4) Rs.225 ,225.0
broom alif jumpo 3g(5)Rs.155,broom alif jumpo 3g(5)Rs.155,155.0
broom alif pipe(6)Rs.165,broom alif pipe(6)Rs.165,165.0
broom safar steel zinc(7) Rs.265 ,broom safar steel zinc(7) Rs.265 ,265.0
soodam1kg,சூடம்1kg,1000.0
anil idiyappa maavu(ra)500g,anil 500gஇடியாப்பமாவு,39.0
Mr.gold coconut oil 1ltr,Mr.gold coconut oil 1ltr,140.0
perungayam ptc 25g ps,perungayam ptc 25g ps,50.0
citrus plus srup saram,citrus plus srup saram,120.0
Rin soap Rs.26,Rin soap Rs.26,26.0
Rin soap set Rs.104,Rs.104 ரின் சோப்பு set,104.0
bashmathi rice clasic ,பாஸ்மதி clasic ,120.0
power soap Rs.10.yellow,Rs.10 பவர் சோப்பு மஞ்சள்,10.0
power soap Rs.10.blue,Rs.10 பவர் சோப்பு நீலம்,10.0
chakravarthi soap Rs.10(b),ரூ.10 சக்கரவர்த்தி சோப் நீலம்,10.0
chakravrthi soap Rs.10(y),ரூ.10 சக்கரவர்த்தி சோப் மஞ்சள்,10.0
perungayathool(LDS) 20g kattu,20gLDS(பெ.காய.தூள்)கட்டு,270.0
marie vitta Rs.10,ரூ.10 விட்டா மேரி,10.0
good day Rs.10 cashew,good day Rs.10 cashew,10.0
good day Rs.10 orange,Rs.10 குட்டே ஆரஞ்சு,10.0
gooday Rs.10 blue,Rs.10 குட் டேblue,10.0
good day Rs.10 blue,Rs.10 குட்டே நிலம்,10.0
good day orange Rs.5 (12pcs),Rs.5 குட்டே பை ஆரஞ்சு,60.0
good day blue Rs.5 (12pcs),Rs.5 குட்டேபை நிலம்(12pcs),60.0
manna oats 500g jar,manna oats 500g jar,125.0
lux soap rose Rs.37,Rs.37லக்ஸ் சோப்பு ரோஸ்,37.0
manna health mix 500g,500g Manna Health Mix ,285.0
santoor soap Rs.36,Rs.36சந்தூர் சோப்பு,36.0
more milaga kg,மோர்மிளகா,250.0
mass 200g,200g மாஸ்,100.0
color vaththal kg,kg கலர் வத்தல் ,80.0
pro ease XL 2pad Rs.10,pro ease XL 2pad Rs.10,10.0
chikkan masala Rs10,Rs.10 சிக்கன் மசாலா,10.0
meen ku.masala Rs.5,Rs.5 மீன் குழம்பு மசாலா,5.0
meen kuzhampu masala Rs.10,Rs.10.மீன் கு.மசாலா,10.0
muttai masala Rs.5,Rs.5 முட்டைமசாலா,5.0
muttai masala Rs.10,Rs.10 முட்டைமசாலா,10.0
biriyani masala Rs.5,Rs.5பிரியாணிமசாலா,5.0
head & shoulder(green) Rs.2,Rs.2 Head & shoulder (பச்சை) ,2.0
head & sho(orange)R.2,Rs.2 head & sho (ஆரஞ்சு),2.0
chik black Rs.1,Rs.1 சிக் கருப்பு,1.0
chik green Rs.1,சிக் கிரீன் Rs.1,1.0
meera shampoo onion Rs.2,Rs.2 மீரா ஷாம்பூ ஆனியன்,2.0
meera shampoo badam Rs.2,மீரா ஷாம்பூ பாதாம்  Rs.2,2.0
milaguthool Rs.6,Rs.6 ஆச்சி மிளகுதூள்,6.0
milaguthool aatchi Rs.10,Rs.10 ஆச்சி மிளகுதூள்,10.0
mallithool Rs.5,Rs.5 மல்லிதூள்,5.0
kari masala Rs.10,Rs.10 கறிமசாலா,10.0
cinthol (block)Rs.10,Rs.10cinthol (block)கருப்பு,10.0
cinthol (block)கருப்புRs.10,Rs.10 சிந்தால் (block)கருப்பு,10.0
cinthol (lime)மஞ்சள்Rs.10,Rs.10 சிந்தால் லைம்,10.0
cinthol (og)சிவப்புRs.10,Rs.10 சிந்தால் சிவப்பு,10.0
cinthol(cool)நிலம்Rs.10,Rs.10 சிந்தால் (cool) நீலம்,10.0
medimix clasic Rs.45, Rs.45 மெடிமிக்ஸ் சோப்பு clasic,45.0
close up paste 150g Rs.98,close up paste 150g Rs.98,98.0
gokulam dates 250g (1+1) Rs.102,gokulam dates 250g (1+1) Rs.102,102.0
colgate Strong teeth.Rs.10,Rs.10 கோல்கேட் ஸ்ட்ராங்,10.0
colgate strong teeth Rs.20,Rs.20 கோல்கேட் ஸ்ட்ராங்,20.0
appolo toilet cleaner 400ml Rs.80,appolo toilet cleaner 400ml Rs.80,80.0
appolo floor cleaner 400ml Rs.80,appolo floor cleaner 400ml Rs.80,80.0
colgate salt Rs10,Rs10 கோல்கட் சால்ட்,10.0
colgate salt Rs20,Rs20 கோல்கேட் சால்ட்,20.0
colgate salt 100g,100g கோல்கேட் சால்ட்,78.0
colgate salt 200g,200g கோல்கேட் சால்ட் ,137.0
colgate powder 100g,100g கோல்கேட் பவுடர்,55.0
abi milagaithool 50g saram,50g.அபி மிளகாய்தூள் சரம்,160.0
surf LIQ (T/L) Rs.210,சர்ப்  LIQ (T/L) Rs.210,210.0
surf LIQ F/L 500ml Rs.115,surf LIQ F/L 500ml Rs.115,115.0
surf LIQ (F/L) 500ml Rs.115,surf LIQ (F/L) 500ml Rs.115,115.0
surf quick wash powder 500g Rs.117,500g சர்ப் பவுடர் (Q\W),110.0
semiya true payasam 400g ,semiya true payasam 400g ,40.0
niine pants (s)Rs.10,niine pants (s)Rs.10,10.0
surf excel 1.5kg powder blue,1.5kg சர்ப் எக்சல் பவுடர் blue,210.0
ragam b(perichai) Rs.224&228,Rs.224&228ராகம்(க.பேரிச்சைபழம்,224.0
anil semiya 180g,180gஅணில் சேமியா,23.0
karuda naattub ponni,கருடா பொன்னி ,72.0
bahubali rice,பாகுபலி rice,65.0
yippee noodles Rs.27,Rs.27 yippee noodles ,27.0
mP olaiapakoda Rs.5 pkt,Rs.5ஒலைபகோடா பண்டல்,60.0
Mp.Olaiapakoda Rs.5 pkt,Rs.5ஒலைபகோடா பண்டல்,60.0
mP kattasev Rs.5 pkt,Rs.5கட்ட சேவ் பண்டல்,60.0
mP kaarasev Rs.5 pkt,Rs.5காராசேவ் பண்டல்,60.0
mP nice michar Rs.5 pkt,Rs.5நைஸ் மிச்சர் பண்டல்,60.0
mP kundu michar Rs.5,Rs.5குண்டு மிச்சர் பண்டல்,60.0
mP kallapayir Rs.5,Rs.5கல்லபயிர் பண்டல்,60.0
mP mallattai Rs.5 pkt,Rs.5மல்லாட்ட பகோடா பண்டல்,60.0
mP pachapattani Rs.5 pkt,Rs.5பச்ச பட்டாணி பண்டல்,60.0
mP paasipayir Rs.5 pkt,Rs.5பாசிபருப்பு பண்டல்,60.0
mm nice michar Rs.5 pkt,Rs.5நைஸ் மிச்சர் பண்டல்,60.0
mm kaarasev Rs.5 pkt,Rs.5 காராசேவ் பண்டல்,60.0
mm kattasev Rs.5 pkt,Rs.5 கட்ட சேவ் பண்டல்,60.0
mm kundu michar Rs.5,Rs.5 குண்டு மிச்சர் பண்டல்,60.0
mm olaiapakoda Rs.5 pkt,Rs.5 ஒலைபகோடா பண்டல்,60.0
mm pachapattani Rs.5 pkt,Rs.5 பச்ச பட்டாணி பண்டல்,60.0
mm kallapayir Rs.5,Rs.5 கல்லபயிர் பண்டல்,60.0
mm paasipayir Rs.5 pkt,Rs.5 பாசிபய்று  பண்டல்,60.0
mm mallattai Rs.5 pkt,Rs.5 மல்லாட்ட பகோடா பண்டல்,60.0
cc gold flake,கோல்டு பிலேக்,60.0
cc kings,கிங்க்ஸ்,170.0
cc kings lite,கிங்க்ஸ் லைட்,170.0
cc mini,மினி பில்டர்,60.0
cc wave,வேவ்,60.0
cc total,டோட்டல்,60.0
cc scissors,சிசர் சிகரட்,80.0
cc gold filter,கோல்டு பில்டர்,100.0
idli podi kannan Rs.2 saram,Rs.2 இட்லிபொடி சரம் கண்ணன்,30.0
idli podi kannan Rs.5.saram,Rs.5 இட்லிபொடி சரம் கண்ணன்,50.0
idli podi aachi Rs.10,Rs.10.ஆச்சி இட்லி பொடி,10.0
idli podi kannan Rs.10,idli podi kannan Rs.10,10.0
yipee Rs.53,yipee Rs.53,53.0
3roses Rs.5,3 ரோசஸ் Rs.5,5.0
3roses Rs.2,3 ரோசஸ் Rs.2,2.0
3roses  nc Rs.10,3 ரோசஸ்  NC Rs.10,10.0
theepetti 2kili wax,தீபெட்டி2கிளி மெழுகு,10.0
theepetti 2kili,தீபெட்டி2கிளி மரம்,10.0
kal uppu annam,கல் உப்பு annam,15.0
pampers (s) 7pants Rs.99,பேம்பர்ஸ் (s) 7pants Rs.99,99.0
annai dates 250g S.L Rs.78,annai dates 250g S.L Rs.78,78.0
horlicks lite 500g jar Rs.340,500g ஹார்லிக்ஸ் lite Jar,349.0
horlicks lite 500g jar Rs.325,500g ஹார்லிக்ஸ் lite Jar,325.0
boost 500G rifil R.250,boost 500G rifil R.250,250.0
horlicks mother+500g rifill Rs.595,500g ஹார்லிக்ஸ் mother+ Rif,650.0
horlicks mother+200g rifill Rs.235,200g ஹார்லிக்ஸ் mother+ rifill,245.0
ravai suji 250g,250gசுஜி ரவை,24.0
amul spray 500g rifill,500gஅமுல் ஸ்ப்ரேrifill,215.0
Eveready bulb 60w,60w Eveready bulb,22.0
pen Rs.10 (24ps),pen Rs.10 (24ps),240.0
sls குருணை ,sls குருணை ,40.0
maggi noodles Rs.55,Rs.55மேகி  நூடுல்ஸ்,55.0
tide 500g Rs.69,tide 500g Rs.69,69.0
tide 500g Rs.64,tide 500g Rs.64,64.0
tide 1.kg Rs.138,tide 1.kg Rs.138,138.0
biriyani kurcure Rs.5(12ps)saram ,biriyani kurcure Rs.5(12ps)saram ,60.0
perungayam pts 25g ps,perungayam pts 25g ps,30.0
lux white Rs.10,Rs.10 லக்ஸ் சோப்பு ஒயிட்,10.0
lux rose rs.10,Rs.10 லக்ஸ் சோப்பு ரோஸ்,10.0
EXO 500g round box rs.55,EXO 500g round box rs.55,55.0
EXO Rs.10.set soap ,EXO Rs.10.set soap ,40.0
Mr.gold coconut oil 500ml,500ml Mr.கோல்டு தே.எண் PKT,155.0
dark fantasty choco falls Rs.40,Rs.40 Dark Fantasty Choco Falls,40.0
bb bingo மஞ்சள் Rs.5,Rs.5பிங்கோ மஞ்சள்,5.0
bb bingo நீலம் Rs.5,Rs.5பிங்கோ நீலம் ,5.0
bb bingo பச்சை Rs.5,Rs.5பிங்கோ பச்சை,5.0
bb bingo மெருன் Rs.5,Rs.5பிங்கோ சில்லி மெருன் ,5.0
bb bingo ரெட் டோமொடோ Rs.5,Rs.5 பிங்கோ.ரெட்.டோமொடோ,5.0
bb bingo ஆரஞ்சு Rs.5,Rs.5 பிங்கோ ஆரஞ்சு,5.0
kozhukattai maavu aachi 500g,500g கொழுகட்டமாவு ஆச்சி (w),55.0
kozhukattai maavu anil 500g,500gகொழுகட்டமாவு அணில்,52.0
rava sampa elite Rs.50,Rs.50கோதுமை ரவா elite,50.0
semiya savorite 1kg,1kg சேமியா.பா.செவ்ரைட்,99.0
gulab jamun 175g Rs.135,175gகுலோப்ஜாம் Rs.135(1+1)ஆச்சி,135.0
surf excel soap Rs.33,Rs.33.சர்ப் சோப்,33.0
goodKnight green coil Rs.38,Rs.38 goodKnight green coil ,38.0
scale 1adi natraj ps,scale 1adi natraj ps,12.0
broom jasmine small(3)Rs.114,broom jasmine small(3)Rs.114,114.0
broom safar tulsi rough(4) Rs.225 ,broom safar tulsi rough(4) Rs.225 ,225.0
broom safar tulsi nice(9)Rs.225 ,broom safar tulsi nice(9)Rs.225 ,225.0
broom deluxe rough(8)Rs.265,broom deluxe rough(8)Rs.265,265.0
broom china wood(8)Rs.165,broom china wood(8)Rs.165,165.0
broom deluxe rough(9)Rs.265,broom deluxe rough(9)Rs.265,265.0
bothroom brush single side(1),bothroom brush single side(1),100.0
bothroom brush single side(2),bothroom brush single side(2),100.0
bothroom brush double side(1),bothroom brush double side(1),100.0
broom safar tulsi nice(10)Rs.225 ,broom safar tulsi nice(10)Rs.225 ,225.0
milk powder Rs.5 (12ps)saram,Rs.5 பால் பவுடர்(12ps)சரம்,60.0
abisegam settu(small)KR.box,அபிசேகம்செட்டு சின்னது box,150.0
abisegam settu(pig) pkt,அபிசேகம்செட்டு (பெருசு)pkt,100.0
abisegam settu(small)pkt,அபிசேகம்செட்டு(சின்னது)pkt,60.0
gokulam black dates 500g Rs.261,gokulam black dates 500g Rs.261,261.0
sls karuppu rice,sls கருப்பு அரிசி,45.0
margo R.10,ரூ.10 மார்கோ,10.0
surf LIQ (T/L) Rs.220,சர்ப் LIQ (T/L) Rs.220,220.0
seeval nice Rs.10ps,Rs.10நைஸ்சீவல்(b),103.0
levista coffee Rs.2,Rs.2 லிவிஸ்டா காபி தூள் சரம்,48.0
levista instant coffee strong Rs.112,லிவிஸ்டா  instant coffee strong Rs.112,112.0
bounce Rs.5,bounce Rs.5,5.0
senbaga mattu kg,senbaga mattu kg,3500.0
pepsodent 2*150g save back Rs.132,pepsodent 2*150g save back Rs.132,132.0
pepsodent 200g Rs.94,pepsodent 200g Rs.94,94.0
pepsodent paste Rs.10,Rs.10 pepsodent paste,10.0
pepsodent paste Rs.20,Rs.20 Pepsodent Paste ,20.0
avt gold cup premium 100g,AVT gold cup premium 100g,80.0
tiger parlege red Rs.3(1pai,tiger parlege red Rs.3(1pai,72.0
parle-G yellow Rs.3pai,Rs.3 பார்லே ஜி pai ,80.0
tiger Rs.3(1pai,Rs.3 டைகர் பிஸ்கட் பை(24p),72.0
children brush Rs.25,Rs.25 children brush,25.0
oreo Rs.30,oreo Rs.30,30.0
dark fantasty bourbon Rs.10,dark fantasty bourbon Rs.10,10.0
niine napkin Rs.35,niine napkin Rs.35,35.0
niine napkin Rs.75,niine napkin Rs.75,75.0
chakra gold 100g Rs.85,chakra gold 100g Rs.85,90.0
marie light Rs.10,Rs.10 மேரிலைட்,10.0
horlicks Rs.2,Rs.2 ஹார்லிக்ஸ் சரம்,24.0
himalaya baby soap Rs.55,Rs.55 ஹிமாலயா பேபி  சோப் ,55.0
levista ins.coffee classic jar Rs.105,லிவிஸ்டா ins.coffee classic jar Rs.105,105.0
levista ins.coffee classic jar Rs.190,லிவிஸ்டா ins.காபி classic jar,190.0
sunrice Rs.2,Rs.2 சன் ரைஸ்,2.0
yadhum groundnut oil 1ltr,யாதும் மணிலா எண்ணெய் 1ltr,260.0
apsara sharpner Rs.100,Rs.100 அப்சரா ஷார்ப்நேர்20ps,100.0
Mr.gold kadala 5ltr cane,5L Mr.கோல்டு கடலை எண்ணெய் can,1300.0
gokulam black dates 500g Rs.272,gokulam black dates 500g Rs.272,272.0
mysore soap125g Rs.69,125g மைசூர் சான்டால்,69.0
bru super strong 200g,bru super strong 200g,215.0
Rin powder 1kg Rs.112,Rin powder 1kg Rs.112,112.0
surf excel soup.Rs.35,surf excel soup.Rs.35,35.0
surf excel 1/2kg blue Rs.79,surf excel 1/2kg blue Rs.79,79.0
boost Rs.2,Rs.2 பூஸ்ட்,2.0
kallamaavu.jothi 500g,500g கள்ளமாவு ஜோதி,55.0
surf excel soap Rs.32,Rs.32சர்ப் சோப்,32.0
Rin powder neem 1kg Rs.112,1kg ரின் பவுடர் neem,120.0
surf excel soup Rs.35,Rs.35 சர்ப் எக்சல் சோப்,35.0
vim lemon liqid Rs.49,vim lemon liqid Rs.49,49.0
choclate2k,choclate2k,1.0
choclate1p,choclate1p,1.0
milkybar Rs.20 ps,milkybar Rs.20 ps,20.0
choclate.60p,choclate.60p,60.0
choclate.20k,choclate.20k,25.0
choclate.60,choclate.60,70.0
choclate.20,choclate.20,25.0
pen Rs.5 pkt Rs.25,pen Rs.5 pkt Rs.25,25.0
lizol citrus 500ml,500ml லைசால்  citrus,116.0
lizol citrus 200ml,200ml லைசால் citrus,42.0
arial(F&L)500ml Rs.130,ஏரியல்(F&L)500ml Rs.130,130.0
arial (T&L)500ml Rs.115,arial (T&L)500ml Rs.115,115.0
surf excel liq(t&l)500ml Rs.112,500ml சர்ப் எக்சல்  liq(t&l),112.0
Rin ALA 200ml ,200ml ரின் ஆலா,42.0
Rin ALA 500ml,500ml ரின் ஆலா,82.0
Rin ALA 500ml Rs.85 ,500ml ரின் ஆலா,85.0
mathuram nallenai 100ml,100ml மதுரம் நல்லெண்ணெய்,52.0
kal uppu ayngaran1kg,1kg கல் உப்பு ஐங்கரன்,25.0
bullet hmt rice,HMTபுல்லெட் அரிசி,55.0
24 karot  puzhunkal,24காரட் புழுங்கல் ,100.0
sls torget rice,sls டார்கெட் அரிசி,55.0
bullet kurunai rice,புல்லெட் குருணை  அரிசி,50.0
naattu ponni manachanallur,மணச்சநல்லூர் நாட்டு பொன்னி ,60.0
yardley powder rose Rs.132,yardley powder rose Rs.132,132.0
yardley powder red rose Rs.125,yardley powder red rose Rs.125,125.0
yardley powder laventer Rs.132,yardley powder laventer Rs.132,132.0
yardley rose soap Rs.70,yardley rose soap Rs.70,70.0
yardley Redrose soap Rs.70,Rs.70 யார்ட்லி பவுடர் ரெட் ரோஸ் ,70.0
dove soap Rs.120,Rs.120 டவ் சோப்பு,120.0
himalaya almond&rose Rs.33,himalaya almond&rose Rs.33,33.0
himalaya almond&rose Rs.50,himalaya almond&rose Rs.50,50.0
cinthol cool (4+1)set Rs.188 ,சிந்தால் நிலம் (4+1)set Rs.188 ,150.0
goorej expert cream Rs.15,goorej expert cream Rs.15,15.0
choclate Rs.45,choclate Rs.45,45.0
chakravarthi soap Rs.25,ரூ.25 சக்கரவர்த்தி சோப் ,25.0
vedi poondu Rs.500,Rs.500பூண்டு வெடி,500.0
hamam soapRs.66,Rs.66 ஹமாம் சோப்,66.0
dettol soap og set Rs.135,ரூ.135 டெட்டல் சோப் ஒரிஜினல் செட் ,135.0
lux soap white Rs.37,100g லக்ஸ் சோப்பு ஒயிட்,37.0
Eno Rs.9,Eno Rs.9,9.0
vim lemon liqid Rs.55,vim lemon liqid Rs.55,55.0
ujala Rs.75,Rs.75 உஜாலா,75.0
surf excel (Q&W) 1.kg Rs.240,1.kg சர்ப் எக்சல் (Q&W),240.0
Rin powder 500g Rs.58,Rin powder 500g Rs.58,58.0
boost 500G JAR Rs.279,500G பூஸ்ட் ஜார்.R.279,299.0
boost 200g jar Rs.135,200g பூஸ்ட் jar,135.0
all clear Rs.2,Rs.2 all clear shampoo ,2.0
avt Rs.10,Rs.10 Avt,10.0
soodam villai 5ps,Rs.5 சூடம் வில்லைps,5.0
soodam katti Rs.5ps,Rs.5 கட்டிசூடம்ps,5.0
soodam Rs.10 villa,Rs.10 வில்லை சூடம்,10.0
karthika green shampoo,karthika green shampoo,1.0
karthika black shampoo Rs.1,ரூ.1.கார்த்திகா கருப்பு ஷாம்பு சரம் ,20.0
karthika green shampoo Rs.1,ரூ.1.கார்த்திகா கிரினஂ ஷாம்பு சரம்,20.0
soodam katti Rs.5,Rs.5 கட்டிசூடம்,5.0
AVT select leaf 100g Rs.45,AVT select leaf 100g Rs.45,45.0
avt premium 100g jar Rs.45,100g AVT premium jar,50.0
avt premium 100g jar Rs.100,avt premium 100g jar Rs.100,100.0
mm kollu Rs.5 bundle,Rs.5 கொள்ளு பண்டல்,60.0
karthika red shampoo Rs.1,ரூ.1.கார்த்திகா ரெட் ஷாம்பூ சரம்,20.0
computer sambrani ottagam Rs.24,Rs.24.ஒட்டகம்கம்பூட்டர் சாம்ப்ராணி,24.0
sambrani katti 50g TPRG,சாம்ப்ராணிகட்டி 50g TPRG,28.0
kasthuri manjal puli mark.40g,puli markகஸ்துரி மஞ்சள்.40g,34.0
kasthuri manjal mukkudal.50g,mukkudalகஸ்துரி மஞ்சள்.50g,35.0
bb bingo kurkure Rs.5,Rs.5பிங்கோ குர்குரே,5.0
vim liguid Rs.125,vim liguid Rs.125,125.0
vathi cycle Rs.50,Rs.50 சைக்கிள் வத்தி,50.0
vathi மங்கல்தீப் Rs35,Rs.35.மங்கல்தீப் வத்தி,35.0
vathi maya Rs.2 saram,Rs.2 மாயா வத்தி சரம்,24.0
yellu mittaie Rs.10,Rs.10எள்ளு மிட்டாய்,10.0
computer sambrani suganthi Rs.18,Rs.18 சுகந்தி கம்பூட்டர் சாம்ப்ராணி,18.0
samBrani mookkudal cup Rs.50,Rs.50மூக்குடல் கப் சாம்பராணி,50.0
vathi mangaldeep Rs35,Rs.35 மங்கல்தீப் வத்தி,35.0
gulab jamun tin 500g,gulab jamun tin 500g,100.0
vathi mangaldeep Rs.50,Rs.50 மங்கல்தீப் வத்தி,50.0
vathi pinnepple Rs.60,Rs.60 பைணாபில் வத்தி,60.0
vathi cycle Rs.10,Rs.10சைக்கிள் வத்தி,10.0
vathi cycle Rs.5,Rs.5சைக்கிள் வத்தி,5.0
vathi mangaldeep Rs.5,Rs.5மங்கல்தீப் வத்தி,60.0
vathi mangaldeep Rs.10,Rs.10மங்கல்தீப் வத்தி,10.0
choclate Rs.35,choclate Rs.35,35.0
Rasakulla Tin 500g R.110,Rasakulla Tin 500g R.110,110.0
lollipop Rs.1 jar,Rs.1 லாலிபாப் jar,150.0
oil kadalai  tin,கடலை எண்ணெய் டின்15kg,3500.0
athurasam maavu aachi 500g Rs.90, Rs.99 ஆச்சி அதுரசம் மாவு  500g,99.0
rusi kurunai,ருசி குருனை,40.0
rusi kurunai arisi,ருசி குருனைஅரிசி,40.0
oil Manila tin,கடலை எண்ணெய் டின்15kg,4000.0
vathi akshara Rs.5 dozen,ரூ.5 டசன் அக்ஷரா வத்தி ,60.0
vathi mangaldeep Rs.10 dozen,Rs.10 மங்கல்தீப் வத்தி dozen,120.0
vathi mangaldeep Rs.5 dozen,Rs.5 மங்கல்தீப் வத்தி dozen,60.0
vathi cycle Rs.10 dozen,Rs.10சைக்கிள் வத்திdozen,120.0
horlicks lite 500g lite jar Rs.310,horlicks lite 500g lite jar Rs.310,310.0
amulya 500g rifill,500g அமுல்யா பால் பவுடர் rifill,235.0
choclate.65,choclate.65,70.0
henko powder Rs.10,henko powder Rs.10,10.0
moongil appalam 100g Rs.15,100gமூங்கில் அப்பளம்,15.0
Englannd mittaiye Rs.2 jar,Rs.2 இங்கிலாந்து மிட்டாய் ஜார்,300.0
pal bun Rs.5 jar,Rs.5.பால்பண் ஜார்,150.0
sarpath pkt,சர்பத் pkt,20.0
javu mittaiye pkt,சவ்வு மிட்டாய்pkt,48.0
pomma mittaiye Rs.1.pkt,Rs.1பொம்மை மிட்டாய்.pkt,48.0
linder joy Rs.5,Rs.5லின்டர் ஜாய் மிட்டாய்pkt,100.0
watch mittaiye Rs.1 pkt,Rs.1வாட்ச் மிட்டாய் pkt,60.0
allwin mittaiye Rs.1,Rs.1ஆல்வின் மிட்டாய்,125.0
spoon mittaiye Rs.1 jar,Rs.1ஸ்பூன் மிட்டாய் ஜார்,170.0
bony tony mittaiye Rs.1 pkt,Rs.1போனி டோனிமிட்டாய் pkt,80.0
pal bun Rs.1 pkt,Rs.1பால்பண் pkt,24.0
vivo balls mittaiye pkt,விவோ பால்ஸ் மிட்டாய் pkt,60.0
vcare hair color Rs.27,vcare hair color Rs.27,27.0
gokul santol powder 140g,140gகோகுல் சாண்டல் பவுடர்,120.0
universal rusk Rs.35,universal rusk Rs.35,35.0
nutri choice Rs.20,Rs.20 Nutri Choice,20.0
himalaya baby soap Rs.50,himalaya baby soap Rs.50,50.0
computer sambrani ottagam Rs.28,Rs.28 ஒட்டகம்கம்பூட்டர் சாம்ப்ராணி,28.0
parachute jasmine 300ml Rs.134,parachute jasmine 300ml Rs.134,134.0
parachute jasmine 190ml Rs.85,190ml பாராசூட் ஜஸ்மின் Rs.85,85.0
parachute jasmine 90ml Rs.40,90ml பாராசூட் ஜஸ்மின் Rs.40,40.0
santhanam archana 200g.box ,அர்ச்சனா சந்தனம் box,30.0
santhanam villai.100g.pkt,வில்லை சந்தனம்100g.pkt,16.0
abisega panneer 150ml Rs.15,150ml அபிஷேக பன்னிர் Rs.15,15.0
abisega panneer 150ml Rs.20,150ml அபிஷேக பன்னிர் Rs.20,20.0
santhanam villai 20g Rs.6,20gவில்லை சந்தனம் Rs.6,6.0
ragam b(perichai) 200g Rs.95,ragam b(perichai) 200g Rs.95,95.0
nei SKC Rs.10 saram,Rs.10நெய்SKC சரம்,100.0
chandrika soap Rs.32,75g சந்திரிகா சோப்,32.0
VVD gold coco.oil 500ml jar Rs.205,VVD gold coco.oil 500ml jar Rs.205,205.0
VVD gold coco.oil 250ml JAR,250ml vvd தே.எண்ணெய் JAR,110.0
Aachi payasam mix 180g (1+1),1+1 ஆச்சிபாயசம் 180g,120.0
Aachi payasam mix 100g (1+1),1+1 ஆச்சி பாயசம் 100g,60.0
close up paste(1+1)150g Rs.182,close up paste(1+1)150g Rs.182,182.0
ponds dream.Rs.10 pkt(22ps),ponds dream.Rs.10 pkt(22ps),220.0
Rin ALA 200ml.Rs.44 ,200ml ரின் ஆலா,45.0
surf LIQ (F/L) 1L Rs.250,surf LIQ (F/L) 1L Rs.250,250.0
boost 500g Rs.219,boost 500g Rs.219,239.0
boost 500g pkt Rs.219,boost 500g pkt Rs.219,245.0
sambrani Sampradayam cup Rs.210,Rs.100 சம்பிரதாயம் கப் சாம்ப்ராணி,100.0
apsara pencil10ps.Rs60,ரூ60 அப்சரா பென்சில்10ps.,60.0
lemon mix powder Rs.10,Rs.10 லெமன் ரைஸ் மிக்ஸ் பவுடர் ஆச்சி,10.0
goothrej Rs.20,goothrej Rs.20,20.0
manakadu masala 100g,100g மணக்காடு மசாலா,45.0
manakadu masala 500g,500g மணக்காடு மசாலா,200.0
soodam dappa Rs.65,Rs.65 சூடம் டப்பா,65.0
soodam dappa Rs.45,Rs.45 சூடம் டப்பா,45.0
soodam dappa Rs.35,Rs.35 சூடம் டப்பா,35.0
soodam Rs.40 pkt,Rs.40.சூடம் pkt ,40.0
michar 350g pattani,350gபட்டாணி,65.0
samBrani mangaldeep computer,மங்கல்தீப் சாம்பிராணி  computer,15.0
computer samBrani mangaldeep ,மங்கல்தீப் கம்ப்யூட்டர்  சாம்பிராணி,18.0
agni tea 100gm,100gm அக்னி டீ தூள் ,28.0
agni tea 250gm,250gm அக்னி டீ தூள்,70.0
broom Rose steel Rs.160,broom Rose steel Rs.160,160.0
muyura ponni sippam,muyura ponni sippam,1600.0
muyura ponni pacha sippam,muyura ponni pacha sippam,1600.0
pepper arumai 500g,pepper arumai 500g,150.0
sapina powder(2)Rs.18,450g சபீனா பவுடர் (2) Rs.25,25.0
sapina powder original,450g சபீனா பவுடர் (orginal),16.0
choclate Rs.2,choclate Rs.2,2.0
duracell AA Rs.20  ,duracell AA Rs.20  ,20.0
duracell AAA Rs.20,duracell AAA Rs.20,20.0
nippo AA battery,nippo AA battery,16.0
Eveready AA Rs.15,Eveready AA Rs.15,15.0
Eveready AAA Rs.17,Eveready AAA Rs.17,17.0
dettol soap cool set.125g.Rs.250,125g  டெட்டல் சோப் கூலஂ செட் ,250.0
dettol soap og Rs.75,ரூ.75 டெட்டல் சோப் org,75.0
dettol soap cool Rs.67,ரூ.67 டெட்டல் சோப் கூலஂ,67.0
meera shampoo(a&d) 80ml Rs.75,meera shampoo(a&d) 80ml Rs.75,75.0
karthika shampoo(green)80ml,80ml கார்த்திகா கிரினஂ ஷாம்பு,52.0
cinthol lime Rs.41,சிந்தால் lime Rs.41,41.0
cinthol block Rs.45,சிந்தால் கருப்பு Rs.45,45.0
saridon 1attai 10ps,சாரிடான் அட்டை,50.0
moongil appalam 50g Rs.15,50gமூங்கில் அப்பளம்Rs.15,15.0
yippee noodles Rs.28,Rs.28 yippee noodles ,28.0
arial (T&L)1.ltr RS.230,ஏரியல் (T&L)1.ltr RS.22,230.0
samBrani ottagam Rs.3 attai,Rs.3.ஒட்டக சாம்ப்ராணி அட்டை,36.0
halls Rs.1 Jar,Rs.1 ஹால்ஸ் Jar,279.0
Mr.gold 1/2 ltr,Mr.gold 1/2 ltr,115.0
citrus plus soap Rs.10,Rs.10 சிட்ரஸ் பிளஸ் சோப்,10.0
rava sampa elite Rs.53,Rs.53கோதுமை ரவா elite,53.0
michar 400g pattani,400gபட்டாணி,65.0
VVD coco.oil Rs.1 pkt(40ps),VVD தே.எண்ணெய் Rs.1 pkt(40ps),40.0
EXO round 250g box Rs.32,EXO round 250g box,32.0
dettol bottle 60ml,60ml டெட்டால் ,40.24
domex lime fresh Rs.102,domex lime fresh Rs.102,102.0
lifebuoy soap set Rs.144,lifebuoy soap set Rs.144,144.0
choclate Rs.32,choclate Rs.32,32.0
choclate (s)Rs.40,choclate (s)Rs.40,40.0
kylo Rs.2 saram,kylo Rs.2 saram,24.0
kite Rs.1 saram,Rs.1 கைடஂ பவுடர் saram,12.0
good day choco Rs.10,RS.10 குட்டே  choco chip பை (12Pcs),120.0
himalaya baby soap Rs.72,Rs.72 ஹிமாலயா பேபி  சோப் ,72.0
stayfree xl Rs.40,stayfree xl Rs.40,40.0
himalaya baby soap Rs.75,Rs.75 ஹிமாலயா பேபி  சோப் ,75.0
himalaya baby massage oil 100ml,100ml ஹிமாலயா பேபி massage oil,115.0
himalaya baby shampoo 200ml,himalaya baby shampoo 200ml,170.0
theepetti saavi(1bandel6ps),தீப்பெட்டி சாவி(1bandel6ps),60.0
RRS appalam 50g,RRS அப்பளம்  50g,15.0
RRS appalam 100g,RRSஅப்பளம் 100g,30.0
himalaya toothpaste 80g,himalaya toothpaste 80g,55.0
himalaya toothpaste 150g,himalaya toothpaste 150g,90.0
himalaya neem facewash 50ml,himalaya neem facewash 50ml,70.0
himalaya aloevera facewash 50ml,himalaya aloevera facewash 50ml,70.0
himalaya lemon facewash 50ml,himalaya lemon facewash 50ml,75.0
rusk univercel Rs.35,Rs.40 Univercel Rusk,40.0
z talc powder 100g blue,100g Z Talc Powder Blue,135.0
z talc powder 50g blue,50g Z Zest Powder (1+1),65.0
computer sambrani koya's&maya Rs.15,Koya's & Maya கம்ப்யூட்டர்  சாம்பிராணி,15.0
santhanam villai.100g.,100g சந்தன வில்லை,16.0
anil murukku maaou 500g,500g அணில் முறுக்கு மாவு,56.0
rusk britanniya Rs.30,Rs.30 rusk britanniya ,30.0
bleaching powder250g. Rs.25,250g பிளீச்சிங் பவுடர்,25.0
chakra gold 50g,50g சக்ரா கோல்டு RF,45.0
gokulam black dates 500g. Rs.227  ,gokulam black dates 500g. Rs.227  ,227.0
kamar kattu Rs.2 jar,ரூ.2 கமர் கட்டு jar,200.0
pears Rs.62 blue,பியர்ஸ் BLUE soap,62.0
pears gold Rs.54 yellow,120g பியர்ஸ் gold  yellow,54.0
pears soap green Rs.54,pears soap green Rs.54,54.0
dove soap blue Rs.35,50g  டவ் சோப்பு blue,30.0
dove soap green Rs.75,dove soap green Rs.75,75.0
surf excel powder 3kg,3kg சர்ப் எக்சல் பவுடர்,430.0
pepsodent lavang&salt 200g Rs.97,pepsodent lavang&salt 200g Rs.97,97.0
pepsodent 200g Rs.98,pepsodent 200g Rs.98,98.0
pepsodent 2*150g save back Rs.148,pepsodent 2*150g Rs.148,148.0
pepsodent 100g Rs.58,pepsodent 100g Rs.58,58.0
sensodyne (fresh mint)150g Rs.210,sensodyne (fresh mint)150g Rs.210,210.0
sensodyne 150g(fresh gel)RS.210,sensodyne 150g(fresh gel)RS.210,210.0
sensodyne 150g(fresh mint)150g Rs.210,sensodyne 150g(fresh mint)150g Rs.210,210.0
sensodyne 70g(deep clean)Rs.130,sensodyne 70g(deep clean)Rs.130,130.0
sensodyne 75g(fresh gel)Rs.120,sensodyne 75g(fresh gel)Rs.120,120.0
sensodyne 75g(fresh mint)Rs.120 ,sensodyne 75g(fresh mint)Rs.120 ,120.0
sensodyne 40g(Rapid) Rs.95,sensodyne 40g(Rapid) Rs.95,95.0
sensodyne 40g (fresh mint) Rs.80,sensodyne 40g (fresh mint) Rs.80,80.0
sensodyne 20g Rs.25,sensodyne 20g Rs.25,25.0
horlicks junior 500g Rs.330(vannia),500g ஹார்லிக்ஸ் Junior vanila,330.0
Elite maitha 500g,500g எலைட் மைதா,42.0
comfort  220ml  Rs.65,comfort  220ml  Rs.65,65.0
comfort 220ml,comfort 220ml,60.0
comfort 220ml  Rs.58,comfort 220ml  Rs.58,58.0
comfort 430ml Rs120,comfort 430ml Rs120,120.0
comfort 220ml  Rs.60,comfort 220ml  Rs.60,60.0
time pass Rs.5,time pass Rs.5,5.0
bourbon Rs.25, ரூ.25 போர்பன்,25.0
meera herpal 150g,150g மீரா சீயக்காய் JAR,120.0
bread (half size),bread (half size),30.0
colgate strong 200g Rs.115,colgate strong 200g Rs.115,120.0
colgate vedshakti Rs.64,ரூ.64 கோல்கேட் வேதசக்தி,64.0
gulab jamun 1+1 aashirvad ,gulab jamun 1+1 aashirvad ,135.0
goodKnight gold flash,goodKnight gold flash,95.0
parle-G yellow Rs.3pai 24ps,Rs.3 பார்லே ஜி pai,72.0
pen Rs.5 pkt Rs.25.cello,pen Rs.5 pkt Rs.25.cello,25.0
pen Rs.5 pkt Rs.25.mayfair,pen Rs.5 pkt Rs.25.mayfair,25.0
javathu paste Rs.35,Rs.35 ஜவ்வாது பேஸ்ட்,35.0
vathi mookkudal Rs.70,Rs.70 மூக்குடல் வத்தி ,70.0
horlicks 200g jarRs.114,ஹார்லிக்ஸ் 200g jarRs.114,114.0
noodels 1to3 Rs.10 ,noodels 1to3 Rs.10 ,10.0
noodels 1to3 Rs.75 (1+1),noodels 1to3 Rs.75 (1+1),75.0
samba rava matharland 500g,samba rava matharland 500g,54.0
gulab jamun GRB (1+),175g GRB குலாப் ஜாமூன் (1+1),145.0
gulab jamun GRB (1+1),gulab jamun GRB (1+1),135.0
plate size 10inch Eagle,plate size 10inch Eagle,100.0
comfort 220ml black,220ml கம்போர்ட்  black,65.0
comfort 220ml  Rs.58 rose,கம்போர்ட் 220ml  Rs.58 rose,58.0
comfort 220ml  Rs.60 green,கம்போர்ட் 220ml  Rs.60 green,60.0
comfort 430ml Rs120 blue,430ml கம்போர்ட் blue Rs120 ,120.0
sweet beer,சுவிட் பீர்,35.0
broom plastic ,broom plastic ,160.0
mat tyre,mat tyre,160.0
dettol skincare set Rs.125,ரூ.125 டெட்டல் ஸஂகினஂ கேரஂ சோப் செட் ,125.0
imayam masala 100g ,100g  இமயம் மசாலா,34.0
yelakkaa essance,ஏலக்கா எசன்ஸ்,40.0
oil s gold sf 5ltr,oil s gold sf 5ltr,900.0
water 500ml,water 500ml,10.0
water 300 ml,water 300 ml,6.0
oil vimal gold 5ltr,oil vimal gold 5ltr,900.0
goodKnight gold flash machine set,goodKnight gold flash machine set,95.0
3roses TOPstar100g Rs.90,3 ரோசஸ் டாப் ஸ்டார் 100g,90.0
liril soap Rs.38,liril soap Rs.38,38.0
wheel powder 500g Rs.38,500g wheel powder Rs.38,39.0
margo set Rs.160,Rs.160 மார்கோ set ,160.0
whisper choice xl Rs.45,விஸ்பர் choice xl Rs.45,45.0
avt gold cup 250g jar.RS.220,avt gold cup 250g jar.RS.220,220.0
johnsons powder 200g Rs.180,johnsons powder 200g Rs.180,180.0
pampers(s)Rs22,பேம்பர்ஸ்(s)Rs22,22.0
avt gold cup 250g Rs.210,avt gold cup 250g Rs.210,210.0
head & shoulder neem 180ml Rs.245,head & shoulder neem 180ml Rs.245,465.0
bru 50g Rs.100,புரூ காபி தூள் 50g Rs.100,100.0
dove soap Rs.64,Rs.64 டவ் சோப்பு,64.0
dove daily sine shampoo Rs.180,Rs.180 டவ் ஷாம்பூ daily sine,180.0
dove clin&fres shampoo Rs.185,Rs.185 டவ் ஷாம்பூ clin&fres,185.0
dove dryness care shampoo Rs.180,Rs.180 டவ் ஷாம்பூ dryness care,180.0
dove IRT shampoo Rs.180,Rs.180 டவ் ஷாம்பூ IRT,180.0
dove frsh moistre shampoo Rs.75,dove frsh moistre shampoo Rs.75,75.0
dove clean&fresh Rs.72,dove clean&fresh Rs.72,72.0
dove shampoo Rs.72,Rs.72 டவ் ஷாம்பூ,72.0
Fair & lovely 50g Rs.122,Fair & lovely 50g Rs.122,122.0
horlicks 200g pkt Rs.99,200g ஹார்லிக்ஸ் pkt,99.0
horlicks 500g Rifill Rs.275,500g ஹார்லிக்ஸ் Rifill,294.0
lux soap rose Rs.36,100g லக்ஸ் சோப்பு ரோஸ்,36.0
pears soap gold Rs.100,Rs.100பியர்ஸ்soap gold,100.0
pears soap green Rs.63,pears soap green Rs.63,63.0
ponds powder Rs.72,50g பாண்ட்ஸ் sandal,72.0
ponds magic Rs.135,100g பாண்ட்ஸ் magic,135.0
sensodyne 80g (rap relif) Rs.170,sensodyne 80g (rap relif) Rs.170,170.0
sunsilk pink 180ml.Rs.135,180ml சன்சில்க் pink,135.0
sunsilk black 300ml.Rs.300,300ml சன் சிலக்  கருப்பு,300.0
sunsilk black 80ml.Rs.62,sunsilk black 80ml.Rs.62,62.0
sunsilk pink 80ml.Rs.59,80ml சன்சில்க் pink,59.0
sunsilk yellow 80ml Rs.59,80ml சன்சில்க் yellow,59.0
surf LIQ FL 500ml Rs.130,surf LIQ FL 500ml Rs.130,130.0
tajmahal 100g Rs.95,100g தாஜ்மகால் டீ தூள்,80.0
lux soap white Rs.36,100g லக்ஸ் சோப்பு ஒயிட்,36.0
close up paste 100g Rs.48,close up paste 100g Rs.48,48.0
head & shoulder cool 180ml Rs.197,head & shoulder cool 180ml Rs.197,197.0
lizol citrus 975ml,lizol citrus 975ml,221.0
bb tedhe medhe 5rs,டெடி மிடி5Rs,5.0
bb bingo red chilly,bb  பிங்கோ ரெட் சில்லி,5.0
bb பிங்கோ ரெட் சில்லி 5Rs,bb பிங்கோ ரெட் சில்லி 5Rs,5.0
bb tedhe medhe 5rs குர்குரே,bb டெடி மிடி 5rs குர்குரே,5.0
pampers(M)Rs27,பேம்பர்ஸ்(M)Rs27,27.0
odonil Rs.53,odonil Rs.53,53.0
karthika green shampoo 80 ml,karthika green shampoo 80 ml,43.0
goorej expert original,goorej expert original,20.0
super max blade ,super max blade ,24.0
EXO steel scurber,EXO steel scurber,15.0
gogulam dates 500g,gogulam dates 500g,140.0
meera seeiyakkai Rs.4,ரூ.4 மீரா சீயக்காய்,4.0
moove spray Rs.149,35g Moove Spray,186.0
comfy ,comfy ,22.0
kamar kattu small jar,kamar kattu small jar,60.0
nei SKC Rs.10 ,Rs 10 SKC நெய் ,10.0
milagai thool ag 1kg,AGமிளகாய்தூள்1kg,190.0
perungayathool AVM 25g ,25g காய்த்தூள் AVM 25g ,35.0
perungayathool STS 10g pkt(12ps),10g STSகாய்த்தூள்pkt(12ps),120.0
otto powder 100G,otto powder 100G,120.0
mamypokko pants(s) Rs.22,mamypokko pants(s) Rs.22,22.0
mamypokko pants(m) Rs.26,mamypokko pants(m) Rs.26,26.0
mamypokko pants(l) Rs.32,mamypokko pants(l) Rs.32,32.0
mamypokko pants(xl) Rs.36,mamypokko pants(xl) Rs.36,36.0
dettol soap og Rs.40,ரூ.40 டெட்டல் சோப் org,40.0
dabur red paste 150g+150g,dabur red paste 150g+150g,165.0
Mr.gold kadalai 1/2 ltr,Mr.gold kadalai 1/2 ltr,115.0
Mr.gold kadala 1/2 ltr,Mr.gold kadala 1/2 ltr,115.0
inji poondu paste Rs.5 MK,Rs.5.MKஇஞ்சி பூண்டு பேஸ்ட்,5.0
z pocket perfume,z pocket perfume,70.0
z spray 120ml.,z spray 120ml.,250.0
z talc powder 200g, 200g z டால்க் பவுடர்,220.0
 z deo spray 120ml., z deo spray 120ml.,250.0
oil idhayam 50ml pkt,oil idhayam 50ml pkt,19.0
oil idhayam 50ml,50ml இதயம் (ந.எ) pkt,24.0
thulasi semiya pkt,thulasi semiya pkt,15.0
mountain dew Rs.15,mountain dew Rs.15,15.0
Aachi pickle (1+1),Rs.89 ஆச்சி ஊறுகாய் (1+1),89.0
ponvandu 1kg powder Rs.195,1kg பொன்வண்டு பவுடர் offer,195.0
ponvandu soap Rs.10,Rs.10 பொன்வண்டு சோப்,10.0
ponvandu soap Rs.15,Rs.15பொன்வண்டு சோப்,15.0
ponvandu soap Rs.30,Rs.30பொன்வண்டு சோப்,30.0
ponvandu dish wash soap Rs.10,Rs.10பொன்வண்டு டிஷ் வாஷ்சோப்,10.0
3roses 500g Rs.330,3 ரோசஸ்  500g Rs.330,330.0
malli thool arumai 500g,malli thool arumai 500g,135.0
colgate herbal 100g,100g கோல்கேட் ஹெரஂபலஂ,85.0
colgate salt lemon 100g,100g கோல்கேட் லெமனஂ சாலஂடஂ,78.0
colgate strong 300g,300g கோல்கேட் ஸ்ட்ராங்,194.0
colgate cibaca 175g,175g கோல்கேட் சிபாக்கா,70.0
dettol soap og Rs.67,ரூ.67 டெட்டல் சோப் org,67.0
medimix sandal Rs.38,medimix sandal Rs.38,38.0
z deo spray 120ml.,z deo spray 120ml.,250.0
kite powder Rs.5,Rs.5 கைடஂ பவுடர்,5.0
avt gold cup 250g jar 100RS,avt gold cup 250g jar 100RS,100.0
choclate..30,choclate..30,35.0
himalaya baby massage oil 50ml,himalaya baby massage oil 50ml,62.0
water cane 5Ltr,5Ltவாட்டர் கேன்,100.0
arial liq TL 2.5ml,2.5lt ஏரியல் liq TL,548.0
sls குருணை சுவாகத்,சுவாகத் குருணை அரிசி,45.0
arial liq FL 2.5ml,2.5lt ஏரியல் liq FL,625.0
nestle choco,nestle choco,10.0
thulasi semiya pai ,துளசி சேமியா பை,300.0
raagam muscat black dates 500g,raagam muscat black dates 500g,228.0
ragam muscat black dates 500g,ragam muscat black dates 500g,228.0
parachute bottle 175ml Rs.60,175ml பாராசூட் ஜார் Rs.60,60.0
karuppu thiratchai 100g,கருப்பு திராட்சை 100g,30.0
thamizhan detergent soap,தமிழன் சோப்பு,15.0
maitha elite 200g,200g எலைட் மைதா,23.0
perungayathool STS 10g ,பெருங்காய தூள் STS 10g ,10.0
perunkayam thool lg 100g,பெருங்காய தூள் lg 100g,182.0
perunkayam lg katti 100gm,பெருங்காய கட்டி lg 100gm,165.0
perunkaya powder lg 50g,பெருங்காய தூள் lg 50g,92.0
perunkayam lg katti 50G,50g lg பெருங்காய கட்டி ,91.0
perunkayam aachi powder ,ஆச்சி பெருங்காய தூள்,79.0
seeval satha Rs.5 bandal,Rs.5 சாதா சீவல் (b),100.0
perunkaya thool(aram)Rs.2 saram,பெருங்காய தூள் ஆரம்Rs.2 saram,40.0
z spray Rs.75,z spray Rs.75,75.0
chicken 65 masala ,chicken 65 masala ,10.0
chikken 65 masala ,chikken 65 masala ,10.0
oreo Rs.5,Rs.5 Oreo Box ,160.0
oral b brush Rs.25,Rs.25 ஓரல் பி பிரஷ்,25.0
tide powder 10Rs,Rs.10 டைடு பவுடர்,10.0
arial poweder1.5kg,1.5kg ஏரியல் பவுடர்,370.0
tide 500g Rs.66,tide 500g Rs.66,66.0
tide 500g Rs.71,tide 500g Rs.71,71.0
tide 1kg Rs.146,tide 1kg Rs.146,146.0
tide 1/2 kg lemon powder,tide 1/2 kg lemon powder,41.0
tide 500g Rs.73,tide 500g Rs.73,76.0
head & shoulder ,head & shoulder ,200.0
vicks vaporub150ml Rs.265 ,vicks vaporub150ml Rs.265 ,265.0
vicks vaporub 50g Rs.155 , 50ml விக்ஸ் வேபோரப் Rs.155 ,155.0
moms magic Rs.10,Rs.10 மாம்ஸ் மெஜிக் பிஸ்க்கட்,10.0
moms magic Rs.25,moms magic Rs.25,25.0
nei SKC 200ml,200ml SKC நெய்,180.0
rusk univercel Rs.45,rusk univercel Rs.45,45.0
vathi set black Rs.75,vathi set black Rs.75,75.0
cinthol(og) Rs.44,சிந்தால்(og) Rs.44,44.0
ks Spray Rs.80,ks Spray Rs.80,80.0
vathi Rs.2 dozen,Rs.2 வத்தி dozen,24.0
samba ravai elite 500g,சம்பா ரவை எலைட் 500g,55.0
EXO 500g round box rs.60,EXO 500g round box rs.60,60.0
3roses nc 100g RS.100,3 ரோசஸ் nc 100g,100.0
hamam soap Rs.38,Rs.38.ஹமாம் சோப்,38.0
horlicks junior 450G POUCH,horlicks junior 450G POUCH,330.0
horlicks junior 500G POUCH,500g ஹார்லிக்ஸ் junior pkt,330.0
samBrani cup DELTA ,samBrani cup DELTA ,84.0
sambrani Sampradayam cup Rs.100,Rs.100 சம்பிரதாயம் கப் சாம்ப்ராணி,100.0
samBrani cup sampradayam Rs.70,சம்பிரதாயம் கப் சாம்பிராணி Rs.70,70.0
niine pants (s)Rs.12,niine pants (s)Rs.12,12.0
smb atta 10kg,Smb ஆட்டா 10kg,450.0
veppennai 100ml saram,வேப்ப எண்ணெய் 100ml சரம்,400.0
nool cone 1/2g,கோண் நூல் 1/2g,100.0
smp atta 10kg,smp ஆட்டா 10kg,450.0
bonvitta 1kg,bonvitta 1kg,423.0
pacha karpooram,பச்சை கற்பூரம்,18.0
vathi cycle Rs.20,Rs.20 சைக்கிள் வத்தி,20.0
javathu ATTAR,ஸ்ரீ பாலமுருகன் ஜவ்வாது அத்தர்,50.0
cover small ,cover small ,15.0
cover medium,cover medium,25.0
inji poondu paste aatchi Rs.5,Rs.5 ஆச்சி இஞ்சி பூண்டு பேஸ்ட்,5.0
avt gold cup 250g jar 105RS,avt gold cup 250g jar 105RS,105.0
milagai thool ag 50g saram,மிளகாய் தூள் AG 50g சரம்,150.0
bleaching powder.100g Rs.12,bleaching powder.100g Rs.12,12.0
DD Ice cream,ஐஸ் கிரிம் 35RS,35.0
chikken 65 masala Rs.10,Rs.10 சிக்கன் 65 மசாலா,10.0
bleaching powder 200g Rs.32,200g பிளீச்சிங் பவுடர்,32.0
sivappu merun 40g smk,40g மெருன் குங்குமம்smk,20.0
sivappu 40g smk,40g சிவப்புsmk,20.0
viputhi 50g Rs.18,50g விபூதி,18.0
veppennai 100ml ,100ml வேப்ப எண்ணெய் PKT,40.0
viputhi 25g Rs.5,25g விபூதி Rs.5,5.0
sivappu Rs.5,Rs.5 சிவப்பு ,5.0
sivappu merun Rs.5,Rs.5மெருன் சிவப்பு,5.0
yippee noodles Rs.53,yippee noodles Rs.53,53.0
himalaya almond&rose Rs.30,himalaya almond&rose Rs.30,30.0
ravai ramanas 500g,500gரவை ரமணாஸ்,43.0
saffola oats 500g Rs.89,saffola oats 500g Rs.89,89.0
pears soap green Rs.50,pears soap green Rs.50,50.0
cinthol og Rs.35,cinthol og Rs.35,35.0
margo Rs.140,margo Rs.140,42.0
ponds dream Rs.345,பாண்ட்ஸ் ட்ரிம் Rs.345,345.0
theepam yennaie 1ltr pk,1ltr தீபம் எண்ணெய் pkt,210.0
puzhunkal arisi,puzhunkal arisi,900.0
oil VOM 1ltr,VOM 1ltr,120.0
perunkayam katti 25g,perunkayam katti 25g,50.0
orange red colour,ஆரஞ்சு ரெட் மிட்டாய்பவுடர்,3.0
kesari kalar Red,கேசரி கலர் ரெட்,3.0
lemon yellow colour,லெமன் மிட்டாய் பவுடர்,3.0
chikkan masala 65 50gm,50g சிக்கன் 65 சக்தி,34.5
kimia dates 400g Rs.310,kimia dates 400g Rs.310,310.0
zahdi seedless dates 500g,zahdi seedless dates 500g,140.0
5 star Rs.5,Rs.5 5 star,5.0
kitkat Rs.10,Rs.10 kitkat,10.0
kitkat Rs.5,Rs.5 Kitkat Box,300.0
milkybar Rs.5,Rs.5 மில்கிபார்,5.0
milkybar Rs.20,Rs.20 மில்கி பார்,20.0
yardley powder 250g Rs.230,yardley powder 250g Rs.230,230.0
yardley powder 100g Rs.135,100g யார்ட்லி பவுடர்,133.0
yardley powder 50g Rs.72,50g யார்ட்லி பவுடர்,72.0
panasonic battery AA Rs.16,panasonic battery AA Rs.16,16.0
panasonic battery AAa Rs.15,Rs.15 panasonic battery AAA,15.0
vatika 75ml Rs.45,75ml vatika hair oil  ,45.0
vatika 150ml Rs.97,150ml vatika hair oil,82.0
vatika 300ml Rs.180,300ml vatika hair oil,199.0
dabur amla hair.oil 300ml ,dabur amla hair.oil 300ml ,145.0
Fair & handsome 15g Rs.35,Fair & handsome 15g Rs.35,35.0
allout set Rs.95,allout set Rs.95,95.0
chakravrthi soap Rs.10(W),ரூ.10 சக்கரவர்த்தி  சோப் வெள்ளை,10.0
pantene shampoo 180ml.Rs.195,pantene shampoo 180ml.Rs.195,195.0
ravai samba elite 500g,500g எலைட் சம்பா ரவை  பச்சை  ,48.0
ponds sandal Rs.135,100g  பாண்ட்ஸ் சண்டெல்,135.0
horlicks women+ 400g jar Rs.325,400g ஹார்லிக்ஸ் woman+ Jar,325.0
surf excel(T&L)1ltr pouch Rs.185,சர்ப் எக்சல் (T&L)1ltr pouch Rs.185,185.0
surf excel(F&L)1ltr pouch Rs.199,சர்ப் எக்சல் (F&L)1ltr pouch Rs.199,199.0
amurthanjan yellow Rs.40,Rs.40.அமுர்தான்ஜன் yellow,40.0
amurthanjan green Rs.40 ,Rs.40.அமுர்தான்ஜன் green,40.0
sunfeast super milk,sunfeast super milk,10.0
sunfeast super milk rs.5,sunfeast super milk rs.5,5.0
cup mangaldeep treya,சாம்ராணி.ம.தீப் கப் treya,75.0
cup mangaldeep treya sambrani,சாம்ராணி.ம.தீப் கப் treya,75.0
sambrani cup mangaldeep treya,சாம்ராணி.ம.தீப் கப் treya,75.0
gillete cream Rs.35,gillete cream Rs.35,35.0
gillete guard Rs.130 ,gillete guard Rs.130 ,130.0
gillete guard blate.3pcs Rs.28,gillete guard blate.3pcs Rs.28,28.0
gillete guard plate Rs.35,gillete guard plate Rs.35,35.0
gillete guard Rs.95,gillete guard Rs.95,95.0
gillete machine set Rs.24,gillete machine set Rs.24,24.0
Gillete WINNER blade,Gillete WINNER blade,26.0
gillete WINKINSON,gillete WINKINSON,25.0
meera herbal 40g Rs.39,மீரா சீக்காய் 40g Rs.39,39.0
goothrej Rs.33,goothrej Rs.33,33.0
godrej expert cream Rs.15,Rs.15 Godrej Expert Cream ,15.0
godrej Rs.33,godrej Rs.33,33.0
godrej expert (original),Godrej (SHAMPOO HAIR COLOUR),15.0
himalaya baby hair oil 100ml Rs.125,100ml ஹிமாலயா பேபி  hair oil,125.0
himalaya baby 50ml hair oil Rs.70,himalaya baby 50ml hair oil Rs.70,70.0
nandhi 2d,நந்தி2d,1250.0
Fair & lovely 50g Rs.110,Fair & lovely 50g Rs.110,110.0
Fair & lovely 50g Rs.118,Fair & lovely 50g Rs.118,118.0
goodKnight gold flash set Rs.109,goodKnight gold flash set Rs.109,109.0
himalaya baby powder 100g.Rs.83,himalaya baby powder 100g.Rs.83,83.0
himalaya orange face wash Rs.79,himalaya orange face wash Rs.79,79.0
ks Spray Rs.65&62 pkt,ks Spray Rs.65&62 pkt,65.0
head & shoulder heirfal Rs.200,head & shoulder heirfal Rs.200,200.0
head & shoulder silky 180ml Rs.197,head & shoulder silky 180ml Rs.197,197.0
head & shoulder smooth silky Rs.197,head & shoulder smooth silky ,197.0
head & shoulder 2in1smooth.silky Rs.245,head & shoulder 2in1smooth.silky Rs.245,245.0
head & shoulder silky black 180ml Rs.197,head & shoulder silky black 180ml Rs.197,197.0
head & shoulder anti herfal Rs.75,head & shoulder anti herfal Rs.75,75.0
head & shoulder neem 72ml Rs.75,head & shoulder neem 72ml Rs.75,75.0
head & shoulder black 72ml Rs.75,head & shoulder black 72ml Rs.75,75.0
head & shoulder smooth silky Rs.75,head & shoulder smooth silky Rs.75,75.0
head & shoulder lemon fresh Rs.75,head & shoulder lemon fresh Rs.75,75.0
karthicka sampoo red 175ml,175ml கார்த்திகா ரெட் ஷாம்பூ ,97.0
karthika red shampoo 80ml Rs.52,80ml கார்த்திகா ரெட் ஷாம்பூ ,52.0
clinic plus 175ml Rs.115,Rs.115 clinic plus 175ml ,115.0
chik black Rs.10,Rs.10 சிக் கருப்பு,10.0
chik egg white Rs.15 ,Rs.15 சிகஂ எஃகு ஒயஂடஂ சாமஂபு,15.0
denver 165ml Rs.250,denver 165ml Rs.250,250.0
denver 50ml Rs.80,50ml டென்வர் டியோ,80.0
Envy Red 120ml Rs.199,Envy Red 120ml Rs.199,199.0
Envy white 120ml Rs.220,Envy white 120ml Rs.220,220.0
rusk britanniya atta Rs.10,britanniya rusk atta Rs.10,10.0
rusk britanniya atta Rs.35,rusk britanniya atta Rs.35,35.0
medimix shampoo Rs.3 TC,ரூ.3 மெடிமிக்ஸ் ஷாம்பு TC,3.0
avt gold cup 250g with free Rs.210,avt gold cup 250g with free,220.0
avt gold cup 250g jarRs.200,avt gold cup 250g jarRs.200,200.0
manna oats 500g jar 135,manna oats 500g jar 135,135.0
bullet choclate Rs.2 jar,bullet choclate Rs.2 jar,150.0
masti choco Rs.2 jar,masti choco Rs.2 jar,150.0
soan papti Rs.5 jar,Rs.5 சோம்பப்டி jar,150.0
black&white choclate Rs.1.jar ,Rs.1 Panda Black & White Choclate jar,150.0
allwin mittaiye Rs.2 box,Rs.2ஆல்வின் மிட்டாய் box,300.0
AAthi,AAthi,1200.0
oil idhayam 500ml bottle,500ml இதயம்மந்த்ரா(ம) bottle,132.0
milaguthool xxx(500g),மிளகுதூள்  xxx(500g),120.0
777 rice sippam 25kg,777 அரிசி சிப்பம் 25kg,1800.0
Athi,Athi,1200.0
parachute jasmine 200ml,200ml பாராசூட் ஜஸ்மின்,75.0
boost 500g pkt Rs.245,boost 500g pkt Rs.245,295.0
VVD gold 175ml Rs.65,175ml vvd தே.எண்ணெய்,75.0
bb tedhe medhe 5rs குர்குரே red,டெடி மிடி 5rs குர்குரே red (15),5.0
bb tedhe medhe 5rs குர்குரே pink,டெடி மிடி 5rs குர்குரே pink (12) ,5.0
gilleteGuard3 Rzr Rs.70,gilleteGuard3 Rzr Rs.70,70.0
citrus plus srup,citrus plus srup,10.0
twinkle scrup pad Rs.10,ரூ.10 ட்விங்கிள் ஸ்க்ரப் பேட்,10.0
oil idhayam mantra (M) 500ml pkt,500ml pkt இதயம்மந்த்ரா(ம),125.0
Nabati Rs.10 yellow,Rs.10 நபாட்டி  மஞ்சள்,10.0
Nabati Rs.10 cho,Rs.10 நபாட்டி cho,10.0
Nabati Rs.5 box.yellow,Rs.5 நபாட்டி பாக்ஸ் yellow,120.0
Nabati Rs.5 box cho,Rs.5 நபாட்டி பாக்ஸ்  cho,120.0
chicken masala Rs.10 darling,Rs.10 சிக்கன் மசாலா darling,10.0
sambar podi Rs.10 darling,Rs.10சாம்பார்பொடி darling,10.0
karam மசாலா Rs.10 darling,10 கரம் மசாலா சரம் darling,10.0
mattan masala Rs.10 darling,Rs.10 மட்டன் மசாலா darling,10.0
meen varuval masala Rs10 darling,Rs10 மீன் வறுவல் darling,10.0
meen kuzhampu masala 10 darling,Rs10 மீன்குழம்பு மசாலா darling,10.0
thani milagai thool Rs.10 darling,Rs.10தனி.மி.தூள் darling,10.0
mattan masala 50g Aachi,50g ஆச்சி மட்டன் மசாலா ,30.0
chicken masala 50g aachi,50g சிக்கன் மசாலா aachi,28.0
biriyani masala 50g aachi,பிரியாணிமசாலா 50g aachi,45.0
kari masala 50g aachi,கரி மசாலா 50g aachi,27.0
karam masala 50g aachi,கரம் மசாலா 50g aachi,39.0
manjal thool 50g aachi,மஞ்சள்தூள் 50g aachi,15.0
thani milagai thool 50g aachi,தனி மிளகாய் தூள் 50g aachi,40.0
rasa podi 50g aachi ,ரச பொடி 50g aachi ,38.0
idli podi aachi 50g,50gஇட்லிபொடி ஆச்சி,22.0
manjal thool 100g aachi,மஞ்சள்தூள் 100g aachi,29.0
thani milagai thool 100g aachi,100gதனி மிளகாய் தூள் aachi,48.0
thani milagai thool 500g aachi,தனி மிளகாய் 500g aachi,380.0
3roses nc Rs.2,3 ரோசஸ்  nc Rs.2,2.0
surf LIQ (F/L) 1L Rs.230,surf LIQ (F/L) 1L Rs.230,230.0
lion syrup 250g,250g லயன்  டேட்ஸ் syrup,107.0
lion dates 250g(1+1),லயன் டேட்ஸ்250g(1+1),95.0
lion dates desert king 250g,லயன் டேட்ஸ் desert king 250g,145.0
jam lion 100g,லயன் ஜாம்  100g,20.0
medimix ayurvedic 75g set,75g*4  மெடிமிக்ஸ் ஆயுர்வேதிக் சோப் Set,96.0
medimix 75g set,மெடிமிக்ஸ் சோப்பு 75g set,96.0
viputhi 250g Rs.50,250gவிபூதி Rs.50,50.0
HH camlin wax crayon RS 10,Rs.10 Camlin Wax Crayon,10.0
denver 165ml ,denver 165ml ,250.0
vathi cycle Rs.5 dozen,Rs.5 சைக்கிள் வத்தி Sandalum Dozon,60.0
HH camlin wax crayon RS 15,camlin wax crayon RS.15,15.0
HH camlin wax crayon RS.35,RS.35 Camlin Wax Crayon,35.0
HH camlin sketch RS.30,RS.30 camlin ஸ்கெட்ச் (12'p),30.0
HH camlin supreme pencil Rs.60,camlin supreme pencil Rs.60,60.0
nijam pakku.yellow Rs.2 pkt,Rs.2 நிஜாம் பாக்கு மஞ்சள்,200.0
nijam pakku blue Rs.2 pkt,Rs.2 நிஜாம் பாக்கு நீலம்,200.0
HH camlin shd wooden pencil Rs.70,camlin shd wooden pencil Rs.70,70.0
HH camlin nove rt wooden pencil Rs.70,camlin nove rt wd pencil Rs.70,50.0
HH camlin colour pencil hsc,camlin colour pencil hsc,25.0
HH camlin colour pencil hsc rs 25,Rs.25 Camlin Colour Pencil 10P,25.0
HH camlin sharpner RS.60,camlin sharpner RS.60,60.0
HH camlin Exam sharpner RS.60,camlin Exam sharpner RS.60,60.0
HH camlin long point sharpner RS.120,camlin lo point sharpner RS.120,120.0
HH camlin Eraser XL RS.120,camlin Eraser XL RS.120,120.0
michar 400g heart biscute,400g ஹார்ட் பிஸ்கட்,65.0
mm thaniya payir Rs.5 pkt,Rs.5 தானிய பயிர் பண்டல்,60.0
cinthol(cool)நிலம் set rs 93,சிந்தால் நிலம் set rs 93,93.0
kezhvaragu mavu (ra) 500g,கேழ்வரகு mavu (ra) 500g,60.0
raagi mavu (ra) 500g,500gராகி raman's,43.0
vathi set black Rs.23,Rs.23 செட் ப்ளாக் வத்தி,23.0
vathi Z black Rs.60,Rs.60 செட் ப்ளாக் வத்தி,60.0
kinder joy Rs.45,Rs.45 கிண்டர் ஜாய்,45.0
kalla mittai Rs.6(jar) KAMARAJ,கள்ளமிட்டாய்Rs.6 jar KAMRAJ,240.0
kalla mittai.Rs.2 jar KAMARAJ,கள்ளமிட்டாய்.Rs.2 jar KAMARAJ,250.0
kalla mittai.Rs.2.5 jar KAMARAJ,கள்ளமிட்டாய்.Rs.2.5 jar KAMARAJ,250.0
huggies(s)10,huggies(s)10,10.0
chakravrthi powder Rs.5,ரூ.5 சக்கரவர்த்தி பவுடர்,5.0
AM noodles RS.12,AM noodles RS.12,12.0
arial (T&L)1.ltr RS.235,ஏரியல் (T&L)1. RS.235,235.0
puli mark seekaie 10g,10g புலி மார்க் சீக்காய்,2.0
puli mark seekaie 25g,25g புலிமார்க் சீக்காய்,7.0
HH camlin hi leads 0.7mm RS 50,Camlin Leads 0.7mm Rs.50,50.0
HH camlin LP sharpner RS.6,camlin LP sharpner RS.6,120.0
HH camlin EX Eraser RS.3 ,Rs.3 Camlin EX Eraser,3.0
HH camlin EX eraser xl RS.5,RS.5 Camlin Eraser xl,5.0
HH camlin EX scale 15cm,15cm Camlin EX Scale ,5.0
oil Raja palmonlien 1ltr box,ராஜா கோல்டு  pom 1ltr box,1500.0
HH camlin EX scale 30cm,30cm Camlin EX Scale ,12.0
HH camlin klick pencil 0.7mm RS 100,camlin klick pencil 0.7mm RS.100,100.0
HH camlin glue stick jar 30pcs,camlin glue stick jar 30pcs,750.0
HH camlin white glue 22.5gm rs.10,Rs.10 Camlin White Glue 22.5gm,10.0
HH camlin white glue 45gm rs.20,camlin white glue 45gm rs.20,200.0
HH camlin white glue 100gm,camlin white glue 100gm,40.0
perungayathool TT 100g,TT.பெருங்காயதூள்100g ,165.0
HH camlin math inst box scholar,camlin math inst box scholar,140.0
HH camlin math box exam,camlin math box exam,160.0
HH camlin Exam plastic parts,camlin Exam plastic parts,28.0
HH camlin hilighter pen yollow,camlin hilighter pen yollow,25.0
HH camlin hilighter pen green,camlin hilighter pen green,25.0
HH camlin CD-DVD marker pen black,camlin CD-DVD marker pen black,10.0
HH camlin CD-DVD marker pen green,camlin CD-DVD marker pen green,10.0
HH camlin CD-DVD marker pen blue,camlin CD-DVD marker pen blue,10.0
HH camlin CD-DVD marker pen red,camlin CD-DVD marker pen red,10.0
HH camlin BOLD-EP marker green,camlin BOLD-EP marker green,20.0
HH camlin BOLD-permanent marker black,camlin BOLD-permanent marker black,20.0
HH camlin BOLD-EP marker red,camlin BOLD-EP marker red,20.0
HH camlin BOLD-E WB blue,camlin BOLD-E WB blue,28.0
HH camlin BOLD-E WB green,camlin BOLD-E WB green,28.0
HH camlin BOLD-E WB red,camlin BOLD-E WB red,28.0
HH camlin SWC cake box rd-12-jr,camlin SWC cake box rd-12-jr,20.0
HH camlin SWC cake box rd-15-jr,camlin SWC cake box rd-15-jr,30.0
HH camlin SWC cake box rd-12-jr ovel,camlin SWC cake box rd-12-jr ovel,35.0
HH camlin SWC cake box rd-12'-PL,camlin SWC cake box rd-12'-PL,60.0
HH camlin FP INK 60ML BLACK,camlin FP INK 60ML BLACK,25.0
HH camlin FP INK 60ML RED,camlin FP INK 60ML RED,25.0
HH camlin Exam sharpner RS.4 JAR,camlin Exam sharpner RS.4 JAR,400.0
HH camlin colour pencil FS-12'S,camlin colour pencil FS-12'S,60.0
HH camlin gum paste 50ml,camlin gum paste 50ml,20.0
choki choki,choki choki,230.0
choki choki jar,choki choki jar,230.0
puliyothara podi 50g ,puliyothara podi 50g ,28.0
lemon mix powder 50g,50g லெமன் சாதம் பொடி,22.0
orange mittai jar Rs.150,Rs.150 ஆரஞ்சு மிட்டாய் jar,150.0
bb con kurkure,Rs.5 Con kurkure,5.0
santoor soap 100g,100g சந்தூர் சோப்பு,34.0
parle magix RS.5 orange,parle magix RS.5 orange,5.0
parle magix RS.5 strawberry,parle magix RS.5 strawberry,5.0
parle magix RS.5 elaichi,parle magix RS.5 elaichi,5.0
unibic cookies RS.60,unibic cookies RS.60,60.0
vathi GDS Rs.20,Rs.20 GDS வத்தி,20.0
thulasi semiya,இனிமை சேமியா ,19.0
boost 200G,200G பூஸ்ட்,109.0
boost pkt 200G,200g பூஸ்ட் pkt,109.0
bb kurkure 1rs pkt,குர்குரே Rs.1 pkt,50.0
bb biriyani kurcure Rs.5(12ps)saram ,பிரியாணி குர்குரே Rs.5(12ps)சரம்,60.0
gillete foam 50g,gillete foam 50g,90.0
Vicks inhalerkeychain,Vicks Inhaler keychain Rs.69,69.0
vicks baby rub 10ml,10ml விக்ஸ் பேபி ராப்,55.0
gillete simply venus ,gillete simply venus ,75.0
gillete vector+,gillete vector+,75.0
Gillette 7o'clock,Gillette 7o'clock,75.0
bonveta,bonveta,400.0
micher BIG,micher BIG,400.0
arial PW blue 500g,RS 120 ஏரியல் பவுடர் 500g ,120.0
kuliyal manjal Rs.10,kuliyal manjal Rs.10,15.0
palcova jar,palcova jar,75.0
vathi saravana  Rs.10 dozen,vathi saravana  Rs.10 dozen,120.0
vathi feel Rs.65,Rs.65 feel வத்தி,65.0
chandrika soap Rs.96 set,சந்திரிகா சோப் Rs.96 set,96.0
chandrika soap Rs.147 set,சந்திரிகா சோப் 125g * 3p,147.0
medimix 75g clasic set.Rs.96,Rs.96மெடிமிக்ஸ் சோப்பு clasic 75g set,96.0
medimix 75g santol set.Rs.114,மெடிமிக்ஸ் சோப்பு santol 75g setRs.114,114.0
bb fulltoss masala Rs.5,bb fulltoss masala Rs.5,5.0
colgatesalt 100g Rs.69,100g கோல்கேட்சால்ட் Rs.69,69.0
balloon RS 10,10ரூ பலூன்,10.0
samayal Raja Gold 100ml,100ml ராஜா கோல்டு,17.0
HH camlin nove rt wooden pencil Rs.50,camlin nove rt wooden pencil Rs.50,50.0
surf LIQ (F/L) 1L Rs 250,சர்ப் LIQ (F/L) 1L Rs 250,250.0
nei aroma 50ml.Rs.50,aroma நெய் 50ml.Rs.50,50.0
nei aroma 100 ml,100ml aroma நெய்,90.0
nei aroma Rs.10,Rs.10 aroma நெய்,10.0
chikkan masala 50g aachi,50g ஆச்சி சிக்கன் மசாலா,23.0
chikkan masala Rs.10 darling,Rs.10 சிக்கன் மசாலா டார்லிங்,10.0
perungayathool Aachi Rs.2 saram ,ஆச்சி (பெ.காய.தூள்) RS.2 SARAM  ,40.0
comfort kosu vathi Rs.16,Rs.16 கம்போர்ட் கொசுவத்தி,16.0
sine powder cycle 50g,sine powder cycle 50g,24.0
shining powder cycle 50g,50g சைக்கிள் சைனிங் பவுடர்,24.0
head & shoulder SS Rs.79,head & shoulder SS Rs.79,79.0
head & shoulder neem 72ml Rs.97,head & shoulder neem 72ml Rs.97,97.0
arial powder 500g Rs.124,Rs.124 ஏரியல் பவுடர் 500g,124.0
raagam muscat black dates 250g,raagam muscat black dates 250g,120.0
ragam b(perichai) 250g Rs.120,ragam b(perichai) 250g Rs.120,120.0
ragam pereechai 250G RS75,ராகம் பேரீச்சை 250G RS75,75.0
ragam muscat black dates 250g,ragam muscat black dates 250g,120.0
gokul santol 30G.RS.40(p),30G கோகுல் சாண்டல் பவுடர்,43.0
horlicks 200g jar choco Rs.119,200g ஹார்லிக்ஸ் choco jar,119.0
D'Lite black dates 500g,D'Lite black dates 500g,235.0
nei SKC 500ml,500ml SKC நெய்,456.0
nei SKC 1 ltr,1 ltr skc நெய்,925.0
D Lite black dates 500g,D Lite black dates 500g,235.0
water gane 5ltr,வாட்டர் கேன் 5ltr,60.0
water 5ltr,5 ltr வாட்டர் கேன் ,60.0
kozhukattai maavu rasathi 500g,500g ராசாத்தி கொழுகட்டமாவு,55.0
bread (full size) kothumai,கோதுமை bread (full size),40.0
5 star Rs.20,5 star Rs.20,20.0
5 star Rs.30,5 star Rs.30,30.0
HMT rice,HMT அரிசி,61.0
DDM rice ,DDM rice ,60.0
applam poo,applam poo,500.0
ravaathosai mix 500g,ravaathosai mix 500g,85.0
samayal 100ml,100mlசமயல் எண்ணெய்,15.0
pears blue,பியர்ஸ் BLUE soap,62.0
vaigai rice,vaigai rice,1250.0
MILTON scrubber ,MILTON scrubber ,10.0
oma water 4ps(1pai),4psஓம வாட்டர் (1பை),25.0
ponds megic 50g,50g பாண்ஸ் megic பவுடர்,77.0
ponds cream Rs.10(10ps) saram,ponds cream Rs.10(10ps) saram,100.0
ponds cream Rs.10,Rs.10 ponds cream,10.0
horlicks 450G POUCH,450g ஹார்லிக்ஸ் pouch,219.0
puttu maavu 500g anil,500g புட்டுமாவு anil,80.0
Eveready AA ,Eveready AA ,18.0
santoor soap Rs.34,Rs.34சந்தூர் சோப்பு,34.0
santoor soap Rs.40,Rs.40சந்தூர் சோப்பு,36.0
puttu maavu aakaa ,puttu maavu aakaa ,80.0
puttu maavu aakaa 500g,500g புட்டுமாவு aakaa,80.0
anil kuzhi paniyara maavu,anil kuzhi paniyara maavu,65.0
anil kuzhi paniyara maavu 500g,500g அணில்குழி பணியாரம் மாவு,65.0
surf LIQ (F/L) 500ml,500ml  சர்ப் எக்சல் LIQ (F/L),127.0
himalaya baby (p) 75g,himalaya baby (p) 75g,62.0
himalaya cucumber soap 75G,himalaya cucumber soap 75G,35.0
himalaya cucumber soap 125G,himalaya cucumber soap 125G,56.0
pampers large RS.34,pampers large RS.34,34.0
oil idhayam nallennai 1LTR,1.ltr இதயம் (ந.எ) bottle,429.0
oil idhayam nallaennai 500ML,500ML இதயம்(ந.எ)pkt,190.0
otto 200ML,200ML OTTO perfume ,249.0
nei GRB 1.Ltr tin,1.Ltr.GRP.நெய் tin,913.0
atta smp 10kg,smp ஆட்டா 10kg,450.0
thu.paruppu spl,spl துவரம்பருப்பு,130.0
oil sekku Argri ma ennai 1ltr,1ltr Argri செக்கு ம எண்ணெய்,350.0
raagi rasathi 500g,500g ராசாத்தி ராகி மாவு,50.0
himalaya baby soap Rs.62,himalaya baby soap Rs.62,62.0
HH camlin black pencil RS 4,camlin black pencil RS 4,40.0
nei aroma 1ltr,1ltr அரோமாநெய்,800.0
chakra gold 100g Rs.90,100g சக்ரா கோல்டு பிரிமியம் RF,90.0
ponni rice pazhasu apple,ponni rice pazhasu apple,60.0
rose essanse,rose essanse,35.0
Fair & lovely 50g Rs.72,Fair & lovely 50g Rs.72,72.0
Fair & lovely 20g Rs.25,Fair & lovely 20g Rs.25,25.0
mat,mat,160.0
vicks action 500 ,vicks action 500 ,53.0
levista  200g Rs.145,levista  200g Rs.145,145.0
varikki,..,20.0
basmathi sulthan rice,basmathi rice,115.0
colgate lemon salt 200g,200g கோல்கேட் லெமனஂ சாலஂடஂ,140.0
santoor soap white Rs.35,சந்தூர் சோப்பு  white Rs.35,35.0
kashthoori meththi 100G,100G கஸ்தூரி மேத்தி,100.0
ravai RASSI 500G,500G ராசி ரவை,39.0
VVD LITE pouch 500ml,500ML vvd lite தே.எண்ணெய் pkt,130.0
lion dates seedless box 250g Rs.,lion dates seedless box 250g Rs.,80.0
lion dates seedless box 500g Rs.149,lion dates seedless box 500g Rs.149,149.0
lion dates 500g Rs.144,lion dates 500g Rs.144,144.0
ponds,ponds,10.0
kal uppu kirstal ,கல் உப்பு kirstal ,25.0
bru 50g Rs.105,புரூ காபி தூள் 50g Rs.105,105.0
chakra gold Rs.5,ரூ.5 சக்ரா கோல்டு,5.0
kalimark badam milk,kalimark badam milk,30.0
kalimark cho milk,kalimark cho milk,30.0
cd kalimark soda 300ml,300ml காளிமார்க் சோடா (1k),240.0
cd kalimark soda 750ml,750ml காளிமார்க் சோடா,20.0
cd kalimark cho milk,காளிமார்க் cho மில்க்,30.0
cd kalimark badam milk,காளிமார்க் பாதாம் மில்க்,35.0
head & shoulder neem 340ml,head & shoulder neem 340ml,465.0
ponmani vellakarar,ponmani vellakarar,50.0
rusk milk univercel ,rusk milk univercel ,22.0
salt uppu cristal 1kg,தூள் உப்பு cristal 1kg,26.0
perunkayam pts katti 25g,perunkayam pts katti 25g,50.0
perungayathool 10g ,பெருங்காய தூள் 10g,12.0
DD Ice cream 40RS,Rs.40 ஐஸ் கிரிம்,40.0
DD Ice cream 35RS,Rs.35 ஐஸ் கிரிம்,35.0
DD Ice cream 25RS,Rs.25 ஐஸ் கிரிம்,25.0
DD Ice cream 20RS,Rs.20 ஐஸ் கிரிம்,20.0
DD Ice cream 15RS,Rs.15 ஐஸ் கிரிம்,15.0
DD Ice cream 10RS,Rs.10 ஐஸ் கிரிம்,10.0
DD Ice cream 30RS,Rs.30 ஐஸ் கிரிம்,30.0
oma water sarvathaya 200ml,ஓமவாட்டர் sarvathaya 200ml,20.0
kosu vathi Go strong ,kosu vathi Go strong ,36.0
pampers(M) 90rs,pampers(M) 90rs,90.0
pampers Rs.46 (m)4pants,pampers Rs.46 (m)4pants,46.0
pampers(L),pampers(L),105.0
GO strong mosquito lqu 50rs,GO strong mosquito lqu 50rs,50.0
pampers (s) new born Rs70,pampers (s) new born Rs70,70.0
pampers(m),pampers(m),199.0
milaguthool akilan 500g,மிளகுதூள்  akilan 500g,150.0
perumkaya thool(balaji)Rs.2 saram,காயதூள்சரம்(balaji)Rs.2 saram,40.0
arial (T&L)500ml Rs.122,500ML ஏரியல் (T&L),122.0
kathati mittaye Rs.5.jar ,Rs.5 காத்தாடிமிட்டாய் jar,150.0
thenga mittaye jar,தேங்கா மிட்டாய் jar,150.0
happy egg mittaiye jar,happy egg.மிட்டாய் jar,150.0
thampula svc canty jar Rs.150,Rs.150 தாம்பூல svcமிட்டாய் orange,150.0
jelly mittaiye Rs.130 jar,ஜெல்லி மிட்டாய்Rs.130 jar,130.0
cake fruit Rs.5jar,ப்ரூட் கேக் Rs.5jar,240.0
kamar kattu small Rs.60jar,kamaraj கமர்கட்டு Rs.60 jar,60.0
Elanthai attai,இலந்தை அட்டை செட்,24.0
melody mittaiye box ,மெலோடி மிட்டாய் box,100.0
ligter sigrate Rs.15,ligter sigrate Rs.15,15.0
balloon Rs 10 attai,10ரூ பலூன் அட்டை,10.0
theepam yennaie 180ML,180ML தீபம் எண்ணெய்,44.0
kuppai meni soap Rs.90,Rs.90குப்பைமேனி சோப்,90.0
levista  200g,200g லிவிஸ்டா ,167.0
lizol sandol 200ml,lizol sandol 200ml,116.0
paasi paruppu Udayam 1/2kg,பாசிப்பருப்பு udayam 1/2kg,74.0
gopura kungumam 50g,50g கோபுர குங்குமம் சிவப்பு,12.0
gopuram kunkumam merun 50g,50gகோபுரகுங்குமம் மெருன்,18.0
surf excel soup.Rs.10,Rs.10 சர்ப் எக்சல் சோப்,10.0
colgate vedshakti Rs.67(100g),100g  கோல்கேட் வேதசக்தி,67.0
sambrani cup mangaldeep Rs.72,Rs.72மங்கல்தீப் treya கப் சாம்பராணி,72.0
candyman choco double Rs.50,candyman choco double Rs.50,50.0
naattu ponni kurunai,நாட்டுபொன்னி குருணை,40.0
perungaya katti PC 50g,50g PC பெருங்காய கட்டி,54.0
chakra gold tea Rs.1 pai,Rs.1 சக்ரா கோல்டு பை,100.0
harpic 500ml blue,500ml ஹார்பிக் நீலம்,110.0
cinthol original Rs.37,Rs.37 சிந்தால் original 75g,37.0
kannan devan tea classic 500g,500g கண்ணன் தேவன் டீ,167.5
cinthol block Rs.48,சிந்தால் கருப்பு Rs.48,48.0
sunsilk 175ml.yellow Rs.135,175ml சன்சில்க் yellow,135.0
horlicks women+ 500g rifil.Rs.320,500g ஹார்லிக்ஸ் woman+ rifil,320.0
then mittai rs 24,Rs.24 தேன் மிட்டாய்,20.0
vibro 300ml,300ml vibro ,20.0
arial(F&L) 1ltr,1ltr ஏரியல் (F&L),265.0
malabar coconut oil 500ml,malabar coconut oil 500ml,155.0
appala poo kg,அப்பள பூ kg,360.0
himalaya baby powder 100g.Rs.95,himalaya baby powder 100g.Rs.95,95.0
himalaya baby shampoo 100ml.Rs.100,himalaya baby shampoo 100ml.Rs.100,100.0
himalaya baby shampoo 200ml Rs.185,200ml ஹிமாலயா பேபி சாம்பு ,185.0
arial powder 500g Rs.118,Rs.124 ஏரியல் பவுடர் 500g,118.0
magic herbal cleaner,magic herbal cleaner,350.0
himalaya baby soap Rs.85,Rs.85 ஹிமாலயா பேபி  சோப் ,85.0
choclate..40,choclate..40,40.0
thennamarakudi oil Rs.60,Rs.60தென்னமரக்குடி ஆயில்,60.0
close up paste 90g Rs.48,close up paste 90g Rs.48,48.0
ponds cream 50g Rs.115,ponds cream 50g Rs.115,115.0
semiya savorite 200g,200g பா.சேமியா செவ்ரைட்,20.0
pasta (elbo) 100g,500g செவ்ரைட் எல்போ பாஸ்தா,12.0
avt green tea bag,avt green tea bag,65.0
cinthol lime set 75g,75g சிந்தால் மஞ்சள் set,109.0
A2B ompodi,RS.5 A2B ஓமப்பொடி,5.0
A2B masalapeanut,RS.5 A2B மசாலாபினட்,5.0
vaseline gel 25g Rs.45,25g வாஸ்லின் ஜெல் Rs.45,45.0
indulekha hair oil 50.Rs.234,50ml இந்துலேகா hair oil,234.0
indulekha hair oil 22ml.Rs.99,22ml இந்துலேகா hair oil,99.0
iodex power gel 30g.Rs.130,iodex power gel 30g.Rs.130,130.0
vim liguid Rs.15 pkt,vim liguid Rs.15 pkt,15.0
himalaya neem&termaric Rs.50,himalaya neem&termaric Rs.50,50.0
Rin soap Rs.27,Rs.27 ரின் சோப்பு,27.0
sting energy Rs.20,sting energy Rs.20,20.0
winkin mix Rs.35,winkin mix Rs.35,35.0
rusk kothuma Rs.45,Rs.45 கோதுமை ரஸ்க் pkt,45.0
pulse candy Rs.167,pulse candy Rs.167,167.0
chingles candy Rs.150,chingles candy Rs.150,150.0
cinthol block,சிந்தால் கருப்பு,48.0
ujala250ML,250ml உஜாலா,80.0
nycil cool clasic Rs.145,nycil cool clasic Rs.145,145.0
softouch blue 200ml Rs.60,softouch blue 200ml Rs.60,60.0
maitha suji 500g,500g form gold maidha,40.0
vicks action 500 attai,Vicks Action 500 attai,53.0
kambu mavu 500g,500g கம்பு மாவு ,50.0
oil coconut,oil coconut,180.0
gillete machine set Rs.45,gillete machine set Rs.45,24.0
mm pachapattani Rs.5 atta,Rs.5பச்ச பட்டாணி அட்டை ,60.0
milaguthool kalinga 50g,50g மிளகுதூள் kalinga,40.0
Fair & lovely 50g face wash,50g  Fair & lovely face wash,72.0
Fair & lovely 20g face wash,20g Glow & lovely Face Wash,30.0
Fair & lovely 10g,Fair & lovely 10g,10.0
 super milk rs.5, super milk rs.5,5.0
super milk rs.5,Rs.5 சூப்பர் மில்க்,5.0
sunfeast super milk 10RS,sunfeast super milk 10RS,10.0
super milk 10RS,Rs.9 சூப்பர் மில்க்,9.0
godrej shampoo hair colour Rs.15,godrej shampoo hair colour,15.0
gillete machine set Rs.25,gillete machine set Rs.25,25.0
tide soup white RS 10,Rs.10டைடு சோப் white,10.0
tide soup blue Rs.10,Rs.10 டைடு சோப் blue,10.0
dark fantasty bourbon Rs.25,dark fantasty bourbon Rs.25,25.0
sensodyne 70g(deep clean)Rs.135,sensodyne 70g(deep clean)Rs.135,135.0
rose yesans,rose yesans,32.0
venila yesan,வெனிலா எசன்ஸ்,50.0
idli podi kannan Rs.10 saram,Rs.10 இட்லிபொடி சரம் கண்ணன்,100.0
sakthi diswash RS 10,RS 10 sakthi diswash,10.0
FOGG 25ml ,FOGG 25ml ,85.0
lifebuoy soap neem Rs.38,100g லைபாய் நீம் சோப்,38.0
maitha gold 500g,maitha gold 500g,40.0
treat  Rs.5 jar,treat  Rs.5 jar,160.0
lux BLUE Rs.10,lux BLUE Rs.10,10.0
GIA diswash RS 10,RS 10 GIA diswash,10.0
navratna 100ml,100ml நவரத்தின oil,85.0
feeding bottle mini,feeding bottle mini,60.0
feeding bottli big,feeding bottli big,90.0
pen Rs.7 flair pkt.rs.35,pen Rs.7 flair pkt rs.35,35.0
maida farm gold 500gm,maida farm gold 500gm,40.0
basmathi rice  india gate 1.Kg ,1kg இந்தியா கேட் பாஸ்மதி pkt,118.0
mm masala pattani atta RS.5,RS.5 மசாலா பட்டாணி அட்டை,60.0
mm manjal pattani atta RS.5,RS.5 மஞ்ச பட்டாணி அட்டை,60.0
mm oil mallattai atta Rs.5,RS.5 oil மல்லாட்ட அட்டை,60.0
mm kallapayir atta Rs.5,Rs.5கல்லபயிர் அட்டை,60.0
mm uppu kadalai atta RS.5,RS.5 உப்பு கடலை அட்டை,60.0
nei SR 50ml,50ml SR நெய்,53.0
lion dates 500g Rs.146,500g லயன் டேட்ஸ்,146.0
lion dates 200 GM MRP 56,200g லயன் டேட்ஸ்,56.0
maZZA 1.25 L MRP 75,maZZA 1.25 L MRP 75,75.0
sprite 1 L MRP 55,sprite 1 L MRP 55,55.0
vathi akshara Rs.10dozen,ரூ.10 டசன் அக்ஷரா வத்தி ,120.0
mudichi cholate,முடிச்சு சாக்லேட்,350.0
milaguthool arumai 500g,500g milaguthool arumai ,200.0
boost 500g pkt Rs.299,boost 500g pkt Rs.299,299.0
boost 500G rifil R.299,boost 500G rifil R.299,299.0
boost 500g.rifil Rs.295,boost 500g.rifil Rs.295,295.0
comfort 210ml  Rs.60 green,210ml கம்போர்ட் green,60.0
Fair & lovely Rs.22,Fair & lovely Rs.22,22.0
Fair & lovely 25g  62,Fair & lovely 25g  62,62.0
Fair & lovely 15gm mrp 22,Fair & lovely 15gm mrp 22,22.0
kissan Rs.15(110g) fresh tomato refil,kissan Rs.15(110g) fresh tomato refil,15.0
kissan tomoto (115 gm) mrp  15,115g கிசான் Tomoto Sauce,15.0
lux even tone 100gm mrp 36,lux even tone 100gm mrp 36,36.0
Rin powder   neem  500g,500g ரின் பவுடர் neem,60.0
sensodyne freshmint 20gm mrp 35,sensodyne freshmint 20gm mrp 35,35.0
sensodyne 40gm (d&C) MRP 85,sensodyne 40gm (d&C) MRP 85,85.0
sensodyne 40g (RAPID) MRP 100,sensodyne 40g (RAPID) MRP 100,100.0
surf excel LIQ (T/L)500ml Rs.120,500ml சர்ப் எக்சல்  LIQ (T/L),120.0
surf xl Q/W PWD 500GM MRP120,500g சர்ப் எக்சல் பவுடர் Q/W,120.0
colin spray 125ml,125ml Colin Spray ,40.0
lizol neem 500ml,lizol neem 500ml,110.0
Aachi pickle 1kg,1kg ஆச்சி ஊறுகாய்,160.0
gillete vector 3,gillete vector 3,149.0
gillete vector3 cart 4s,gillete vector3 cart 4s,249.0
gillete vector + 4s,gillete vector + 4s,130.0
gillete vector + cart 4s ,gillete vector + cart 4s ,130.0
gillete vector+ razor,gillete vector+ razor,75.0
gillete vector+ cart 2s,gillete vector+ cart 2s,70.0
Gillette mach3 razor charcoal,Gillette mach3 razor charcoal,300.0
whisper Rs.48,Rs.48 விஸ்பர்,48.0
theepetti veena ,தீப்பெட்டி வீனை மரம்,10.0
yellu mittaie Rs.6 kamaraj,எள்ளு மிட்டாய் Rs.6 kamaraj jar,240.0
kaccha mango bite,Rs.1 Kaccha Mango Bite PKT,80.0
choco choco jar,choco choco jar,200.0
jelly mittaiye Rs.180 jar,ஜெல்லி மிட்டாய் Rs.180 jar,180.0
jelly mittaiye Rs.200 jar,ஜெல்லி மிட்டாய்  Rs.200 jar,200.0
jelly mittaiye Rs.5 jar,Rs.5 ஜெல்லி மிட்டாய் jar,200.0
jelly mittaiye Rs.2 jar,Rs.2 ஜெல்லி மிட்டாய்  jar,150.0
cd litchi fruit 125ml,litchi fruit 125ml,10.0
kadala urundai Rs 30 pkt,Rs 30 kadala urundai,30.0
kadala urundai  kamaraj Rs 30,Rs 30 kadala urundai  kamaraj,30.0
yellu urundai  kamaraj Rs 30,ரூ 30 எள்ளு உருண்டை (காமராஜ்),30.0
kalla urundai  kamaraj Rs 30,Rs 30 கள்ள urundai  kamaraj,30.0
himalaya neem turmeric (s)125g,himalaya neem turmeric (s)125g,56.0
himalaya cucumber soap Rs.35,himalaya cucumber soap Rs.35,35.0
himalaya honey soap Rs.58,himalaya honey soap Rs.58,58.0
himalaya baby lotion 100ml,100ml ஹிமாலயா பேபி lotion,100.0
himalaya baby (s) 75G,75G ஹிமாலயா பேபி  சோப் ,62.0
himalaya nourisihing baby(s) 75g,himalaya nourisihing baby(s) 75g,55.0
himalaya gentie baby (s) 75g,ஹிமாலயா பேபி gentie (s) 75g,62.0
himalaya moisturizing (s) 75gm,ஹிமாலயா moisturizing (s) 75gm,55.0
himalaya refreshing B (s) 75g,ஹிமாலயா refreshing B (s) 75g,55.0
himalaya nourisihing baby(s) 125g,himalaya nourisihing baby(s) 125g,85.0
himalaya moisturizing (s) 125gm,himalaya moisturizing (s) 125gm,85.0
himalaya neem facewash 15ml,15ml ஹிமாலயா  neem facewash,15.0
denver deo 165ml ,165ml டென்வர் டியோ,230.0
vathi cycle Rs.55,Rs.55 சைக்கிள் வத்தி,55.0
naattu sakkara gulas 500g,நாட்டுசக்கர gulas 500g,78.0
naattu sakkara gulas RS.5,RS.5 நாட்டு சக்கர gulas,5.0
mezhuguvarthi Rs.2.5pkt,Rs.2.5pkt மெழுகுவர்த்தி,25.0
rasna powder mango,mango ரஸ்னா பவுடர்,110.0
rasna powder orange,orange ரஸ்னா பவுடர்,132.0
rasna powder pineapple,pineapple ரஸ்னாபவுடர்,92.0
cinthol original soap Rs.46,cinthol original soap Rs.46,46.0
DD vanilla 700ml (1+1),ஐஸ் கிரிம் 700ml (1+1),270.0
dairymilk silk RS 185,RS 185 டைரிமில்க் silk,185.0
hamam soap Rs.67,150g ஹமாம் சோப்,70.0
horlicks 200g pkt Rs.109,200g ஹார்லிக்ஸ் pkt ,109.0
dermicool regular 150g Rs.130,Rs.130 dermicool regular 150g,130.0
naattu sakkara gulas 500g jar,500g gulas நாட்டுசக்கர jar,55.0
mirinda 2.25 ltr,mirinda 2.25 ltr,99.0
chocos saram 12ps,chocos saram 12ps,120.0
nandhi 2d sippam,நந்தி 2d சிப்பம்,1250.0
parachute Ayurvedic 300ml,300ml பாராசூட் ஆயுர்வேதிக்,199.0
parachute Ayurvedic 180ml,180ml பாராசூட் ஆயுர்வேதிக்,125.0
parachute Ayurvedic 90ml,90ml பாராசூட் ஆயுர்வேதிக்,90.0
parachute Aloevera 150ml,150ml பாராசூட் அலோவெரா,76.0
parachute Aloevera 75ml,75ml பாராசூட் அலோவெரா,42.0
revive liquid stiffener 95g,95g Revive Liquid Stiffener,38.0
revive liquid stiffener 200g,200g Revive powder Stiffener,73.0
sunsilk shampoo alovera 195 ml,195 ml சன்சில்க் alovera,155.0
pasta penne 500g,500g செவ்ரைட் penne பாஸ்தா ,60.0
pattani manjal 1.kg ,மஞ்ச பட்டாணி 1.kg,150.0
woodwards 200ml Rs.80,200ml woodwards,80.0
lion dates seedless box 250g Rs.82,lion dates seedless box 250g Rs.82,82.0
lion dates seedless box 500g,500g லயன் டேட்ஸ் seedless box,150.0
lion dates seedless box 250g,250g லயன் டேட்ஸ் seedless box,78.0
maggi noodles Rs.50,Rs.50 மேகி நூடுல்ஸ்,50.0
pass pass premium,RS.90 பாஸ்பாஸ் premium,90.0
arial powder 500g,500g ஏரியல் பவுடர்,118.0
MGR mydeen,MGR mydeen,30.0
MGR ,MGR ,35.0
dettol soap cool 75g,75g டெட்டல் சோப் கூலஂ,40.0
denver Rs.220,Rs.220 டென்வர் டியோ,220.0
medimix ayurvedic 75g,மெடிமிக்ஸ் ayurvedic சோப்75g,32.0
horlicks biscuit Rs.10,Rs.10 ஹார்லிக்ஸ் பிஸ்கட்,10.0
cd Rose milk,Rose milk kalimark,35.0
b natural cooldrink,b natural cooldrink,10.0
sunfeast milk shake,Rs.20 Sunfeast Milk Shake,20.0
hamam soap lime 100g,RS.42 ஹமாம் சோப் லைம்,42.0
power soap Rs 25,Rs.15 பவர் சோப்பு,25.0
Fair & lovelI 50GM MRP 122,Fair & lovelI 50GM MRP 122,122.0
surf excel (Q&W)powder 500g,500g சர்ப் எக்சல் பவுடர் (Q&W),72.0
marie vitta Rs.30,ரூ.30 விட்டா மேரி,30.0
rasna powder lemon,lemon ரஸ்னா பவுடர்,95.0
surf LIQ FL 500ml,500ml சர்ப்  LIQ FL ,130.0
VVD LITE pouch 100ml,100ml vvd lite தே.எண்ணெய் pkt,32.0
boost 200g pkt 114,boost 200g pkt 114,114.0
boost 200gm pkt,200g பூஸ்ட் pkt,89.0
boost 500Gm pkt,500gm பூஸ்ட் pkt,249.0
hamam MRP 39,Rs.39 ஹமாம் சோப்,39.0
HORLICKS 450GM  MRP 229hamam MRP 39,HORLICKS 450GM  MRP 229hamam MRP 39,229.0
HORLICKS 500GM  JAR MRP 294,500g ஹார்லிக்ஸ் Jar,294.0
iodex 15GM,iodex 15GM,65.0
sensodyne 40g (deep clean) ,sensodyne 40g (deep clean) ,85.0
tide liquid T/L 850ml Rs.179,tide liquid T/L 850ml Rs.179,179.0
tide liquid F/L 850ml Rs.209,tide liquid F/L 850ml,209.0
vicks Rs.1jar Rs.295,விக்ஸ் jar,295.0
pantene lc 200ml Rs.180,pantene lc 200ml Rs.180,180.0
ponds  wb crm mrp 80,ponds  wb crm mrp 80,80.0
rexona soap 150gm,rexona soap 150gm,77.0
surf excel 500gm blue,500gm சர்ப் எக்சல் பவுடர் blue,84.0
oreo Rs 35,oreo Rs 35,35.0
patti picle lemon 200g (1+1),200g பா..ஊறுகாய் .லெமன் (1+1),85.0
patti picle mango 200g (1+1),200g பா.மாங்கா.ஊறுகாய் (1+1),85.0
patti picle ginger 200g (1+1),200g பா.இ.ஊறுகாய் (1+1),85.0
patti picle garlie 200g (1+1),200g பா.பூ.ஊறுகாய் (1+1),85.0
patti pickle puthina 200g,200g பா.puthina.ஊறுகாய்,85.0
patti pickle pirantai 200g,200g பா.pirantai.ஊறுகாய்,85.0
patti paruppu potti 100g,100g பா.பருப்பு பொடி,40.0
patti idlli potti 200g,200g பா.இட்லிபொடி,35.0
paatti paruppu potti 100g,100g பா.பருப்பு பொடி,40.0
paatti pickle mango 200g (1+1),1kg பாட்டி ஊறுகாய் ,85.0
paatti pickle ginger 200g (1+1),200g பா.இ.ஊறுகாய் (1+1),85.0
paatti idlli potti 200g,200g பா.இட்லிபொடி,35.0
colgate strong 100g,100g கோல்கேட் ஸ்ட்ராங்,60.0
mm murukku pkt 50,mm murukku pkt 50,50.0
medimix classic 75g,Rs.32 மெடிமிக்ஸ் சோப் 75g,32.0
Eclairs rich center filled mrp 100,Eclairs rich center filled mrp 100,100.0
melody (parle) mrp 100,melody (parle) mrp 100,100.0
Eclairs  milk filled mrp 100,Eclairs  milk filled mrp 100,100.0
sensodyne 20g Rs.35,sensodyne 20g Rs.35,35.0
santoor MRP 36,santoor MRP 36,36.0
guava mittai Jar Rs.220,guava mittai Jar Rs.220,220.0
santoor Rs 40,santoor Rs 40,40.0
nycil cool sandal rs 10,Rs.10 Nycil Cool Sandal,10.0
milk CLASSIC RS20,milk CLASSIC RS20,20.0
cocacola 2.250 l,cocacola 2.250 l,85.0
fanta 1l,fanta 1l,55.0
maaza 750ml,maaza 750ml,40.0
horlicks 200gm jar,200g ஹார்லிக்ஸ் jar,134.0
mother horlicks 200gm,200g Mother Horlicks,295.0
sensodyane whiting 70gm,sensodyane whiting 70gm,145.0
sensodyne freash gel 75gm,sensodyne freash gel 75gm,125.0
sensodyne freash  mint 75gm,sensodyne freash  mint 75gm,125.0
sensodyne  rap re 80gm,sensodyne  rap re 80gm,180.0
arial (T&L)1.ltr ,1.ltr ஏரியல் TL,235.0
iodex 15rs,iodex 15rs,15.0
arieal 500l f/l ,500l ஏரியல்  f/l ,138.0
vathi pineapple 65,vathi pineapple 65,65.0
cook SOOJI RAVA 500KG,cook SOOJI RAVA 500KG,36.0
cook SOOJI MAITHA 500KG,cook SOOJI MAITHA 500KG,36.0
cd Rs 10,Rs 10 கூல் ட்ரிங்க்ஸ்,10.0
kallamavu (leader)500gm,500g leader கள்ளமாவு pkt,70.0
hamam soap Rs.39,Rs.39 ஹமாம் சோப்,39.0
சந்தூர் சோப்பு,சந்தூர் சோப்பு,36.0
shower to shower Rs.125,shower to shower Rs.125,125.0
harpic 1ltr,1ltr ஹார்பிக் நீலம்,225.0
lizol neem 200ml MRP 42,lizol neem 200ml MRP 42,42.0
lizol ROSE 200ml MRP 42,lizol ROSE 200ml MRP 42,42.0
lizol  LEMON 200ml MRP 42,lizol  LEMON 200ml MRP 42,42.0
oma water 12ps(1pai),12psஓம வாட்டர் (1பை),120.0
murukku (MAYIL) ,murukku (MAYIL) ,25.0
Him prickly heat poweder 200g,ஹிமாலயா prickly heat poweder 200g,170.0
Rin powder1kg,Rin powder1kg,114.0
iodex 15g Rs.65,iodex 15g Rs.65,65.0
iodex Rs.15,iodex Rs.15,15.0
DD Ice cream 45RS,Rs.45 ஐஸ் கிரிம்,45.0
kambu mavu rasathi 500g,500g ராசாத்தி கம்புமாவு,45.0
sambrani varshini cup Rs76,Rs76 வர்ஷினி கப் சாம்பராணி,76.0
cd localbrand Rs.10(1k)mango,Rs.10  மேங்கோ கூல் ட்ரிங்க்ஸ் (1k),300.0
rusk britanniya Rs35,Rs.35 பிரிட்டானியா ரஸ்க் ,35.0
Rin powder1kg (refreash),1kg ரின் பவுடர் (refreash),116.0
Shakthi sope RS10,RS10 சக்தி சோப்பு,10.0
gokul sandal 70gm  mrp 75,70g கோகுல் சாண்டல் பவுடர்,75.0
oil idhayam mantra (M) 1 ltr,1 ltr இதயம்மந்த்ரா(ம),260.0
oil idhayam nallennai 50ml,50ml இதயம்(ந.எ)pkt Rs.22,22.0
perunkayam aachi powder 50G,50g ஆச்சி பெருங்காய தூள்,85.0
vathi 2-1 cycle brand,vathi 2-1 cycle brand,50.0
him baby soap Rs.75,Rs.75 ஹிமாலயா பேபி  சோப் ,75.0
him baby (XL)diaber Rs.18 saram,Rs.18 ஹிமாலயா பேபி டயபர் சரம்(XL),216.0
him baby shampoo 200ml Rs.185,200ml ஹிமாலயா பேபி சாம்பு,185.0
him baby diaber (L)Rs.14 saram,Rs.14 ஹிமாலயா பேபி டயபர் சரம்(L),168.0
him baby (p) 200g,200g ஹிமாலயா பேபி பவுடர்,210.0
him baby (M)diaber Rs.12 saram,Rs.12 ஹிமாலயா பேபி டயபர் சரம்(m),144.0
him baby hair oil 100ml Rs.125,100ml ஹிமாலயா பேபி  hair oil,125.0
him baby diaber(s) Rs.10 saram,Rs.10 ஹிமாலயா பேபி டயபர் சரம்(s),120.0
him baby shampoo 100ml,100ml ஹிமாலயா பேபி சாம்பு ,100.0
him baby massage oil 100ml,100ml ஹிமாலயா பேபி massage oil,130.0
him shampoo 100ml,100ml ஹிமாலயா சாம்பு ,95.0
him baby lotion 100ml,100ml ஹிமாலயா பேபி Lotion,110.0
him toothpaste 150g,150g ஹிமாலயா toothpaste,99.0
him nourisihing baby(s) 125g,125g ஹிமாலயா nourisihing baby(s),85.0
him moisturizing (s) 125gm,125g ஹிமாலயா moisturizing (s),85.0
vathi cycle rs 10  ,Rs.10 சைக்கிள் வத்தி,10.0
him baby powder 100g.Rs.95,100g ஹிமாலயா baby powder,95.0
him baby soap Rs.85,Rs.85 ஹிமாலயா பேபி  சோப் ,85.0
him orange face wash Rs.79,ஹிமாலயா  Orange Face Wash Rs.79,79.0
him baby soap Rs.72,Rs.72 ஹிமாலயா பேபி  சோப் ,72.0
him lemon facewash 50ml,50ml ஹிமாலயா lemon facewash,75.0
him baby soap Rs.80,Rs.80 ஹிமாலயா பேபி  சோப் ,80.0
him neem facewash 50ml,50ml ஹிமாலயா நீம் FaceWash,85.0
him aloevera facewash 50ml,50ml ஹிமாலயா Aloevera FaceWash,90.0
him baby 50ml hair oil Rs.70,50ml ஹிமாலயா baby hair oil,70.0
him ayurveda sandal Rs.60,Rs.60 ஹிமாலயா ayurveda sandal,60.0
him gentie baby (s) 75g,75g ஹிமாலயா பேபி gentie (s),62.0
him baby (s) 75G,75G ஹிமாலயா பேபி  சோப் ,62.0
him baby massage oil 50ml,50ml ஹிமாலயா  baby massage oil,65.0
him cucumber soap 125G,125g ஹிமாலயா cucumber சோப் ,56.0
him honey soap Rs.58,Rs.58ஹிமாலயா honey  சோப் ,58.0
him moisturizing (s) 75gm,75g ஹிமாலயா moisturizing (s),55.0
him refreshing B (s) 75g,75g ஹிமாலயா refreshing B (s),68.0
him nourisihing baby(s) 75g,75g ஹிமாலயா nourisihing baby(s),55.0
him neem turmeric (s)125g,125g ஹிமாலயா neem turmeric (s),56.0
him toothpaste 80g,80g ஹிமாலயா toothpaste,59.0
him baby soap Rs.55,Rs.55 ஹிமாலயா பேபி  சோப் ,55.0
him neem&termaric Rs.50,Rs.50 ஹிமாலயா neem&termaric,50.0
him honey soap Rs.50,Rs.50 ஹிமாலயா சோப்  honey ,50.0
him almond&rose Rs.50,Rs.50 ஹிமாலயா almond&rose,54.0
him ayurveda sandal Rs.40,Rs.40 ஹிமாலயா ayurveda sandal,40.0
him baby (p)50g,50g ஹிமாலயா பேபி பவுடர்,55.0
him cucumber soap 75G,75g ஹிமாலயா குக்கூம்பர் சோப்   ,38.0
him cucumber soap Rs.35,Rs.35 ஹிமாலயா cucumber soap,35.0
him honey soap Rs.33,Rs.33 ஹிமாலயா சோப்  honey,33.0
him cucumber soap Rs.33,Rs.33 ஹிமாலயா சோப் cucumber,33.0
him almond&rose Rs.30,Rs.30 ஹிமாலயா சோப் almond&rose,30.0
him neem&termaric Rs.30,Rs.30 ஹிமாலயா சோப் neem&termaric,35.0
him toothpaste 40g,40g ஹிமாலயா toothpaste ,20.0
him neem facewash 15ml,15ml ஹிமாலயா  neem facewash,15.0
him shampoo Rs.3,Rs.3 ஹிமாலயா சாம்பு ,3.0
continental strong 200g,200g continental strong coffie,185.0
milk biscuit classic Rs.20,Rs.20 classic மில்க் பிஸ்கட்,20.0
tea thool.500g,500g டீ தூள் nilgiri,190.0
medimix santol Rs.60,medimix santol Rs.60,60.0
ponds dream 400g Rs.345,400g பாண்ட்ஸ் ட்ரிம் பவுடர்,345.0
ponds dream 400g Rs.340,400g பாண்ட்ஸ் ட்ரிம்,340.0
ponds dream 200g,Rs.215 பாண்ட்ஸ் ட்ரிம் 200g,215.0
maggi noodles Rs56,maggi noodles Rs56,56.0
GO strong mosquito lqu SET,GO strong mosquito lqu SET,65.0
paatti idlli potti 100g,100g பா.இட்லிபொடி,35.0
yelakkai 5rs,yelakkai 5rs,5.0
7 up nimbooz 125ml,7 up nimbooz 125ml,10.0
7up nimbooz 125ml,7up nimbooz 125ml,10.0
oral b brush kids  Rs.20,Rs.20 ஓரல் பி kids பிரஷ் ,20.0
choco d'lite Rs.5,choco d'lite Rs.5,200.0
whisper xl rs40,whisper xl rs40,40.0
then mittai Rs.20,Rs.20 தேன் மிட்டாய்,20.0
orange mittai jar nadaraj Rs.150,ஆரஞ் மிட்டாய் jar Rs.150.nataraj,150.0
orange mittai thamboola canty.Rs.150,orange mittai thamboola canty.Rs.150,150.0
mango ju-c Rs.155.jar,mango ju-c Rs.155.jar,155.0
imlee candy pkt Rs.80,Rs.1 Imlee Candy Pkt,80.0
pal cova jar.Rs.60,Rs.1 பால் கோவா jar,60.0
soan papti Rs.1 jar,சோன் பப்பொடி 1RS,60.0
mix fruit.steel glass.Rs.200,Mix Fruit Steel Glass Jar,200.0
Finger toy Rs.5 jar,Rs.5 Finger toy  jar,150.0
mint fresh svc Rs.1 jar,mint fresh svc Rs.1 jar,150.0
nool kandu(ve)Rs20,முப்பிரி நூல்கண்டு(வெ) Rs20,25.0
nool mupuiri kandu(ve)Rs20,முப்பிரி நூல்கண்டு(வெ) Rs20,25.0
boost 500g rifil,500g பூஸ்ட் rifil,295.0
choclate.66p,choclate.66p,70.0
mango kyla 500ml,500ml mango kyla,40.0
HORLICKS 450GM  MRP 229,450g  ஹார்லிக்ஸ் pouch,229.0
karupatti mittai jar,கருப்பட்டி மிட்டாய் jar,250.0
gopal palpodi 25g,25g கோபால் பல்பொடி,30.0
5 star gold rajapogam rice,5ஸ்டார் கோல்டு ராஜபோகம் அரிசி,65.0
DD Ice cream 5 RS,Rs.5 ஐஸ் கிரிம்,5.0
oil porna groundnut oil,1ltr பூர்ணா கடலை எண்ணெய்,252.0
manjal thool vazhai 50g,50g வாழை மஞ்சள்தூள் ,16.0
vilamichai veru 10g,10g விளாமிச்சை வேர்,20.0
theepetti parachute wax,பாராசூட் மெழுகு தீப்பெட்டி,100.0
Nool manjal Rs.10,Rs.10 மஞ்சள் நூல்கண்டு,10.0
semiya savorite 500g,500g.சேமியா.பா.செவ்ரைட்,57.0
semiya savorite 140g,140g.சேமியா.பா.செவ்ரைட்,15.0
semiya savorite 100g,90g பாயசம் சேமியா,10.0
twinkle dishwash bar Rs.5,ரூ.5 ட்விங்கிள் டிஷ்வாஷ் பார் ,5.0
twinkle dishwash bar Rs.10,ரூ.10  ட்விங்கிள் டிஷ்வாஷ் பார் ,10.0
gokul santol soap Rs.42, Rs.42 கோகுல் சாண்டல் சோப்பு,42.0
dettol soap cool Rs.40,ரூ.40 டெட்டல் சோப் கூலஂ,40.0
shower to shower 50g,50g shower to shower,40.0
silver max blade,Silver Max Blade,25.0
choclate.70p,choclate.70 pa,70.0
gokul santol 30G.RS.43(p),30g கோகுல் சாண்டல் பவுடர்,45.0
sukku coffiee rajam 50g,50g ராஜன் சுக்கு காப்பி pkt,30.0
shower to shower Rs.135,shower to shower Rs.135,135.0
choclate 60m,choclate 60m,60.0
water box 300ml 50ps,300ml 50psவாட்டர் பாக்ஸ்,300.0
rusk kolo premium rusk rs.10,rs.10 kolo premium rusk,10.0
nei a2b 500ml,500ml A2B நெய் ,450.0
nei a2b 1ltr,A2B நெய் 1ltr,900.0
ulutham pa karuppu tower ,tower கருப்பு உளுந்து,100.0
water 300ml 40psவாட்டர் பாக்ஸ்,300ml  வாட்டர் பாக்ஸ்40ps,240.0
MAITHA cook 500KG,MAITHA cook 500KG,36.0
lizol lime 975ml.Rs.210,lizol lime 975ml.Rs.210,210.0
lizol jasmine 975ml.Rs.210,lizol jasmine 975ml.Rs.210,210.0
kal uppu k.S,கல் உப்பு K.S,20.0
vathi sai bajan Rs.10,ரூ.10 சாய் பஜன் வத்தி,10.0
boost 200g jar Rs.139,boost 200g jar Rs.139,135.0
maggi noodles Rs50,maggi noodles Rs50,50.0
levista filiter coffee 200g ,levista filiter coffee 200g ,130.0
cinthol original soap 100g,100g சிந்தால்  (og),40.0
pen Rs.5 cello finegrip jar,Rs.5 pen cello finegrip jar,175.0
Nabati siip Rs.5 box,Rs.5 நபாட்டி siip box,120.0
peedi rasool ,peedi rasool ,15.0
avt premium 250g jar 105RS,AVT premium 250g jar 105RS,105.0
vim liguid 500ml,500ml vim liguid,130.0
vim lemon liqid 250ml,250ml விம் Liqid,60.0
லயன் டேட்ஸ் 200g,200g லயன் டேட்ஸ்,56.0
maaza 1.5ltr,maaza 1.5ltr,90.0
parachute jasmine 300ml,300ml பாராசூட் ஜஸ்மின்,145.0
vasmol jasmine 300ml,300ml வாஸ்மோல் ஜெஸ்மின்,122.0
vatika 90ml Rs.45,90ml vatika hair oil,45.0
lollipop lickit Rs.2 jar,lollipop lickit Rs.2 jar,200.0
pasumai sangamam ponni rice,தூய மல்லி சம்பா அரிசி,50.0
pasumai sangamam ponni rice sippam,pasumai sangamam ponni rice sippam,1300.0
computer sambrani sivam,சிவம் கம்ப்யூட்டர் சாம்ப்ராணி,24.0
computer sambrani sivam Rs.24,Rs.24சிவம் கம்ப்யூட்டர் சாம்ப்ராணி,24.0
santhanam dappa Rs.30,Rs.30 சந்தன டப்பா,30.0
milaguthool pest Rs.5 saram20ps,Rs.5பெஸ்ட் மிளகுதூள் சரம் 20ps,100.0
pasumai sangamam thooya malli sippam,பசுமை சங்கமம் தூய மல்லி ,50.0
dabur honey 225ml (1+1),225ml டாபர் ஹனி (1+1),225.0
computer ilai 100ps,கம்ப்யூட்டர் இலை 100ps,100.0
choclate 60mg,choclate 60mg,60.0
Rin powder neem 500g,500g ரின் பவுடர் neem,64.0
surf LIQ easy wash Rs.205,surf LIQ easy wash Rs.205,205.0
hamam soap Rs.10 lime,RS.10 ஹமாம் சோப் லைம்,10.0
arisi vaththal 100g,100gஅரிசிவத்தல்,12.0
cinthol lime Rs.40,cinthol lime Rs.40,40.0
yippee noodles Rs.55,Rs.55 yippee noodles ,55.0
Eveready AAA Rs.18,Rs.18 Eveready AAA,18.0
Eveready AA Rs.18,Eveready AA Rs.18,18.0
boost 500G JAR Rs.299,500G பூஸ்ட் ஜார்.R.299,299.0
suger jelly 1rs jar,suger jelly 1rs jar,150.0
sugar jelly 1rs jar,sugar jelly 1rs jar,150.0
gajapathi oil 1 ltr,1ltr கஜபதி கடலை எண்ணெய்,265.0
surf LIQ (T/L) Rs160,surf LIQ (T/L) Rs160,160.0
horlicks mother+200g rifill Rs.245,horlicks mother+200g rifill Rs.245,245.0
horlicks women+ 400g jar Rs.345,horlicks women+ 400g jar Rs.345,345.0
horlicks women+ 400g jar Rs.355,horlicks women+ 400g jar,355.0
horlicks lite 500g jar Rs.349,horlicks lite 500g jar Rs.349,349.0
horlicks junior 500g Rs.330,horlicks junior 500g Rs.330,330.0
horlicks junior 500g Rs.330 Rifil,horlicks junior 500g Rs.330 Rifil,330.0
horlicks junior 500g Rs.330 jar,horlicks junior 500g Rs.330 jar,330.0
horlicks mother plus 500g Rs.620,500g Horlicks Mother +,620.0
Rin ALA 500ml Rs.89,500ml ரின் ஆலா,89.0
garnier facewash Neem 100g,100g கார்னியர் facewash Neem,150.0
garnier facewash lemon 100g,100g கார்னியர் facewash lemon,199.0
vicks vaporub 25g,25g vicks vaporub,99.0
vicks vaporub 10g,10ml விக்ஸ் வேபோரப்,42.0
gillete guard blade Rs.35,gillete guard blade Rs.35,35.0
pen red Rs.4(20ps),pen red Rs.4(20ps),80.0
pen balack Rs.7 flair pkt.rs.35,pen balack Rs.7 flair pkt.rs.35,35.0
pen black Rs.7 flair pkt.rs.35,pen black Rs.7 flair pkt.rs.35,35.0
appala poo 200g,200g அப்பள பூ ,60.0
packing powder KG,packing powder KG,300.0
packing Soda KG,Packing Soda,300.0
gokul santol 300g powder Rs.244,300g கோகுல் சாண்டல் பவுடர்,244.0
gokul santol soap 300g Rs.168,Rs.168 கோ.சாண்டல் Set Soap BOX,168.0
gokul santol 140g Rs.129,gokul santol 140g Rs.129,129.0
gokul santol powder 140g Rs.129,140g கோகுல் சாண்டல் பவுடர்,129.0
samBrani cup Kolam,Rs.75 கோலம் கப் சாம்பிராணி (12p),75.0
mushroom 200g,200g காளான்,75.0
note long size Rs.40(un ruled),Rs.40 ருல்டு நோட் (L) ,40.0
note Rs.45 long size apsara (ruled),note Rs.45 long size apsara (ruled),45.0
note Rs.45 long size apsara (unruled),note Rs.45 long size apsara (unruled),45.0
apsara eraser Rs.3(20ps) box,Rs.3அப்சரா ரப்பர் Rs.3(20ps) box,60.0
apsara sharpner Rs.5 box.20ps,Rs.5அப்சரா ஷார்ப்நேர்20ps,100.0
natraj sharpner Rs.3 box.20ps,ரூ.3 நட்ராஜ் ஷார்ப்னர்  பாக்ஸ் (20p),60.0
apsara eraser Rs.5 box 20ps,ரூ.5அப்சரா ரப்பர்box 20ps,100.0
handplast hole plaster.Rs.200,handplast hole plaster.Rs.200,200.0
lipton greentea 14g Rs.70,lipton greentea 14g Rs.70,70.0
moove cream 10g,moove cream 10g,50.0
super vasmol 100ml.Rs.65,100ml சூப்பர் வாஸ்மோல் hair colour,65.0
vasmol ayur hair color shampoo Rs.15,Rs.15 வாஸ்மோல்ஆயுர் ஹேர் கலர் ஷாம்பு,15.0
lighter sigrate Rs.15,lighter sigrate Rs.15,15.0
z spray deo 120ml,120ml Z Spray Deo,250.0
z s pocket perfume,z s pocket perfume,70.0
tea filder Rs.10,tea filder Rs.10,10.0
ink bril Rs.30,Rs.30 பிரில் இங்க் ,30.0
white cum Rs.5 saram,white cum Rs.5 saram,50.0
whitener Rs.25,whitener Rs.25,25.0
pen Rs.7 finegrip pkt,pen Rs.7 finegrip pkt,35.0
pen Rs.7 finegrip blue pkt,pen Rs.7 finegrip blue pkt,35.0
pen Rs.7 smarty blue pkt,pen Rs.7 smarty blue pkt,35.0
pen Rs.7 trimate blue pkt,pen Rs.7 trimate blue pkt,30.0
pen Rs.7 trimate black pkt,pen Rs.7 trimate black pkt,30.0
pen Rs.6 trimate blue pkt,Rs.6 trimate pen pkt,30.0
pen Rs.6 trimate black pkt,pen Rs.6 trimate black pkt,30.0
pen cello hero ink Rs.55,hero ink pen Rs.55,55.0
oil sekku punnagai ma ennai 1ltr,1லி புன்னகை செக்கு ம.எண்ணெய் ,290.0
pen avenger ink catrage Rs.55,pen avenger ink catrage Rs.55,55.0
pen Rs.5 auris pastel blue pkt,Rs.5 Auris pastel blue pkt,25.0
pen ponni blue Rs.5 box.20ps,pen ponni blue Rs.5 box.20ps,100.0
pen topsell red Rs.5(20ps),pen topsell red Rs.5(20ps),100.0
pen Rs.6 winner black pkt,Rs.6 winner black pen pkt,25.0
pen Rs.6 bling blue pkt,pen Rs.6 bling blue pkt,30.0
mm nambi Rs.5pkt,mm nambi Rs.5pkt,50.0
perumkayam katti aasai 25g ,perumkayam katti aasai 25g ,30.0
perumkayam katti aasai 10g,perumkayam katti aasai 10g,10.0
cone 5rs jar,cone 5rs jar,300.0
bubble Rs.5 box,Rs.5 Bubble  Box,150.0
bubble Rs.10 box,bubble Rs.10 box,240.0
sketch mini Rs.15,Rs.15 Doms Sketch Mini,15.0
book lable ,Book Lable (40p),12.0
kreamy wafer Rs.200,kreamy wafer Rs.200,200.0
lollipop Rs.5 saram jar Rs.350,Rs.5 லாலிபாப் saram jar Rs.350,350.0
krzzy mini joy Rs.300,krzzy mini joy Rs.300,300.0
krrzzy day joy big  jar Rs.300,krrzzy day joy big  jar Rs.300,300.0
Eclairs  milk flavored mrp 100,Eclairs  milk flavored mrp 100,100.0
Eclairs svs Rs.100 pkt,Eclairs svs Rs.100 pkt,100.0
Eclairs harsh Rs.50,Eclairs harsh Rs.50,50.0
mumy dady Rs.1.pkt ,Rs.1 மம்மி டாடி pkt ,49.0
krzzy day joy big  jar Rs.300,krzzy day joy big  jar Rs.300,300.0
cantyman Rs.100,cantyman Rs.100,100.0
cinthol original Rs.46,100g சிந்தால் original,46.0
tounge cleaner saram,tounge cleaner saram,200.0
dove soap  Rs.75,dove soap  Rs.75,75.0
kissan Rs.10,Rs.10 கிஸ்ஸான்,10.0
pears soap Rs.62,pears soap Rs.62,62.0
surf xl ew power 1kg Rs.168,1kg சர்ப் எக்சல் ew பவுடர் Rs.168,168.0
horlicks 500g Rifill Rs.294,horlicks 500g Rifill Rs.294,294.0
horlicks 500g jar Rs.294,Rs.259  500g Horlicks Jar,259.0
medimix sandal set Rs.180,125g*4 மெடிமிக்ஸ் சான்டால் Set,200.0
vaipaadu ,வாய்பாடு,15.0
stapler pin Rs.12,stapler pin Rs.12,12.0
dabur red paste(1+1)150g Rs.185,(1+1) 150g டாபர்ரெட் பேஸ்ட்)Rs.185,185.0
dabur red paste 200g Rs.125, டாபர்ரெட் பேஸ்ட் 200g.Rs.125,125.0
santoor white Rs.10,Rs.10சந்தூர் சோப்பு white,10.0
Nijam pakku Rs.1.pkt,Rs.1 நிஜாம் பாக்கு(250ps).pkt,250.0
nijam pakku Rs.0.50paisa 500ps.pkt,Rs.o.50பைசா நிஜாம்பாக்கு500ps.pkt,250.0
nijam pakku rs.0.50paisa(250ps,Rs.௦.50பைசா நிஜாம்பாக்கு250ps.pkt,125.0
then mittai Rs.24,Rs.24 தேன் மிட்டாய்,24.0
Rin soap Rs.25,Rs.25 Rin Soap ,25.0
krzzy day joy big  jar Rs.450,krzzy day joy big  jar Rs.450,450.0
vathi balaji amirtha rs.70,Rs.70 வத்தி பாலாஜிஅமிர்தா,70.0
toy joy Rs.350,toy joy Rs.350,350.0
tide liquid F/L 850ml Rs.155,tide liquid F/L 850ml Rs.155,155.0
dettol skincare soap Rs.75,dettol skincare soap Rs.75,75.0
dettol skincare soap Rs.45,dettol skincare soap Rs.45,45.0
amul spray refill 500g Rs.235,500g அமுல் ஸ்ப்ரே reiff,235.0
dettol soap cool Rs.45,ரூ.45 டெட்டல் சோப் கூலஂ,40.0
dettol soap og Rs.45,ரூ.45 டெட்டல் சோப் org,40.0
pearls (jug) Rs.200,pearls (jug) Rs.200,200.0
melody parle Rs.50,Rs.44 மெலோடி pkt,44.0
Eclairs heart giftbox Rs.100 ,Eclairs heart giftbox Rs.100 ,100.0
Eclairs oval giftbox Rs.100 ,Eclairs oval giftbox Rs.100 ,100.0
Eclairs ruby giftbox Rs.100 ,Eclairs ruby giftbox Rs.100 ,100.0
kal uppu saravana 1kg,1kg  கல் உப்பு,20.0
parcel cover  white (14*14),parcel cover  white (14*14),100.0
parcel cover  white(14*14),parcel cover  white(14*14),100.0
parcel cover white(14*14),14*14 பட்டர் ஷீட் ஒயஂடஂ,100.0
salt uppu saravana 1kg ,1kg சரவணா தூள் உப்பு,20.0
him neem&termaric Rs.35,Rs.35 ஹிமாலயா சோப் neem & termaric,35.0
him neem turmeric soap 125g,himalaya neem turmeric soap 125g,58.0
ravai harina 200g Rs.21,200g ஹரினா ரவை ,21.0
cinthol cool set Rs.135,சிந்தால் நிலம் set Rs.135,135.0
cinthol block set Rs.144,சிந்தால் கருப்பு set  Rs.144,144.0
medimix sandal 75g,75g மெடிமிக்ஸ் சான்டால்,38.0
medimix santol 125g,125g மெடிமிக்ஸ் சான்டால்,60.0
medimix clacic 125g Rs.39,medimix clacic 125g Rs.39,49.0
cinthol lime set 75g Rs.105,75g சிந்தால் லைம் set,105.0
fanta 250ml,fanta 250ml,20.0
fanta 1ltr,fanta 1ltr,50.0
pasumai sangamam rice,தூய மல்லி சம்பா அரிசி,50.0
limca 750ml,limca 750ml,40.0
pepsodent Rs.20 brush,pepsodent Rs.20 brush,20.0
medimix clacic 125g Rs.49,125g மெடிமிக்ஸ் கிளாசிக்,49.0
surf excel(F&L)1ltr pouch,1ltr சர்ப் எக்சல் (F&L) pouch,175.0
gulab jamun 1+1 milky mist,மில்கி மிஸ்ட் குலோப்ஜாம் (1+1),130.0
raja pogam,raja pogam,60.0
revive liquid stiffener 400g Rs.155,revive liquid stiffener 400g Rs.155,154.0
revive liquid stiffener 400g,400g revive liquid stiffener,155.0
wheel powder 1kg,1Kg Wheel Powder,78.0
Fruit fresh,Fruit fresh,150.0
pepsodent lavang&salt 100g Rs.52,pepsodent lavang&salt 100g Rs.52,52.0
pepsodent lavang&salt 200g Rs.98,pepsodent lavang&salt 200g ,98.0
pepsodent lavang&salt 200g Rs.101,200g pepsodent L&Salt Rs.101,101.0
pepsodent lavang&salt 100g Rs.55,pepsodent lavang&salt 100g,55.0
kudai chocolate 5rs jar,kudai chocolate 5rs jar,250.0
brazil 2rs jar,brazil 2rs jar,300.0
viputhi 250g Rs.40,250g விபூதி,50.0
viputhi paste 60g rs 50,விபூதி பேஸ்ட்60g,50.0
santhana paste 60g rs.50,சந்தன பேஸ்ட்60g,50.0
sivappu spl thalampoo 50g,50g spl thalampoo sivappu ,250.0
super vasmol hair oil 100ml,100ml சூப்பர் வாஸ்மோல் hair oil,60.0
super vasmol hair oil 200ml,200ml சூப்பர் வாஸ்மோல் hair oil,90.0
super vasmol hair colour 100ml.Rs.65,100ml சூப்பர் வாஸ்மோல் hair colour,65.0
super vasmol hair colour 50ml rs35,50ml சூப்பர் வாஸ்மோல் hair colour,35.0
biriyani masala Rs.12,Rs.12 பிரியாணிமசாலா,12.0
nandhi GPP,நந்தி GPP,70.0
surf easywash liq Rs.189,surf easywash liq Rs.189,189.0
theepam yennaie nakshatra 1/2ltr,500ml தீபம்எண்ணெய் நட்சத்திர,105.0
theepam yennaie nakshatra 200ml,200ml தீபம்எண்ணெய் நட்சத்திர,65.0
saffola honey 100gm Rs.65,saffola honey 100gm Rs.65,65.0
ponvandu soap Rs.15 set,Rs.15 பொன்வண்டு சோப் set,75.0
ponvandu soap Rs.30 set,Rs.30 பொன்வண்டு சோப் set,180.0
gulabari rose water 250ml,250ml குலாபரி ரோஸ் வாட்டர்,92.0
perungaya aachi katti 50g,50gஆச்சி பெருங்காய கட்டி,84.0
bru tripti 200g Rs.210,200g புரூ tripti Rs.210,210.0
bashmathi rice clasic cutting,பாஸ்மதி clasic 3/4  cutting,120.0
bru tripti 200g Rs.190,bru tripti 200g Rs.190,190.0
surf excel 1kg powder blue Rs.95,surf excel 1kg powder blue Rs.95,95.0
santoor Rs.35,Rs.35சந்தூர் சோப்பு,35.0
ravai cook 500g pkt,500g குக் ரவை pkt,36.0
healthmix J.K 500g,500g J.K Health Mix ,200.0
arial powder blue 1/2kg,arial powder blue 1/2kg,95.0
oral b brush Rs.50,oral b brush Rs.50,50.0
tajmahal 250g Rs230,tajmahal 250g Rs230,230.0
surf LIQ FL Rs.185,surf LIQ FL Rs.185,185.0
surf LIQ TL 1ltr Rs.160,Rs.160 சர்ப் LIQ TL 1ltr pkt,160.0
surf LIQ FL 1ltr Rs.185,1L சர்ப் matic F/L LIQ Rs.185,185.0
tide 500g Rs.76,tide 500g Rs.76,76.0
old spice lotion 50ml,50ml old spice lotion ,130.0
gt gillette shave gel 60g,60g gillette shave gel,99.0
gt gillette guard shave gel 60g,80g gillette guard shave gel,60.0
gt gillette shave cream 70g,70g gillette shave cream,75.0
gt gillette shave cream 30g,30g gillette shave cream,40.0
gt gillette shave brush,gillette shave brush,70.0
gt gillete foam 50g,50g Gillete Foam,90.0
gt gillette shaving foam neem,gillette shaving foam neem 196g,249.0
gt gillette shaving foam 196g,196g gillette shaving foam,249.0
gt gillete vector 3 Razor,gillete vector 3 Razor,149.0
gt gillete Guard3 Rzr Rs.70,gillete Guard3 Rzr Rs.70,70.0
gt gillete guard3 carts rs.95 ,gillete guard3 carts rs.95 ,95.0
gt gillete vector3 cart 4s,gillete vector3 cart 4s,249.0
gt gillete  guard Rs.105,gillete  guard Rs.105,105.0
gt gillete WINKINSON,gt gillete WINKINSON,25.0
gillete wilkinson blade,gillete wilkinson blade,28.0
gt gillete wilkinson blade,Gillete Wilkinson Blade,30.0
gt gillete Rs.10 blade,gillete Rs.10 blade,10.0
gt gillete Rs.12 blade,Rs.12 Gillete Blade,12.0
gt gillete vector+ razor,gillete vector+ razor,75.0
gt gillete simply venus ,gillete simply venus,80.0
gt gillete machine set Rs.25,gillete machine set Rs.25,25.0
gt gillete vector + cart 4s ,gillete vector + cart 4s,130.0
gt gillete guard.6pcs Rs.50 ,gillete guard.6pcs Rs.50,50.0
gt Gillete WINNER blade,Gillete WINNER blade,30.0
gt gillete cream Rs.35,gillete cream Rs.35,35.0
gt Gillette 7o'clock,Gillette 7o'clock,75.0
gt Gillette mach3 razor charcoal,Gillette mach3 razor charcoal,300.0
gt gillete guard blate.3pcs Rs.28,gillete guard blate.3pcs Rs.28,28.0
gt gillete guard blade Rs.35,gillete guard blade Rs.35,35.0
gt gillete vector+ cart 2s,gillete vector+ cart 2s,70.0
gt gillete cream 25g Rs.25,gillete cream 25g Rs.25,25.0
gt gillete cream125g Rs.49,gillete cream125g Rs.49,49.0
kannan (garlic pickle) 2saram,க.பூ.ஊறுகாய் ரூ.2 சரம்,16.0
gt Gillette mach3 razor ,Gillette mach3 razor ,250.0
gt Gillette mach3 start razor ,Gillette mach3 start razor ,220.0
gt Gillette mach3 card 2s ,Gillette mach3 card 2s,275.0
gt Gillette 7o'clock super platinum,Gillette 7o'clock super platinum,75.0
gt Gillette 7o'clock pll,Gillette 7o'clock pll,125.0
gt Gillette 7o'clock pll razor,Gillette 7o'clock pll razor,125.0
gt Gillette 7o'clock sterling razor,Gillette 7o'Clock Sterling Razor,125.0
gt Gillette 7o'clock pll cart 5s,Gillette 7o'clock pll cart 5s,200.0
gt gillette shave gel 25g,gillette shave gel 25g,49.0
50-50 biscute Rs.10.golmaal,Rs.10 50-50 கோல்மால் பிஸ்கட்,10.0
sunrise 50g jar Rs.125,Rs.125 சன்ரைஸ் 50g  jar ,125.0
bb chessy tomato Rs.5,bb chessy tomato Rs.5,5.0
bb funsticks tomoto Rs.5,bb funsticks tomoto Rs.5,5.0
bb grvy chips masala Rs.5,bb grvy chips masala Rs.5,5.0
bb grvy chips tomato Rs.5,bb grvy chips tomato Rs.5,5.0
bb tic-tac -toe masal Rs.5,bb tic-tac -toe masal Rs.5,5.0
bb tic-tac -toe tomato Rs.5,bb tic-tac -toe tomato Rs.5,5.0
bb timepass grvy chips masala Rs.5,Rs.5 timepass grvy chips masala,5.0
bb timepass grvy chips tomato Rs.5,Rs.5 timepass grvy chips tomato,5.0
bb timepass tic-tac -toe masal Rs.5,Rs.5 timepass tic-tac -toe masal,5.0
bb timepass tic-tac -toe tomato Rs.5,Rs.5 timepass tic-tac -toe tomato,5.0
bb timepass funsticks tomoto Rs.5,Rs.5 timepass funsticks tomoto,5.0
bb timepass chessy tomato Rs.5,timepass chessy tomato Rs.5,5.0
chakra gold premium 250g,250g சக்ரா கோல்டு பிரிமியம்,225.0
Royal appalam 50g ,50g Royal அப்பளம்,15.0
1to3 noodles (1+1) Rs.75,1to3 noodles (1+1) Rs.75,75.0
cocacola 2.250 ml,2.250 ml cocacola,100.0
vetti veru,வேட்டி வேர் 10g pkt,15.0
jelly mittaiye round Rs.5 jar,Rs.5 கப் ஜெல்லி மிட்டாய் ,200.0
puli jam jar,புளி ஜாம் jar,100.0
sensodyne 80g (rap relif) Rs.180,sensodyne 80g (rap relif) Rs.180,180.0
kaju butter toffee,காஜு பட்டர் toffee jar,200.0
sensodyne 40g(Rapid) ,sensodyne 40g(Rapid) ,100.0
surf excel (Q&W)1kg.Rs.220,1kg சர்ப் எக்சல் (Q&W) Rs.220,220.0
thani milagai thool 50g vazhai,தனி மிளகாய் தூள்50g vazhai,28.0
chikkan masala50g vazhai,50g சிக்கன் மசலா வாழை,28.0
oil sekku porna groundnut oil,1ltr பூர்ணா கடலை எண்ணெய்,252.0
duracell Rs.22,duracell Rs.22,22.0
AA duracell Rs.22,AA duracell Rs.22,22.0
duracell AA Rs.22,duracell AA Rs.22,22.0
duracell AAA Rs.22,duracell AAA Rs.22,22.0
nail cutter rs.49,nail cutter rs.49,49.0
meera coco oil Rs.1 pkt(40ps) ,meera coco oil Rs.1 pkt(40ps) ,40.0
cinthol(og) Rs.48,சிந்தால்(og) Rs.48,48.0
cinthol (og) Rs.39,Rs.39 சிந்தால் original,39.0
goodKnight LIQ mini set Rs.50,ரூ.50 குட்நைட் மெஷின் செட் மினி செட்,50.0
Shakthi dishwash sope Rs.10,Shakthi dishwash sope Rs.10,10.0
Sakthi dishwash sope Rs.10,Sakthi dishwash sope Rs.10,10.0
sakthi detergent soap Rs.10,Rs.10 சக்தி துணி சோப்,10.0
sakthi diswash powder Rs.10 saram,sakthi diswash powder Rs.10 saram,100.0
sakthi ditergent powder Rs.10 saram,Rs.10 சக்தி துணி பவுடர் சரம்,100.0
Sakthi dishwash soap Rs.10,Rs.10சக்தி டிஷ்வாஷ் சோப்,10.0
stapler pin kangaro Rs.12,Rs.12 Stapler Pin Kangaro,12.0
stapler kangaro,Stapler Kangaro set,75.0
bb ATM chips Rs.5.saram,Rs.5.ATM  குர்குரே சரம்,60.0
bb kurkure Rs.2 pkt,Rs.2 குர்குரே சரம்,24.0
sivappu kg,சிவப்பு kg,200.0
ux neo 2x ballpen blue rs.10,Rs.10 ux neo 2x ballpen blue,10.0
ux neo 2x ballpen black rs.10,Rs.10 ux neo 2x ballpen black ,10.0
ux neo 2x ballpen red rs.10,Rs.10 ux neo 2x ballpen red,10.0
ux ultron 2x ballpen blue rs.10,Rs.10 ux ultron 2x ballpen blue,10.0
ux ultron 2x ballpen black rs.10,Rs.10 ux ultron 2x ballpen black,10.0
ux ultron 2x ballpen red rs.10,Rs.10 ux ultron 2x ballpen red,10.0
ux boldtron ballpen blue rs.10,Rs.10 boldtron ballpen blue,10.0
ux boldtron ballpen black rs.10,Rs.10 boldtron ballpen black,10.0
ux boldtron ballpen red rs.10,Rs.10 ux boldtron ballpen red,10.0
ux pop gelpen blue rs.10,Rs.10 ux pop gelpen blue,10.0
ux pop gelpen black rs.10,Rs.10 ux pop gelpen black,10.0
ux pop gelpen red rs.10,Rs.10 ux pop gelpen red,10.0
ux geltron gelpen blue rs.10,Rs.10ux geltron gelpen blue,10.0
ux geltron gelpen black rs.10,Rs.10 ux geltron gelpen black,10.0
ux geltron gelpen red rs.10,Rs.10 ux geltron gelpen red,10.0
ux geltron gelpen green rs.10,Rs.10 ux geltron gelpen green,10.0
ux pearl gelpen blue rs.10,Rs.10 ux pearl gelpen blue,10.0
ux pearl gelpen black rs.10,Rs.10 ux pearl gelpen black,10.0
ux pearl gelpen red rs.10,Rs.10 ux pearl gelpen red,10.0
ux presto rt ballpen blue rs.10,Rs.10 ux presto rt ballpen blue,10.0
ux presto rt ballpen black rs.10,Rs.10 ux presto rt ballpen black,10.0
ux presto rt ballpen red rs.10,Rs.10 ux presto rt ballpen red,10.0
ux presto rt ultra b pen blue rs.10,Rs.10 ux presto rt ultra b pen blue,10.0
ux presto rt ultra b pen black rs.10,Rs.10 ux presto rt ultra b pen black,10.0
ux frostron gelpen rs.10,Rs.10 ux frostron gelpen,10.0
ux eraserite pen rs.30,Rs.30 ux eraserite pen (pelican),30.0
ux fountain pen,ux fountain pen,50.0
ux pilot cartridge pen v7-blue,V7-Blue Pilot Cartridge Pen,60.0
ux pilot cartridge pen v7-black,V7-Black Pilot Cartridge Pen,60.0
ux pilot cartridge pen v7-red,V7-Red Pilot Cartridge Pen,60.0
ux pilot cartridge pen v7-green,V7-Green Pilot Cartridge Pen,60.0
bru green label 100g,100g bru green label,38.0
3roses 25g,25g 3ரோசஸ்,25.0
bru jar 25g,25g Bru,50.0
vim bar 250g tub,250g விம் பார் tub,27.0
Rin soap 250g*4 set,Rin soap 250g*4 set,100.0
chakra gold 250g nc,chakra gold 250g nc,240.0
nool kandu (m) Rs.5 pkt,Rs.5 மஞ்சள் நூல்கண்டு[pkt],50.0
sunrise 200g,200g சன் ரைஸ்,260.0
Rin powder neem 1kg Rs.120,Rin powder neem 1kg Rs.120,120.0
surf excel 1/2 kg blue Rs.84,surf excel 1/2 kg blue Rs.84,84.0
surf LIQ Rs.10,Rs.10 surf LIQ ,10.0
bb biriyani kurcure Rs.5(14ps)saram ,பிரியாணி குர்குரே Rs.5(14ps)சரம்,70.0
godrej genteel liquid detergent 957ml,957ml கோட்ரெஜ் ஜென்டீல் ,160.0
gum tube Rs.5 saram ,Rs.5 கம் Tube சரம்,50.0
natraj eraser Rs.1 ,ரூ.1 நட்ராஜ் ரப்பர் பாக்ஸ்,20.0
note 3/4 size Rs.30 unruled,note 3/4 size Rs.30 unruled,30.0
note 3/4 size apsara Rs.35 ruled,note 3/4 size அப்சரா Rs.35 ruled,35.0
note long size apsara Rs.40(un ruled),note long size apsara Rs.40(un ruled),40.0
note 3/4 size apsara Rs.30 unruled,note 3/4 size அப்சரா Rs.30 unruled,30.0
note long size Rs.40(ruled),Rs.40 (L) அன் ருல்டு நோட்,40.0
note (s)size apsara Rs.40(ruled),note (s)size அப்சரா Rs.40(ruled),40.0
note (s)size apsara Rs.40(unruled),note (s)size அப்சரா Rs.40(unruled),40.0
rusk salwa rs.15,Rs.15 rusk salwa,15.0
pen natraj blue Rs.5 box.20ps,pen natraj blue Rs.5 box.20ps,60.0
pen natraj blue Rs.3 box.20ps,pen natraj blue Rs.3 box.20ps,60.0
vathi sambrani Rs.6 dozen,Rs.6 வத்தி சாம்பராணி & விஷ்ணு dozen,60.0
vasmol jasmine 200ml Rs.78,vasmol jasmine 200ml Rs.78,78.0
garnier men bright Rs.110,கார்னியர் men bright Rs.110,110.0
whistle toy Rs.5 jar,whistle toy Rs.5 jar,200.0
gold coin Rs.1 jar,Rs.1 gold coin jar,100.0
Eclairs harsh Rs.50 (0.50p),Eclairs harsh Rs.50 (0.50p),50.0
jelly butterfly Rs.5 jar,Rs.5 ஜெல்லி butterfly மிட்டாய் jar,200.0
watch mittaiye Rs.1 jar,Rs.1வாட்ச் மிட்டாய் jar,300.0
watch mittaiye Rs.5 jar,Rs.5 வாட்ச் மிட்டாய் jar,300.0
soodam Rs.1(pkt) sarathi,ரூ.1(pkt) சாரதி சூடம்,150.0
soodam sarathi katti Rs.5,Rs.5 சாரதி கட்டி சூடம்,150.0
soodam sarathi Rs.1(pkt),ரூ.1(pkt) சாரதி சூடம்,150.0
soodam sarathi Rs.1(pkt) (150p),ரூ.1 சாரதி சூடம் 150p pkt,150.0
soodam sarathi Rs.1(50ps),ரூ.1 சாரதி சூடம் 50p pkt,50.0
soodam sarathi katti Rs.5 pkt,ரூ.5 சாரதி கட்டி சூடம் pkt,150.0
vathi pineapple Rs.12 dozen,vathi pineapple Rs.12 dozen,144.0
GDS Rs.12 dozen,Vathi Pineapple Rs.10 Dozen,144.0
soft soles foot care 30g,soft soles foot care 30g,100.0
quik relif rollon oil 10ml,quik relif rollon oil 10ml,85.0
quik relif balm 10ml,quik relif balm 10ml,50.0
alite hair removal 30g,30g Alite Hair Removal,70.0
meglow fair cream for man 15g,meglow fair cream for man 15g,60.0
rock on deo 150ml,rock on deo 150ml,225.0
Enshine kids toothbrush 3+,Enshine Kids Toothbrush 3+,55.0
meglow fair cream for woman 15g,meglow fair cream for woman 15g,60.0
Enshine herbal toothpaste 100g,Enshine herbal toothpaste 100g,120.0
Enshine sensitivity toothpaste 100g,Enshine sensitivity toothpaste 100g,150.0
Mr.gold coconut oil 100ml jar,100ml Mr.கோல்டு தே.எண்ணெய் jar,40.0
santoor sandal  100g,Rs.35 சந்தூர் சோப்பு sandal,35.0
slate pencils rs.15,ரூ.15 ஸ்லேட் பென்சில்,15.0
gokul santol powder Rs.10,gokul santol powder Rs.10,10.0
gokul santol soap Rs.10,Rs.10 Gokul Santol Soap,10.0
cinthol lime soap 100g,100g சிந்தால் லைம் சோப்,44.0
note Rs.19 ,note Rs.19 ,19.0
note Mathemati rs.19,Rs .19 கணக்கு நோட்,19.0
vathi pinapple Rs.12,Rs.12 பைணாபில் வத்தி,12.0
gulabari rose water 120ml,120ml குலாபரி ரோஸ் வாட்டர் ,54.0
gulabari rose water 59ml,59ml குலாபரி ரோஸ் வாட்டர்,30.0
semiya true payasam 100g ,100 கி சேமியா பாயசம்,11.0
samBrani Rs.3 attai,Rs.3. சாம்ப்ராணி அட்டை,36.0
mezhuvarthi Rs.10 pkt(5p),Rs.10 pkt மெழுகுவர்த்தி (5p),50.0
gopura kungumam 40g,40g கோபுர குங்குமம் சிவப்பு,12.0
gopuram kunkumam merun 40g,40g கோபுரகுங்குமம் மெருன்,25.0
thiri nool Rs.5,Rs.5.திரிநூல்,5.0
panjavaruna nool rs.10,rs.10 பஞ்சவருண நூல்,10.0
yerumpu marunthu 100g,100g எறும்பு மருந்து,15.0
sambrani navin cup rs.72 ,Rs.72  நவின்கப் சாம்பிராணி,72.0
sambrani navin cup rs.32,rs.32  navin கப் சாம்பராணி,32.0
sambrani sandalum cone rs.10,Rs.10 cycle cone sambrani,10.0
bournvita 500g,500g bourn vita,245.0
naga kitchati semiya 180g,செவ்ரைட் கிச்சடி சேமியா180g,22.0
rusk britanniya Rs.50,Rs.50 பிரிட்டானியா ரஸ்க்,50.0
rusk britanniya Rs.20,rusk britanniya Rs.20,20.0
mint fresh Rs.1 pkt,mint fresh Rs.1 pkt,80.0
vanilla bun cake jar,vanilla bun cake jar,250.0
kreme balls jar,kreme balls jar,300.0
dip stick jar,dip stick jar,300.0
fresh mint Rs.1 pkt,fresh mint Rs.1 pkt,80.0
Fun toys whistle jar,Rs.5 Fun toys whistle jar,200.0
Ring loly pop Rs.1 pkt,Ring loly pop Rs.1 pkt,100.0
lizol neem 200ml Rs.42,lizol neem 200ml Rs.42,42.0
lizol citrus 200ml Rs.42,lizol citrus 200ml Rs.42,42.0
lizol floral 200ml Rs.42,lizol floral 200ml Rs.42,42.0
lizol jasmine 200ml Rs.42,lizol jasmine 200ml Rs.42,42.0
ujala Rs.32,75ml உஜாலா Rs.32,32.0
paste savorit 500g,500g பாஸ்தா savorit,60.0
vicco tooth paste 50g,50g விக்கோ tooth paste,48.0
vicco tooth paste 100g,100g விக்கோ tooth paste,85.0
vicco tooth powder 50g Rs.65,50g விக்கோ tooth powders,65.0
vicco tooth powder 25g Rs.40,25g விக்கோ tooth powder Rs.40,40.0
vicco termari cream 15g Rs.74 ,15g விக்கோ டெர்மாரி கிரீம்,74.0
stumper rubber ball,ஸ்டம்பர் ரப்பர் பந்து,40.0
him baby soap 100g,100g ஹிமாலயா பேபி  சோப் ,85.0
him baby soap 125g,125g ஹிமாலயா பேபி  சோப் ,85.0
him cucumber soap 75G rs.36,75g ஹிமாலயா cucumber soap,36.0
him cucumber soap 125G rs.64,125g ஹிமாலயா குக்கூம்பர் சோப்,64.0
him AHF shampoo 80ml,80ml himalaya AHF shampoo ,65.0
him AHF shampoo 180ml,180ml himalaya AHF shampoo ,145.0
him anti dand shampoo 180ml,180ml himalaya anti dand shampoo,150.0
him anti dand shampoo 80ml,80ml himalaya anti dand shampoo,68.0
him gentle daily care shampoo 80ml,80ml himalaya GDC shampoo,62.0
him gentle daily care shampoo 200ml,200ml himalaya GDC shampoo,145.0
Him kesar face cream 25g,25g himalay kesar face cream,55.0
Him kesar face cream 10g,10g himalaya kesar face cream,10.0
Him rose face cream 25g,25g Himalaya rose face cream,55.0
Him rose face cream 50g,50g Himalaya rose face cream,100.0
him apricot face wash 50ml,50ml ஹிமாலயா Apricot FaceWash,79.0
him kesar facewash 50ml,50ml Himalaya Kesar FaceWash,90.0
treat jim jim pops,treat jim jim pops,10.0
agni tea 500g,500g அக்னி டீ தூள்,150.0
baby wipes luvlap,Rs.115 Luvlap Baby Wipes ,115.0
Elanthai jam jar rs.5,Rs.5 இலந்தை jam jar,150.0
then mittai jar rs.2,Rs.2 தேன் மிட்டாய் jar,150.0
feeding bottle steel rs.499,250ml feeding bottle steel,499.0
noodels masti oye! Rs.10,Rs.10 Noodels Masti oye!,10.0
mopz lime fresh set 500ml*2,mopz lime fresh set 500ml*2,109.0
mopz floral fresh 500ml*2,mopz floral fresh 500ml*2,218.0
Expelz toilet clean 500ml*2,Expelz toilet clean 500ml*2,109.0
vennai 100g,100g ஊத்துக்குளி வெண்ணெய்,66.0
perungaya katti TT 100g,100g TT.காய கட்டி,165.0
lion dates Qyno 250g,250g லயன் டேட்ஸ் Qyno (1+1),102.0
lion dates Qyno 500g,500g  லயன் டேட்ஸ் Qyno (1+1),185.0
rexona shower fresh Roll on,rexona shower fresh Roll on,95.0
Flask steel,Flask steel,449.0
avt gold cup 250g with free Rs.220,250g  AVT gold cup with free,220.0
tounge cleaner ps,tounge cleaner ps,12.0
paruppu satha podi 100g,100g பருப்பு சாத பொடி,44.0
chat masala 50g,50g sakthi chat masala,26.0
basmathi rice muzhusu kg,பாசுமதி அரிசி முழுசு,115.0
parle 20-20 Rs.5 pai,parle 20-20 Rs.5 pai,60.0
 20-20 Rs.5 pai, 20-20 Rs.5 pai,60.0
20-20 Rs.5 pai,20-20 Rs.5 பிஸ்கட்(1பை),60.0
aachi murukku mavu 500g  ,500g ஆச்சி முறுக்கு மாவு,65.0
aachi achu murukku mavu 500g  ,500g aachi achu murukku mavu,55.0
bb fulltoss masala Rs.5 saram,Rs.5 ஃபுல்டாஸ் மசாலா சரம்,75.0
citrus plus soap Rs.5,Rs.5 சிட்ரஸ் பிளஸ் சோப்,5.0
maithaa sanghvi 10kg pai,10kg sanghvi மைதா pai,450.0
paatti idlli potti 500g,500g பா.இட்லிபொடி,170.0
sapina sakthi diswash powder 400g,400g சக்தி சபீனா பவுடர்,15.0
pen Rs.10 cello glitter gel,Rs.10 cello glitter gel pen,10.0
pen Rs.10 cello butterflow ,Rs.10 cello butterflow pen ,10.0
karam masala Rs.12,Rs.12 கரம் மசாலா,12.0
idli podi aachi Rs.5 saram,Rs.5 இட்லிபொடி ஆச்சி சரம்,50.0
yellu black 50g iyarkai,50g இயற்கை கருப்பு எள்ளு,18.0
yellu vella 50g iyarkai,50g இயற்கை வெள்ளை எள்ளு,18.0
arasan liquid 1ltr,1ltr அரசன் liquid,130.0
ruchi pickle Rs.1 pkt,Rs.1 ருசி ஊறுகாய் pkt,60.0
ruchi pickle Rs.1 pai,Rs.1 ருசி ஊறுகாய் pai,100.0
dabur amla hair OIL 275ml ,275ml டாபர் அம்லா ஆயில்,155.0
allout LIQ 45ml Rs.80,45ml ஆல்அவுட் LIQ,80.0
bun cake choco jar,Bun Cake Rs.5 Jar,250.0
Him prickly heat poweder 100g,100g Him prickly heat poweder ,120.0
dp luvlap diaper NB Rs.30,Luvlap diaper NB Rs.30,30.0
dp luvlap diaper NB Rs.18,Rs.18 Luvlap டயப்பர் NB ,18.0
dp luvlap diaper L Rs.30,Rs.30 luvlap டயப்பர் L ,30.0
dp luvlap diaper S Rs.20,Rs.20 luvlap டயப்பர் S ,20.0
dp luvlap diaper M Rs.24,Rs.24 Luvlap டயப்பர் M ,24.0
dp pampers (s) new born Rs70,Rs.70 பேம்பர்ஸ் (s) new born,70.0
dp pampers (xl) Rs.35,Rs.35 பேம்பர்ஸ் L,35.0
dp pampers large RS.34,RS.34 பேம்பர்ஸ் large ,34.0
dp pampers Rs.54 (L) 4pants,pampers Rs.54 (L) 4pants,54.0
dp pampers Rs.38 (s) 4pants,pampers Rs.38 (s) 4pants,38.0
dp pampers Rs.46 (m) 4pants,pampers Rs.46 (m) 4pants,46.0
dp pampers (s) Rs22,Rs22 பேம்பர்ஸ் (s),22.0
dp pampers (m),பேம்பர்ஸ் (m),90.0
dp pampers (M) Rs27,Rs.27 பேம்பர்ஸ் (M) ,27.0
dp pampers (L) Rs.28,Rs.28 பேம்பர்ஸ் (L),28.0
dp pampers (L),பேம்பர்ஸ் (L) 6'pic,105.0
dp pampers (M) 90rs,pampers (M) 90rs,90.0
dp mamypokko pants (xl) Rs.36,mamypokko pants (xl) Rs.36,36.0
dp mamypokko pants(l) Rs.32,mamypokko pants(l) Rs.32,32.0
dp mamypokko pants(m) Rs.26,mamypokko pants(m) Rs.26,26.0
dp mamypokko pants(s) Rs.22,mamypokko pants(s) Rs.22,22.0
dp huggies (L) Rs.28,Rs.28 ஹகிஸ் டயபர் (L),28.0
dp huggies(m)1.saram,huggies(m)1.saram,192.0
dp huggies (m) Rs.24,Rs.24 ஹகிஸ் டயபர் (m),24.0
dp huggies (s) 10,Rs.10 ஹகிஸ் டயபர் (s),10.0
dp huggies (s) Rs.20,huggies (s) Rs.20,20.0
dp him baby (XL)diaber Rs.18 saram,Rs.18 ஹிமாலயா பேபி டயபர் சரம்(XL),216.0
dp him baby diaber (L)Rs.14 saram,Rs.14 ஹிமாலயா பேபி டயபர் சரம்(L),168.0
dp him baby (M)diaber Rs.12 saram,Rs.14 ஹிமாலயா பேபி டயபர் சரம்(L),144.0
dp him baby diaber(s) Rs.10 saram,Rs.10 ஹிமாலயா பேபி டயபர் சரம் (s),100.0
manakadu masala 50g,50g மணக்காடு மசாலா,25.0
treat jim jom pops,treat jim jom pops,10.0
treat jim jam pops,treat jim jam pops,10.0
mysore sandal gold soap rs.90,125g மைசூர் சான்டால் கோல்டு சோப்,90.0
pt TT katti 15g,15g TT பெருங்காய கட்டி,30.0
pt TT katti 100g,100g TT பெருங்காய கட்டி,165.0
pt aasai katti 25g ,25g ஆசை பெருங்காய கட்டி,30.0
pt aasai katti 10g,10g பெருங்காய கட்டி,10.0
pt TT thool 100g,100g TT.பெருங்காயதூள்,182.0
pt aachi katti 50g,50g ஆச்சி பெருங்காய கட்டி,91.0
pt LG thool 100g,100g LG பெருங்காய தூள்,200.0
pt TT katti 50g,50g TT பெருங்காய கட்டி,91.0
pt TT thool 50g,50g TT பெருங்காயதூள்,92.0
pt aram thool Rs.2 saram,RS.2 பெருங்காய தூள் ஆரம் saram,40.0
pt pts katti 25g,25g ptc பெருங்காய கட்டி,50.0
pt AVM thool 25g,25g AVM பெருங்காயதூள்,35.0
pt balaji thool Rs.2 saram,Rs.2 balaji காயதூள் சரம்,40.0
pt Aachi thool Rs.2 saram ,Rs.2 ஆச்சி பெ.காய.தூள் saram,40.0
pt aachi powder 50G,50g ஆச்சி பெருங்காய தூள்,85.0
pt LG powder 50g,50g LG பெருங்காய தூள்,102.0
pt perungayathool(LDS) 20g kattu,20gLDS(பெ.காய.தூள்)கட்டு,270.0
pt perungayam pts 25g ps,perungayam pts 25g ps,42.0
pt perunkayam lg katti 50G,pt perunkayam lg katti 50G,91.0
pt perungayam katti 25g SM,pt perungayam katti 25g SM,35.0
pt perumkayam katti (SM) Rs.40,Rs.40 பெரும்காயம் SM,40.0
pt perungayathool 10g ,10g பெருங்காயதூள்,12.0
pt perunkayathool SM 10g,10g avm பெருங்காயத்தூள்,15.0
pt perumkayam lg katti 100gm,100gm LGகட்டிகாயம்,180.0
pt perumkayam ptc 50g,50g ptc கட்டிபெ.காயம்,60.0
pt aachi thool 5g,5g ஆச்சி பெருங்காய தூள்,10.0
pt TT thool 10g,10g TT பெருங்காயதூள்,20.0
bb mad angal Rs.5,Rs.5 Mad Angal bingo,5.0
bb no rulz Rs.5,Rs.5 No Rulz பிங்கோ,5.0
candyman (c)double (120p),candyman (c)double (120p),120.0
chocobakes Rs.10, Rs.10 Chocobakes,10.0
parachute 500ml pkt,500ml பாராசூட் pkt,140.0
dazller talc Rs.10,Rs.10 டஷ்லர் பவுடர் ஜார்,200.0
Flair Inky classic pen Rs.50,Rs.50 Flair Inky classic pen,50.0
tea thool 1kg,1kg டீ தூள் pkt,550.0
iluppai oil 100ml,100 ml  இலுப்பை எண்ணெய்,40.0
power soap Rs15,Rs.15 பவர் சோப்பு ,25.0
oil JVS thenga ennaie 500ml,500ml JVS தே.எண்ணெய் btl,130.0
kannan (chilly pickle) 2saram,க.மிளகா.ஊறுகாய் ரூ.2 சரம்,16.0
Mr.gold kadala 500ml,500ml Mr.கோல்டு கடலை எண்ணெய் jar,130.0
pen nataraj Rs.4 pkt,nataraj pen Rs.4 pkt,80.0
pen Rs.6 trimate pkt,Rs.6 Red ballpen pkt,30.0
Rin powder 500g (refreash),500g ரின் பவுடர் Refreash,62.0
hamam 100g soap Rs.41,100g ஹமாம்.Rs.41,42.0
nandhi 3d pai,நந்தி 3d 10kg pai,620.0
yellu mitaie 10,Rs.10 ps எள்ளு மிட்டாய்,10.0
cofsils jar Rs.205,cofsils jar Rs.205,205.0
arial Rs.3 saram,ஏரியல் பவுடர் Rs.3 saram,36.0
michar 1kg ரவுண்டு முறுக்கு,1kg ரவுண்டு முறுக்கு,150.0
murukku Rs.20,Rs.20 முறுக்கு,20.0
nei vastu 1ltr,1ltr vastu agmark நெய்,699.0
badham drink mix (1+1) 200g aachi,200g ஆச்சி பாதாம் மிக்ஸ் (1+1) ,160.0
badham MTR drink mix 200g,200g MTR பாதாம் மிக்ஸ்  ,125.0
gulab jamun aachi 175g Rs.135,175g குலோப்ஜாம் ஆச்சி (1+1),145.0
gulab jamun MTR 175g (1+1),175g MTR குலோப்ஜாம் (1+1),145.0
nool panjavaruna nool rs.10,Rs.10 பஞ்சவருண நூல்கண்டு,10.0
samBrani Rs.2 attai,Rs.2 சாம்ப்ராணி அட்டை,20.0
oil fortune 1ltr jar,1ltr பார்ச்சூன் ஆயில் jar,195.0
marino swiss Rs.5,Rs.5 marino swiss box,150.0
him shampoo Rs.2,Rs.2 ஹிமாலயா சாம்பு ,2.0
bb timepass Rs.5,Rs.5 timepass ,5.0
kuppai meni soap 90g,90g  குப்பைமேனி சோப்,90.0
paste spiral true 500g,500g ஸ்பைரல் பாஸ்தா true,55.0
dove soap Rs.64 blue,100g டவ் சோப்பு blue,64.0
chikkan 65 masala 100g aachi,100g சிக்கன் 65 மசாலா ஆச்சி,66.0
biriyani masala manakadu 50g,50g மணக்காடு பிரியாணி மசாலா ,50.0
Rexona Deodorant 25ml,25ml Rexona Deodorant Roll on,95.0
Rexona Deodorant 50ml,50ml Rexona Deodorant Roll on,190.0
baby nipple med 2p,luvlap baby nipple med 2p,95.0
arivel refresh pouch Rs.70,Rs.70 arivel refresh pouch 10g,70.0
Enshine adult tooth brush,Enshine Adult Tooth Brush,60.0
baby finger brush,baby finger brush,139.0
baby grooming set,baby grooming set,269.0
Airvel refresh pouch Rs.70,Airvel refresh pouch Rs.70,70.0
Eveready ultima AAA battery ,Eveready ultima AAA battery ,22.0
Eveready ultima AAA battery Rs.22 ,Eveready ultima AAA battery Rs.22 ,22.0
Eveready ultima AA battery Rs.22 ,Eveready ultima AA battery Rs.22 ,22.0
naturo fruit bar jar Rs.5,naturo fruit bar jar Rs.5,300.0
milk maid tin 400g,Amul மில்க்மெய்டு டின் 400g,126.0
power comport fresh Rs.4,power comport fresh Rs.4,160.0
power comfort fresh Rs.4,power comfort fresh Rs.4,160.0
comfort power fresh Rs.4,Power கம்போர்ட் fresh Rs.4 free jar,320.0
dabur Meswak paste 42g Rs.20,dabur Meswak paste 42g Rs.20,20.0
dabur Meswak paste 100g Rs.65,100g dabur Meswak paste ,65.0
Naga payasam mix 175g (1+1),1+1 Naga பாயசம் 175g,95.0
surf excel soup Rs.20,Rs.20 சர்ப் எக்சல் சோப்பு,20.0
cd lemon soda Rs.10(1k) ,Rs.10 லெமன் சால்ட் (1k) ,300.0
Aachi pickle 5kg,5kg ஆச்சி ஊறுகாய்,425.0
idli podi valai Rs.10,Rs.10 இட்லிபொடி,10.0
idli podi vazhi Rs.10,Rs.10 வாழை இட்லிபொடி,10.0
ponds  wb crm 23g Rs.80,ponds  wb crm 23g ,80.0
computer sambrani sampradayam Rs.24,Rs.24 சம்பிரதாயம்  கம்ப்யூட்டர் சாம்ப்ராணி,24.0
pen kundan Rs.3,Rs.3 pen kundan,90.0
pen kundan Rs.4,Rs.4 kundan pen ,90.0
tape roll premier Rs.5,Rs.5 premier tape roll ,5.0
note 60 pages (ruled ) Rs.22,note 60 pages (ruled ) Rs.22,22.0
vathi Z black Rs.75,Rs.75 செட் ப்ளாக் வத்தி,75.0
surf excel(T&L)1ltr pouch Rs.175,1ltr சர்ப் எக்சல் (T&L) pouch,149.0
surf excel LIQ (Q&W) 1LTR Rs.205,1LTR சர்ப் எக்சல் (Q&W) LIQ,205.0
surf LIQ FL 500ml Rs.127,500ml surf LIQ FL ,127.0
surf xl easywash liq 1LTR Rs.189,1LTR சர்ப் எக்சல் ew LIQ,189.0
HH camlin nove rt wooden pencil Rs.60,Rs.60 Camlin Nove Nt Wooden Pencil ,60.0
pantene PRO-V AHF 180ml Rs.159,180ml pantene PRO-V AHF ,159.0
kashmiri chilli Rs.12,20g ஆச்சி  காஷ்மீரி சில்லி ,20.0
sls bullet குருணை சுவாகத்,bullet குருணை ,40.0
sls bullet குருணை,AKS குருணை அரிசி,40.0
lion syrup 500g,500g லயன்  டேட்ஸ் syrup,206.0
tata soulfull choco sticks jar Rs.5,tata soulfull choco sticks jar Rs.5,150.0
kalla urundai Rs.5 jar,Rs.5 kalla urundai  jar,300.0
jelly ball Rs.60 pkt,Rs.60 fruit jelly ball  pkt,60.0
soodam mittay 0.50p jar,0.50p சூடம் மிட்டாய் jar,50.0
lollipop Rs.10 pkt,Rs.10 லாலிபாப் pkt,150.0
Eclairs Allwin Rs.100,Rs.100 Eclairs Allwin,100.0
naattu sakkara BHOOMI 1KG,1kg நாட்டு சக்கர,110.0
center fruit jar,Rs.150  சென்டர் fruit ஜார்,150.0
amurthanjan strong Rs.42,Amurthanjan strong (g) Rs.42,42.0
Rin powder Refresh 1kg,1kg ரின் பவுடர் Refresh,122.0
oil suntruu (sf) 500ml,500ml Suntruu (sf),110.0
godrej selfie shampoo hair colour Rs.15,Rs.15 கோத்ரேஜ்  செல்பி ஹர் கலர்,15.0
godrej expert rich cream Rs.15,Rs.15 godrej expert rich cream,15.0
horlicks 200g pkt Rs.115,200g ஹார்லிக்ஸ் pkt,115.0
cd spinner 200ml tin,200ml spinner tin,30.0
Joo candy jar Rs.200 ,Rs.200 Joo candy jar,200.0
yelakkai paakku Rs.1(pkt) mrp 130,Rs.1ஏலகாய் பாக்கு(pkt),130.0
bb con kurkure katori,Rs.5 Noodles kurkure,5.0
old spice deo set,old spice deo set,150.0
whisper choice XXL Rs.50,Rs.55 விஸ்பர் choice XXL (6P),55.0
tide plus powder 550g ,550g டைடு + பவுடர்,79.0
tide plus powder 1.1kg ,1.1kg டைடு + பவுடர்,158.0
arial liq T&L500ml Rs.122,500ML ஏரியல் liq T&L,122.0
arial liq T&L500ml Rs.120,500ML ஏரியல் liq T&L,120.0
dp luvlap diaper L 8's Rs.129,Rs.129 Luvlap டயப்பர் L 8's pkt,129.0
dp luvlap diaper M 9's Rs.120,luvlap diaper M 9's pkt,129.0
dp luvlap diaper S 10's Rs.129,Rs.129 luvlap டயப்பர் S 10's pkt,129.0
dp karein adult diaper L 10's ,karein adult diaper L 10's ,600.0
Airvel refresh pouch 10g Rs.70,Airvel refresh pouch 10g,70.0
Airvel block 75g,75g Airvel block ,80.0
Enshine Lice clear shampoo 50ml Rs.85,50ml Enshine பேன் ஷாம்பு,85.0
dustbin cover small 30p,Dustbin Cover Small 30p,70.0
dustbin cover med 30p,Dustbin Cover Med 30p,90.0
dustbin cover L 15p,Dustbin Cover L 15p,150.0
dustbin cover EX L 15p,Dustbin Cover EX L 15p,135.0
wall nut 250g pkt,250g வால் நட் pkt,650.0
odonil block set (3+1),Odonil Block Set 5n* 48g,220.0
sls ASK குருணை,AKS குருணை அரிசி,40.0
vcare hair color 15ml Rs.65,15ml vcare shampoo hair color,65.0
vcare hair oil old 100ml Rs.222,100ml vcare hair oil old ,222.0
vcare herbal hair oil 100ml Rs.276,v care herbal hair oil 100ml,276.0
yerumpu marunthu 200g,200g எறும்பு மருந்து,30.0
kungumam meenakshi 50g,50g meenakshi குங்குமம்,15.0
vicco termari skin cream 15g Rs.77 ,15g vicco termari skin cream ,77.0
pril liguid 145ml,pril liguid 145ml,20.0
HH camlin G max pencil 0.7mm RS.10,camlin G max pencil 0.7 RS.10,10.0
HH camlin klick pencil 0.7mm RS.10,camlin klick pencil 0.7mm,10.0
HH camlin klick pencil 0.5mm Rs.10,camlin klick pencil 0.5,10.0
gum tube Rs.5,Rs.5 gum tube 20ml,5.0
power powder Rs.5,Rs.5 பவர் பவுடர்,5.0
dettol soap cool 75g Rs.40,100g டெட்டல் சோப் கூலஂ,40.0
lollipop rose Rs.5 pkt,Rs.5 ரோஸ் லாலிபாப் pkt,120.0
Empire Rs.2 jar ,Empire Rs.2 jar ,250.0
ben 10 stick Rs.60,ben 10 stick Rs.60,60.0
murukku Rs.2 JAR,Rs.2 முறுக்கு JAR,200.0
HH camlin floracent pencil RS 4,Rs.4 camlin floracent pencil,40.0
HH camlin student pencil R&B Rs.3,camlin student pencil R&B Rs.3,30.0
HH pencil jumbo Rs.5,Rs.5 jumbo spriral pencli,5.0
ux M pen classic Rs.75,Rs.75 M pen classic ,75.0
ux M pen stylus Rs.80,Rs.80 M pen stylus ,80.0
ux M pen marcus Rs.85,Rs.85 M pen marcus ,85.0
ux M pen exceed Rs.85,Rs.85 M pen exceed,85.0
ux M pen sonat Rs.75,Rs.75 M pen sonat ,75.0
ux M pen Nexa Roller Rs.90,Rs.90 M pen Nexa Roller ,90.0
ux M pen Lumina Rs.125,Rs.125 M pen Lumina ,125.0
ux M pen Excella Rs.125,Rs.125 M pen Excella ,125.0
ux M pen Sigma Rs.175,Rs.175 M pen Sigma ,175.0
ux ultron 2top ballpen blue rs.10,Rs.10 ultron 2top ballpen blue,10.0
oil sunrich SF TIN 15ltr,sunrich SF TIN 15ltr,2075.0
oil sunrich SF TIN 15ltr 13.5kg,sunrich SF TIN 15ltr,2075.0
avt gold cup 100g riff Rs.90,100g Avt Gold Cup Riff box,90.0
old spice deo,old spice deo lionpride,75.0
gt 7o'clock blades,7o'Clock Blades (Green),30.0
paatti picle lemon Rs.1 saram,Rs.1 பா..ஊறுகாய் .லெமன் saram,10.0
paatti pickle garlie Rs.1 saram,Rs.1 பா.பூ.ஊறுகாய் saram,10.0
paatti pickle mango Rs.1 saram,Rs.1 பா.மாங்கா.ஊறுகாய் saram,10.0
gt gillette presto Rs.20,Rs.20 gillette presto,20.0
Fountain pen cartridge blue Rs.10,Rs.10 Fountain pen cartridge blue ,10.0
Mara deterrgent sope 250g Rs.20,250g மாரா சோப்,20.0
Mara washing power 95g Rs.10,Rs.10 Mara washing power ,10.0
nei vastu 500ml,500ml vastu agmark நெய்,355.0
kalla urundai 70g pkt Rs.30,Rs.30 KAMARAJ kalla urundai pkt ,30.0
maggi noodles Rs.56,Rs.56 மேகி நூடுல்ஸ்,56.0
theepetti LITO ,தீபெட்டி LITO  பண்டல்,100.0
avt gold cup 100g jar Rs.95,100g AVT gold cup  jar,95.0
basmathi kanishka rice 3/4 cutting,கனிஷ்கா 3/4 கட்டிங் பாஸ்மதி,140.0
penoil black 450ml,450ml கருப்பு பெனாயில் ஜெர்மிசெக்,70.0
poondu vedi Rs.500,Rs.500 பூண்டு வெடி,500.0
amul spray 500g tin,500g அமுல் ஸ்ப்ரே,235.0
FOGG 100ml Rs.225,100ml FOGG bady spray,225.0
close up paste 90g Rs.57,90g close up paste,60.0
comfort blue Rs.4 ,Rs.4 கம்போர்ட் blue 19ml,4.0
comfort pink Rs.4 ,Rs.4 கம்போர்ட் pink,4.0
comfort royal violet Rs.4 ,Rs.4 கம்போர்ட் royal viloet,4.0
comfort Desire Red Rs.4 ,Rs.4 கம்போர்ட் Desire Red,4.0
horlicks lite 450g jar Rs.349,450g lite ஹார்லிக்ஸ் Jar,349.0
ponds dream 200g with free,200g பாண்ட்ஸ் ட்ரிம் with free,215.0
sensodyne fresh gel 40gm,40gm sensodyne fresh gel ,85.0
sensodyne fresh mint 40gm,40gm sensodyne fresh mint ,85.0
sensodyne rap relief 40gm,40gm sensodyne rap relief ,105.0
sensodyne 75g(fresh gel)Rs.130,sensodyne 75g fresh gel Rs.130,130.0
sensodyne 75g fresh mint Rs.130,sensodyne 75g fresh mint Rs.130,130.0
lighter sigrate,சிகரெட் லைட்டர் Box,600.0
yippee noodles Rs.56,yippee noodles Rs.56,56.0
ruchi pickle Rs.1 garlik saram,Rs.1 ருசி ஊறுகாய் garlik saram,20.0
ruchi garlic pickle Rs.1 saram,Rs.1 ருசி பூ.ஊறுகாய் சரம்,20.0
ruchi mango pickle Rs.1 saram,Rs.1 ருசி மா.ஊறுகாய் சரம்,20.0
ruchi lime pickle Rs.1 saram,Rs.1 ருசி லெ.ஊறுகாய் சரம்,20.0
HH camlin Exam pad RS.125,RS.125 camlin Exam pad ,125.0
HH camlin Neon clay 50g Rs.35,Rs.35 camlin Neon clay 50g ,35.0
HH camlin Dough clay 12's Rs.110,Rs.110 camlin Dough clay 12's ,110.0
HH camlin Dough clay 12's Rs.120 jar,Rs.120 camlin Dough clay 12's jar,120.0
HH camlin Dough clay 6's Rs.150,Rs.150 camlin Dough clay 6's ,150.0
HH camlin Clay 150g Rs.60,Rs.60 camlin Clay 150g ,60.0
vathi koya's Rs.60,Rs.60 Koya's வத்தி,60.0
samBrani maya supreme sambrani cup Rs.70,Rs.70 மாயா கப் சாம்பிராணி (box),70.0
parcel cover jatni 3.5*4.5 ayyappa,3.5*4.5 அய்யப்பா ஜட்னி கவர்,100.0
sunsilk shampoo Rs.2,Rs.2 சன் சில்க் ஷாம்பூ,2.0
head & shoulder(pink) Rs.2,Rs.2 head & shoulder (பிங்க்),2.0
tomato ketchup foodrite 1.pkt (100pcs),டொமாடோ கெட்ச்அப் pkt (100pcs),100.0
soya dark sauce 750g,750g dark சோயா சாஸ் பாட்டில்,85.0
tomato ketchup foodrite 90g,90g ஃபுட்ரைட் டொமாடோ கெட்ச்அப் ,15.0
mayonnaise 100g,100g mayonnaise ,45.0
Shinz glass clearner 550*550ml,Shinz glass clearner 550*550ml,198.0
Scrubz dishwash 500ml (1+1),Scrubz dishwash 500ml (1+1),270.0
Shinz glass clearner 550ml(1+1),Shinz glass clearner 550ml(1+1),198.0
"sowdambigaa chips,muruku Rs.45","Rs.45 சௌடாம்பிகா ஸ்நாக் முறுக்கு, சிப்ஸ் ",50.0
ravai elite 200g Rs.20,Rs.20 200g எலைட் ரவை ,20.0
lion dates desert king 250g cup ,250g லயன் டேட்ஸ் desert king cup,142.0
lion dates desert king 500g pkt,500g லயன் டேட்ஸ் desert king pkt,247.0
gokul santol 125g Rs.69,125g கோகுல் சாண்டல் சோப்பு  free,69.0
cc indie mint,இன்டிமின்ட்,100.0
santoor soap 100g  Rs.36,100g சந்தூர் சோப்பு சேண்டல்,36.0
Eclairs Rs.100 pkt,Rs.100 Eclairs  pkt,100.0
gems pearls Rs.5 jar,Rs.5 gems pearls  jar,350.0
jelly mango Rs.5 jar,Rs.5 ஜெல்லி mango jar,200.0
jelly bottle Rs.5 jar,Rs.5 ஜெல்லி bottle  jar,200.0
kreme balls Rs.5 jar,Rs.5 kreme balls  jar,300.0
motu patlu choco Rs.5 jar,Rs.5 motu patlu choco jar,300.0
light cookes Rs.5 box,Rs.5 Light Cookes Box,300.0
soda candy Rs.60 pkt,Rs.60 soda candy  pkt,60.0
Fun ten cream stix Rs.5 box,Rs.5 Fun ten cream stix  box,150.0
kinder joy Rs.5 jar,Rs.5 கிண்டர் ஜாய் jar,300.0
kinder joy Rs.10 jar,Rs.10 கிண்டர் ஜாய் jar,300.0
lunch box choco balls Rs.200,Rs.200 lunch box choco balls ,200.0
oil porna groundnut oil 500ml,500ml பூர்ணா கடலை எண்ணெய்,136.0
oil porna groundnut oil 1ltr,1ltr பூர்ணா கடலை எண்ணெய்,252.0
theepam porna yennaie 500ml,500ml பூர்ணா தீபம்எண்ணெய்,99.0
idli podi vazhi Rs.5,Rs.5 வாழை இட்லிபொடி,5.0
comfort Royale black 850ml,850ml கம்போர்ட்  Royale,245.0
comfort Desire 850ml,850ml கம்போர்ட்  Desire Red,245.0
dove soap blue 60g Rs.42,60g  டவ் சோப்பு blue,42.0
dove soap green 75g Rs.75,75g டவ் சோப்பு கிரீன் ,75.0
lipton greentea Rs.70,Rs.70 lipton green tea,70.0
surf excel matic (T&L) 1ltr Rs.190,1ltr சர்ஃப் எக்செல் மெட்ரிக் (T&L) ரூ.190,190.0
surf excel powder Qw Rs.10,Rs.10 சர்ப் எக்சல் Qw பவுடர்,10.0
tea cup 90ml (80p),90ml டீ கப் ,100.0
Rorito B max pen jar Rs.350,Rorito B max pen jar Rs.350,350.0
amul spray 200g riff,200g அமுல் ஸ்ப்ரே riff,95.0
bleaching powder250g. Rs.35,250g பிளீச்சிங் பவுடர்,35.0
bleaching germichek powder 200g Rs.40,200g germichek பிளீச்சிங் பவுடர்,40.0
oral b brush gumproect Rs.32,Rs.32 ஓரல் பி brush gumproect ,32.0
oral b tulsi med 6's pkt Rs.99 , Rs.99  ஓரல் பி tulsi med 6's pkt,99.0
oral b brush tulsi med 6's pkt Rs.99 ,Rs.99  ஓரல் பி tulsi med 6's pkt,99.0
oral b brush S&G 4's pkt Rs.135 ,Rs.135 ஓரல் பி S&G 4's pkt ,135.0
oral b brush S&G Rs.49,Rs.49 ஓரல் பி S&G brush,49.0
oral b brush S&G Rs.30,Rs.35 ஓரல் பி பிரஷ் S&G saram,210.0
oral b brush S&G 5's pkt Rs.120 , Rs.120  ஓரல் பி S&G 5's pkt,120.0
oral b brush crisscross 4's pkt Rs.160 ,Rs.160 ஓரல் பி  crisscross  4's pkt,160.0
oral b brush crisscross Rs.50,Rs.50 ஓரல் பி பிரஷ் crisscross ,50.0
oral b brush kids Rs.25,Rs.25 ஓரல் பி kids பிரஷ் ,25.0
oral b brush kids 3's pkt Rs.50,Rs.50 ஓரல் பி kids பிரஷ் 3's pkt ,50.0
oral b brush kids 3's pkt Rs.120,Rs.120 ஓரல் பி kids பிரஷ் 3's pkt ,120.0
oral b brush Bacteria fit 6's pkt Rs.120 ,Rs.120  ஓரல் பி B&F 6's pkt,120.0
oral b brush B&F med Rs.30,Rs.30 oral b brush B&F med ,30.0
oral b brush charcoal 4's pkt Rs.120 ,Rs.120 oral b brush charcoal 4's pkt,120.0
oral b brush Rs.40,Rs.40 ஓரல் பி பிரஷ் ,40.0
oral b brush Neem 4's pkt Rs.99 ,Rs.99 oral b brush Neem 4's pkt ,99.0
oral b clove 3's pkt Rs.80 ,Rs.80 oral b clove 3's pkt ,80.0
vicks vaporub 50g Rs.170,vicks vaporub 50g Rs.170,170.0
head & shoulder 72ml Rs.82,72ml head & shoulder  Rs.82,82.0
arial (T&L) 1ltr Rs.160,arial (T&L) 1ltr Rs.160,160.0
sls bullit குருணை,bullit குருணை அரிசி,40.0
sls amulya குருணை,அமுல்யா குருணை அரிசி,50.0
FOGG 120ml Rs.275,120ml fogg body spray,275.0
pen Rs.6 winner pkt,Rs.6 winner ballpen pkt,25.0
challenge soap 300g set ,300g*5p செலஞ் சோப்பு set ,100.0
hit chalk Rs.18,Rs.18 ஹிட் Chalk ,18.0
goodKnight gold flash machine set Rs.100,குட்நைட் (GF) மெஷின் செட்,100.0
cinthol (og) 100g*4 set,100g*4p சிந்தால் (og) set,195.0
pepsodent deep clean brush Rs.30,Rs.30 pepsodent deep cln brush ,30.0
dp luvlap diaper M 9's Rs.129,Rs.129 Luvlap டயப்பர் M 9's pkt,129.0
challenge rolax Rs.10,Rs.10 challenge rolax dishwash bar,10.0
challenge rolax Rs.10 175g,Rs.10 செலஞ் ரெலக்ஸ் dishwash bar,10.0
milagu thul amma 500g,500g Ammu மிளகு தூள்,150.0
milagu thool amma 500g,500g Ammu மிளகு தூள்,150.0
ruchi tomato garlic pickle Rs.1,Rs.1 ருசி த.பூ.ஊறுகாய் சரம்,20.0
michar munthiri biscute 500g,500g முந்திரி  பிஸ்கட்,70.0
snacker joy Rs.5 box,Rs.5 snacker joy box,200.0
tennis ball bubble gum Rs.1,Rs.1 tennis ball bubble gum jar,200.0
crazy pop pkt Rs.1,Rs.1 crazy pop pkt,80.0
Elanthai podi Rs.1 jar,Rs.1 இலந்தைபொடி jar,150.0
cd Strawberry cooldring Rs.10,Rs.10 Strawberry cooldring (1k),300.0
buds saram Rs.25,Rs.25 buds saram ,300.0
buds wooden jar (12p),buds wooden jar (12p),240.0
note checked  Rs.18,Rs.18 Rs.18 Checked Note,18.0
naattu sakkara Aruvi 1/2.kg,1/2.kg அருவி நாட்டு சர்க்கரை,49.0
paani poori masala 50g ,50g பானிபூரி மசாலா ,40.0
oil sunrich SF can 5ltr,5 லி சன்ரிச் SF cane,727.0
HH camlin creative kit Rs.49,Rs.49 camel creative kit ,49.0
HH camlin Art kit Rs.99,Rs.99 Camel Art Kit ,99.0
him baby (p) 100g,100g ஹிமாலயா பேபி பவுடர்,115.0
him gentle baby soap 125g ,125g ஹிமாலயா gentle பேபி  சோப் ,100.0
him neem facewash 100ml,100 ml ஹிமாலயா neem facewash,150.0
gopuram kungumam sivapu 40g,40g கோபுர குங்குமம் சிவப்பு,25.0
tide sope combo 3+1,3+1 டைடு சோப் combo ,30.0
arial powder 500g Rs.110,Rs.110 ஏரியல் பவுடர் 500g,110.0
bb con kurkure chips,Rs.5 சிப்ஸ் குர்குரே,5.0
stay free Rs 35,Rs.35 stay free,35.0
johnsons powder 100g Rs.1156,johnsons powder 100g Rs.1156,115.0
johnsons blossom 75g Rs.68,johnsons blossom 75g Rs.68,68.0
michar 250g ஒலைபக்கோடா,250g ஒலைபக்கோடா,40.0
jelly dragon Rs.5 jar,Rs.5 ஜெல்லி டிராகன் ஜார் ,200.0
dry jamun Rs 5,Rs.5 dry ஜாமூன் jar,200.0
7 star Rs.2 jar,Rs.2 7 Star jar,150.0
pt perunkayam katti 10g,10g பெருங்காய கட்டி,15.0
johnsons powder 100g Rs.115,johnsons powder 100g Rs.115,115.0
soodam 300g pkt,soodam 300g pkt,320.0
garnier facewash vitamin C 50g,50g கார்னியர் facewash vitamin C ,115.0
garnier facewash oil clear 50g,50g கார்னியர் facewash oil clear,119.0
garnier facewash acnofight 50g,50g கார்னியர் facewash acnofight,119.0
garnier facewash Turbobright 50g,50g கார்னியர் facewash Turbobright,135.0
bajji mavu rasathi 500g,500g ராசாத்தி பஜ்ஜிமாவு,90.0
bajji mavu rasathi 500g 1+1,500g பஜ்ஜிமாவு (ராசாத்தி) 1+1,80.0
goodKnight green coil Rs.36,Rs.36 goodKnight green coil ,36.0
bb jackpot Rs.5 saram,ரூ.5 ஜாக்பாட் (14p) சரம்,60.0
bb katori Rs.5 saram,ரூ.5 கடோரி (14p) சரம்,70.0
bb MR.india Rs.5 saram,Rs.5 MR.india குர்குரே சரம் (14p),70.0
bb Race Rs.5 saram,Rs.5 ரேஸ் குர்குரே சரம் (14p),70.0
bb Jewellery Rs.5 saram,Rs.5 ஜூவல்லரி குர்குரே சரம் (14p),70.0
ravai samba motherland 500g,500g மாதர்லேண்ட் சம்பா ரவை,62.0
yardley powder 50g Rs.62,50g யார்ட்லி பவுடர்,62.0
tide liquid T/L 840ml Rs.129,tide liquid T/L 840ml,129.0
margo 100G set Rs.180,100g மார்கோ (4+1) set Rs.180,180.0
cinthol original 100g,100g cinthol original  Rs.48,48.0
amurthanjan (R) 25ml Rs.105,அமுர்தான்ஜன் (R) 25ml Rs.105,105.0
amurthanjan (R) 8ml Rs.48,அமுர்தான்ஜன் (R) 8ml Rs.48,48.0
noodels wiki wiki Rs.10,Rs.10 wiki wiki நூடல்ஸ்,10.0
cinthol original soap 100g Rs.50,100g சிந்தால் (og),45.0
cinthol original soap 150g Rs.75, 150g  சிந்தால் (og),78.0
allout set Rs.90,Rs.90 ஆல் அவுட் செட்,90.0
allout LIQ 45ml Rs.70,45ml ஆல்அவுட் LIQ Rs.70,85.0
gulab jamun aachi 175g Rs.145,175g ஆச்சி குலோப்ஜாம் (1+1),145.0
denver(G) 165ml Rs.220,165ml டென்வர் டியோ (G),220.0
dp pampers Rs.399 (L) 20pants,Rs.399 பேம்பர்ஸ் (L) 19pants,399.0
dp pampers Rs.99 (m) 6pants,pampers Rs.99 (m) 6pants,99.0
dp pampers Rs.20 (s) 2pants,Rs.20 பேம்பர்ஸ் (s) 2pants,20.0
clinic plus 50ml,50ml கிளினிக்+,20.0
maitha elite 500g,500g எலைட் மைதா,47.0
tajmahal 250g Rs235,250g தாஜ் மஹால் டீ தூள்,235.0
omam 20g,20g ஓமம் pkt,25.0
horlicks women+ 400g rifil.Rs.320,400g woman's + ஹார்லிக்ஸ் rifil,320.0
Rin powder neem 500g Rs.62,500g ரின் பவுடர் neem Rs.62,62.0
murukku maavu 500g,500g முருகா முறுக்கு மாவு ,90.0
treat jim jim pops Rs.20,Rs.20  ட்ரீட் ஜிம் ஜிம் பாப்ஸ்,20.0
treat jim jam pops Rs.10,Rs.10 treat jim jam pops ,10.0
treat wafers Rs.10,Rs.10 treat wafers ,10.0
manjal thool cycle 50g,50g cycle மஞ்சள்தூள்,15.0
cinthol original Rs.40 75g,Rs.40 சிந்தால் (og),40.0
goodKnight green shakti coil Rs.40,Rs.41 குட் நைட் கிரீன் சக்தி  ,41.0
pt LDS katti 25g,25g  LDS பெருங்காய கட்டி,25.0
z spray deo 120ml (1+1) Rs.260,120ml Z spray deo (1+1) Rs.260,260.0
Crispy choco jar Rs.2,Rs.2 Crispy choco jar ,150.0
Rasakulla Rs.2 jar,Rs.2 Rasakulla jar,60.0
Tik tok Rs.2 jar,Rs.2 Tik tok jar,150.0
kadugu Rs.5 atta ,Rs.5 கடுகு அட்டை,60.0
masala attai Rs.5,Rs.5 மசாலா அட்டை,60.0
masala attai Rs.10,Rs.10 மசாலா அட்டை,120.0
rexona soap 100g Rs.38,100g ரெக்ஸோனா சோப் Rs.38,38.0
rexona soap 150gm Rs.77,150gm ரெக்ஸோனா சோப் Rs.77,77.0
marie gold (4+1)combo pkt,(4+1) மேரி கோல்ட் combo pkt,88.0
chocolush pure magic Rs.40,Rs.40 chocolush pure magic,40.0
50-50 golmaal Rs.20,Rs.20 50-50 கோல்மால் பிஸ்கட்,20.0
super vasmol hair black oil 50ml,50ml super vasmol hair black oil ,35.0
super vasmol hair black oil 200ML,200ML super vasmol hair black oil ,90.0
super vasmol hair black oil 100ml,100ml super vasmol hair black oil ,48.0
avt gold cup 250g jar.RS.225,250g AVT gold cup jar.RS.225,225.0
surf excel(T&L)1ltr pouch Rs.149,Rs.149 surf excel(T&L) pouch 1ltr,149.0
challenge washing power 1kg Rs.200,1kg செலஞ் வாஷிங் பவுடர் Rs.200 with Free ,200.0
spinz bb (face talc) 50g,spinz bb (face talc) 50g,50.0
cinthol original 100g Rs.48,100g சிந்தால் (og) Rs.48,48.0
kalla mittai Rs.5 jar manimark,Rs.5 கள்ளமிட்டாய் victory jar,400.0
kalla mittai Rs.3 jar manimark,Rs.3 கள்ளமிட்டாய் manimark jar,300.0
yellu mittaie (b) Rs.5 manimark jar,Rs.5 எள்ளு மிட்டாய் (b) manimark jar,250.0
yellu mittaie (b) Rs.2 manimark jar,Rs.2 எள்ளு மிட்டாய் (b) manimark jar,250.0
yellu mittaie (w) Rs.5 manimark jar,Rs.5 எள்ளு மிட்டாய் (w) manimark jar,250.0
yellu mittaie (w) Rs.2 manimark jar,Rs.2 எள்ளு மிட்டாய் (வெ) மணிமார்க் ஜா,250.0
room spray airvel 217ml,airvel room spray 217ml,175.0
dp luvlap diaper NB 9's Rs.99, Rs.99 NB 9's  luvlap டயப்பர்,99.0
chilli sauce red 90g,90g ரெட் சில்லி சாஸ்,15.0
jam mixed fruit 100g foodrite ,100g ஃபுட்ரைட்  ஜாம்,25.0
chilli sauce green 90g,90g green சில்லி சாஸ்,15.0
soya dark sauce 90g pkt,Rs.14 dark சோயா சாஸ் pkt,15.0
center fresh jar Rs.150,Rs.150  சென்டர் ஃபிரெஷ் ஜார்,150.0
HH camlin writing kit Rs 20,Rs 20 camlin writing kit ,20.0
HH camlin Exam sharpner Rs.3,Rs.3 Camlin Sharpner,3.0
pen stylish x3 black Rs.7 pkt ,Rs.7 stylish x3 black pen pkt ,35.0
pencil lezing trio jar Rs.4,Rs.4 pencil lezing trio jar ,400.0
Eraser sandwinch Rs.1 jar,ரூ.1 சாண்ட்வின்ச் ரப்பர் ஜார் ,100.0
pen stylish Rs.5 jar,Rs.5 stylish pen (blue) jar ,350.0
kimia dates 400g,400g kimia dates ,310.0
harpic blue 200ml Rs.44,200ml ஹார்பிக் நீலம் Rs.44,44.0
VVD gold coco.oil 500ml (1+1) jar,500ml vvd தே.எண்ணெய் (1+1) jar,320.0
him baby gentle soap 75G,75g ஹிமாலயா பேபி பாதாம் சோப் ,62.0
him baby cucumber soap 75g,75g him baby cucumber soap ,38.0
him baby nourishing soap 75g,75g ஹிமாலயா பேபி ஹனி சோ,62.0
him baby Refreshing soap 75g,75g ஹிமாலயா பேபி Refreshing சோப் ,62.0
him baby shampoo 100ml Rs.105,100ml ஹிமாலயா பேபி சாம்பு Rs.105,105.0
ux silk ballpen blue Rs.10,Rs.10 ux silk ballpen blue ,10.0
ux silk ballpen black Rs.10,Rs.10 ux silk ballpen black ,10.0
hamam 100g set Rs.146,ஹமாம் சோப் 4*100g set Rs.146,146.0
pencil lezing Black Line Rs.4,Rs.4 pencil lezing Black Line box,40.0
santhanam archana dappa Rs.12,ரூ.12 அர்ச்சனா சந்தன பவுடர் 10g,12.0
close up paste Rs.10,Rs.10 close up paste,10.0
surf xl ew power 1kg Rs.172,1kg சர்ப் எக்சல் ew பவுடர் Rs.172,172.0
surf MTR LIQ (F/L) 1L Rs 220,1L சர்ப் LIQ matic (F/L) Rs 220,220.0
bru 50g jar,50g புரூ jar,270.0
ayush toothpaste 80g,80g ஆயுஷ் பேஸ்ட்,60.0
pepsodent brush Rs.20 ,Rs.20 pepsodent brush ,20.0
ponds dream Rs.10,Rs.10 பாண்ட்ஸ் ட்ரிம்  20g பவுடர்,10.0
ponds  wb crm 15g Rs.52,15g ponds  wb crm ,52.0
theepam shanthi mantra 1ltr,1ltr சாந்தி மந்திரா தீபம் எண்ணெய்,200.0
samBrani cup maya Rs.75,Rs.75 மாயா கப் சாம்பராணி,75.0
comfort green Rs.4 19ml,Rs.4 கம்போர்ட் green 19ml,4.0
Fair & lovely 15g Rs.20,Fair & lovely 15g Rs.20,20.0
him Nourishing Baby (s) 75g Rs.75,75g him Nourishing Baby (s) Rs.75,75.0
him baby nourisihing (s) 125g,125g  ஹிமாலயா பேபி ஹனி சோ,85.0
him baby Nourishing (s) 75g Rs.75,75g him Nourishing Baby (s) Rs.75,75.0
nool kandu (v) Rs.10 pkt,Rs.2 வெள்ள நூல் pkt,20.0
then mittai pkt rs.1,Rs.1 தேன் மிட்டாய் pkt,20.0
Fair & lovely 50g Rs. 125,50g  Fair & lovely Rs.125,125.0
dp Nine diaper (s) Rs.10,Niine diaper (s) Rs.10,10.0
dp niine pants (m) Rs.12,dp niine pants (m) Rs.12,12.0
mm nice michar mani mark Rs.5,Rs.5 நைஸ் மிச்சர் மணி மார்க் சரம் ,50.0
mm kundu michar mani mark Rs.5 saram,Rs.5 குண்டு மிச்சர் மணி மார்க் சரம் ,50.0
mm kadalai parpu mani mark Rs.5 saram,Rs.5 கல்லபயிர் மணி மார்க் சரம் ,50.0
mm mallattai mani mark Rs.5,Rs.5 மல்லாட்ட பகோடா மணி மார்க் சரம் ,50.0
mm paasipayir mani mark Rs.5 saram ,Rs.5 பாசிபருப்பு மணி மார்க் சரம் ,50.0
pal cova jar Rs.1,Rs.1 பால் கோவா jar,150.0
pal cova jar mani mark Rs.1,Rs.1 பால் கோவா mani mark jar,150.0
pal cova jar mani mark Rs.2,pal cova jar mani mark Rs.2,150.0
dp him baby (M) diaber Rs.14 saram,Rs.14 ஹிமாலயா பேபி டயபர் சரம் (L),168.0
dp him baby (M) diaber Rs.12 saram,Rs.12 ஹிமாலயா பேபி டயபர் சரம் (M,144.0
kuppai meni soap 85g,90g குப்பைமேனி சோப்,95.0
bb chikkan 65 (12) saram,Rs.5 குர்குரே சிக்கன் 65 (12p) சரம்,60.0
santhanam dappa 125g,125g ஸ்ரீ லட்சுமி சந்தன டப்பா,30.0
bleaching powder 250g. Rs.25,250g kcm பிளீச்சிங் பவுடர் ,25.0
kalla mittai Rs.5 jar sweet bites,Rs.5 கள்ளமிட்டாய் sweet bites jar,300.0
Flex kwik 20g,20g ஃப்ளெக்ஸ் க்விக்,60.0
pepsodent whitening 100g Rs.54,100g pepsodent whitening paste Rs.54,54.0
pepsodent 2in1 Rs.52,pepsodent 2in1 paste Rs.52,52.0
pepsodent 100g Rs.60,100g pepsodent paste Rs.60 with free,60.0
note apsara unruled (s) Rs.40,அப்சரா அன் ருல்டு  நோட் (s) Rs.40,40.0
note apsara ruled (S) Rs.40,அப்சரா ருல்டு நோட் (S) Rs.40,40.0
note apsara 3/4 unruled Rs.30,Apsara Note 3/4 unruled Rs.30,30.0
note apsra long size unruled Rs.45,அப்சரா அன் ருல்டு நோட் (L) (92p),45.0
note apsra long size ruled Rs.45,அப்சரா ருல்டு நோட் (L) Rs.45,45.0
note apsara 3/4 ruled Rs.35,அப்சரா Note 3/4 Ruled Rs.35,35.0
note 2 line Rs.15,2 line நோட் Rs.15,15.0
note 4 line Rs.15,4 Line நோட் Rs.15,15.0
note un ruled (s) Rs 15,Rs.15 அன் ருல்டு நோட் (S),15.0
pen ball Rs.4 pkt,Rs.4 Ball pen 20pcs pkt,80.0
buds atta Rs.5,Rs.5 Buds Atta ,50.0
colgate salt 200g Rs.137,200g கோல்கேட் சால்ட் Rs.137,137.0
lacto king Rs 100 pkt,Rs.100 லாக்டோ கிங் pkt,100.0
coffy bite Rs.100,Rs.100 காஃபி பைட் pkt,100.0
caramilk eclairs Rs.100 pkt,Rs.100 கேரமில்க் eclairs pkt,100.0
coffy bite jar,காஃபி பைட் jar,200.0
coconut punch jar,coconut punch jar chocklet,200.0
lacto king JAR,லாக்டோ கிங் JAR,200.0
lotte eclairs Rs.50,Rs.50 lotte eclairs சாக்லேட் pkt,50.0
kuzhampu Apt மி.தூள்50g,50g APT குழம்பு மிளாகாய் தூள்,20.0
stayfree xl ultra Rs.48,Rs.48 stayfree xl ultra,48.0
stayfree nights Rs.45,Rs.45 stayfree nights ,45.0
note apsara 3/4 unruled Rs.45,அப்சரா அன் ருல்டு நோட் (K) (120p),45.0
note apsara ruled (S) Rs.25,அப்சரா ருல்டு நோட் (S) (92p),25.0
woodwards grib water 130ml,130ml உட்வர்ட்ஸ் கிரைப் வாட்டர்,62.0
woodwards grib water 200ml,200ml உட்வர்ட்ஸ் கிரைப் வாட்டர்,100.0
pencil apsara box,ரூ50 அப்சரா பென்சில் box,50.0
monkey ozone floor clear Rs.95,Rs.95 monkey ozone floor clear ,95.0
kissan jam Rs.10,Rs.10 கிஸ்ஸான் ஜாம்,10.0
sunrise 50g jar Rs.130,Rs.130 சன்ரைஸ் 50g  jar ,130.0
close up paste 150g Rs.101,close up paste 150g Rs.101,101.0
comfy Rs.25, Rs.25 comfy,25.0
close up paste 150g Rs.90,close up paste 150g Rs.90,98.0
note apsara 3/4 (K) Ruled Rs.35,அப்சரா ருல்டு நோட் (K) Rs.35,35.0
gt 7o'clock platinum blades,7o'Clock Platinum Blades (Black),120.0
j attar Rs.50,j attar Rs.50,50.0
bb noodles sauce (12) saram,நூடுல்ஸ் சாஸ் (14p) சாரம்,70.0
godrej FAB LIQ detergent 1L,1L கோட்ரெஜ் FAB LIQ  pkt,99.0
Rs.5 chikkan 65 masala aachi,Rs.5 சிக்கன் 65,5.0
zandu palm 8ml Rs.44,Rs.44 ஜாண்டு பாம் (G) 8ml ,44.0
zandu palm 8ml (G) Rs.44,ஜண்டு பாம் (G) 8ml ,45.0
zandu palm ultra power 8ml (R) Rs.50,Rs.50 ஜண்டு பாம் (R) 8ml ,50.0
naga Atta 5kg ,5kg நாகா ஆட்டா pkt,318.0
lollipop Rs.2 jar Rs.200,Rs.2 லாலிபாப்  jar,200.0
chandrika soap Rs.49,125g சந்திரிகா சோப் ,49.0
dp luvlap diaper L 6's Rs.99,Rs.99 luvlap டயப்பர் L 6's ,99.0
dp luvlap diaper M 7's Rs.99,Rs.99 luvlap டயப்பர் M 7's ,99.0
dp luvlap diaper xl 7's Rs.129,Rs.129 luvlap டயப்பர் XL 7's ,129.0
javathu ATTAR TPRG Rs.40,Rs.40 TPRG ஜவ்வாது அத்தர் 3ml,40.0
javathu powder balamurugan,ஸ்ரீ பாலமுருகன் ஜவ்வாது பவுடர் ,32.0
javathu powder TPRG Rs.34,Rs.34 TPRG ஜவ்வாது பவுடர் 2g,34.0
domex lime fresh 500ml,500ml டோமெக்ஸ் லைம் ஃபிராஸ்,102.0
atta pillsbury chakki 1kg,1kg  பில்ஸ்பரி ஆட்டா,69.0
atta pillsbury chakki 500g,500g  பில்ஸ்பரி சக்கி ஆட்டா,38.0
bru 50g Rs.115,50g புரூ pkt Rs.115,115.0
pears soap blue 100g Rs.50,100g பியர்ஸ் soap blue Rs.50,50.0
Rin powder Refresh 1kg Rs.118,1kg ரின் பவுடர் Refresh aes.118,118.0
paatti idlli potti 250g,250g பா.இட்லிபொடி,90.0
oral b brush S&G Rs.55 , Rs.55 ஓரல் பி S&G ,55.0
oral b brush crisscross Rs.80 , Rs.80 ஓரல் பி  crisscross brush,80.0
oral b brush S&G 2+2 pkt Rs.150 , Rs.150 ஓரல் பி S&G 2+2 pkt ,150.0
oral b brush S&G Rs.75 ,Rs.75 ஓரல் பி S&G brush ,75.0
oral b brush kids 3's pkt Rs.60,Rs.60 ஓரல் பி kids பிரஷ் 3's pkt ,60.0
oral b brush Neem 6's pkt Rs.150,Rs.150 oral b brush Neem 6's pkt ,150.0
oral b brush S&G 4's pkt Rs.145 , Rs.145 ஓரல் பி S&G 4's pkt ,145.0
tide gree 800g+200g,800g+200g டைடு green பவுடர்,85.0
arial complete+ 700g Rs.158,700g ஏரியல் complete + (free),158.0
arial complete+ 1.5k Rs.338,1.5k ஏரியல் complete + (free),338.0
gt Gillette mach3 cricket edition,Gillette mach3 cricket edition,250.0
gt Gillette fusion5 cricket edition,Gillette fusion5 cricket edition,399.0
chikkan 65 masala Rs.5 aachi,Rs.5 சிக்கன் 65 aachi,5.0
pure magic choco Rs.40,Rs.40 pure magic choco cookie ,40.0
vicks vaporub110ml Rs.265 ,110ml விக்ஸ் வேபோரப் ,265.0
pen auris pastel blue Rs.5 pkt,Rs.5 Auris pastel blue pkt,25.0
kp namboodiri Rs.10,Rs.10 kp நம்புதிரி பேஸ்ட்,10.0
sambrani cup mangaldeep Rs.75,Rs.75 மங்கல்தீப் treya கப் சாம்பராணி,75.0
vathi cycle Rs.30,Rs.30 சைக்கிள் வத்தி,30.0
Fried rice masala green Rs.10,Rs.12 ஹாப்பிமா கிரீன் மசாலா,12.0
Fried rice masala red Rs.10,Rs.10 ஹாப்பிமா ரெட் மசாலா ,12.0
vicks baby rub 25ml,25ml விக்ஸ் பேபி ராப்,115.0
vicks baby rub 50ml,50ml விக்ஸ் பேபி ராப்,170.0
sunrice 50g pkt Rs.112,50g சன் ரைஸ் pkt Rs.112,120.0
sunrice 50g pkt Rs.120,50g சன் ரைஸ் pkt,145.0
paatti idli potti 250g,250g பா.இட்லிபொடி,90.0
santhanam archana box ,அர்ச்சனா சந்தனம் (100p)box,30.0
paste spiral savorit 500g,500g செவ்ரைட் ஸ்பைரல் பாஸ்தா,60.0
pasta elbo savorit 500g,500g செவ்ரைட் எல்போ பாஸ்தா,60.0
pasta spiral balian 500g,500g balian ஸ்பைரல் பாஸ்தா,53.0
pasta sangu balian 500g,500g balian சங்கு பாஸ்தா,53.0
pasta elbo balian 500g,500g balian எல்போ பாஸ்தா,53.0
pasta penne savorit 500g,500g செவ்ரைட் penne பாஸ்தா,60.0
pasta sangu savarit 500g,pasta sangu savarit 500g,60.0
pasta sangu savorit 500g,500g செவ்ரைட் சங்கு பாஸ்தா,60.0
pasta spiral savorit 500g,500g செவ்ரைட் ஸ்பைரல் பாஸ்தா,60.0
baby feeding bottle steel rs.499,250ml Feeding Bottle Steel,499.0
baby feeding bottli big,baby feeding bottli big 250ml,120.0
baby feeding bottle mini,baby feeding bottle mini 125ml,110.0
baby nipple silicon,Silicon Baby Nipple,30.0
Mara washing powder 95g Rs.10,Rs.10 மாரா வாஷிங் பவுடர்,10.0
dettol handwash Rs.45, Rs.45 dettol handwash,45.0
bb bingo onion Rs.5,Rs.5 பிங்கோ பச்சை,5.0
bb bingo masala Rs.5,Rs.5 பிங்கோ நீலம் ,5.0
bb bingo salt Rs.5,Rs.5 பிங்கோ மஞ்சள்,5.0
bb bingo tomato Rs.5,Rs.5 பிங்கோ ரெட் டோமொடோ,5.0
bb bingo red chill Rs.5,Rs.5 பிங்கோ ஆரஞ்சு,5.0
bb bingo tomato chilli Rs.5,Rs.5 பிங்கோ ஆரஞ்சு,5.0
pen cello joy Rs.10 box,Rs.10 cello joy (50P) box,500.0
pen cello orly Rs.10 box,Rs.10 cello orly (50P) box,500.0
alite handwash 300ml,300ml alite handwash ,95.0
vathi Z black pineapple Rs.60,Rs.60 செட் ப்ளாக் அன்னாசி வத்தி ,60.0
vathi Z black 3in1 Rs.75,Rs.75 செட் ப்ளாக் 3in1 வத்தி,75.0
gokul sandal 70gm Rs.75,70g கோகுல் சாண்டல் பவுடர்,75.0
idli podi sakthi 50g,50g சக்தி இட்லி பொடி,21.0
meera shampoo badham 180ml,180ml meera badham shampoo ,170.0
bb jungle Rs.5 saram,ரூ.5 ஜங்கிள் (12p) சரம்,60.0
jam mixed fruit 200g foodrite ,200கி ஃபுட்ரைட்  ஜாம்,65.0
ux gelpen blue rs.10,Rs.10 ux gelpen blue,10.0
ux gelpen black rs.10,Rs.10 ux gelpen black ,10.0
ux gelpen red rs.10,Rs.10 ux gelpen red,10.0
ux ballpen black rs.10,Rs.10 ux ballpen black,10.0
ux ballpen blue Rs.10,Rs.10 ux ballpen blue ,10.0
ux ballpen red rs.10,Rs.10 ux ballpen red,10.0
kuzhampu மி.தூள் 1kg,1kg ஆச்சி குழம்பு மிளாகாய் தூள்,395.0
veet 25g,30g வீட்,109.0
cd kinly soda 750ml,750ml kinly soda ,20.0
strawberry fruito chews,Rs.1 Strawberry Fruito Chews jar,150.0
jelly gun jar Rs.200,Rs.200 jelly gun jar,200.0
jelly gun jar Rs.5,Rs.5 GUN ஜெல்லி  jar,200.0
johnsons pink soap75g Rs.68,johnsons Blossem pink soap75g Rs.68,68.0
johnsons baby hair oil 50ml,50ml johnsons baby hair oil,62.0
baby Dove soap Rs.62,Rs.62 Dove baby soap,62.0
parachute jasmine 45ml Rs.20,45ml பாராசூட் ஜஸ்மின் Rs.20,20.0
VVD amla 50ml,VVD amla 50ml,20.0
arisi maavu sathiyam 1/2kg,1/2kg சத்தியம் அரிசிமாவு,50.0
ravai samba sathiyam 500g,500g சத்தியம் சம்பா ரவை ,50.0
VVD gold coco.oil 250ml (1+1) jar,250ml vvd தே.எண்ணெய் (1+1) jar,160.0
atta naga 5kg ,5kg நாகா ஆட்டா pkt,318.0
oma water senthil 200ml,200ml senthil ஓம வாட்டர்,20.0
dp huggies (s) 10 saram (8p),Rs.10 ஹகிஸ் டயபர் (s) saram (8p),80.0
pen Rs.6 winner blue pkt,Rs.6 winner blue pen pkt,30.0
pen Rs.6 ballpen blue pkt,Rs.6 blue ballpen pkt,25.0
pen Rs.6 mr.grip ballpen blue pkt,Rs.6 blue ballpen pkt,25.0
close up paste 150g Rs.118,close up paste 150g Rs.118,118.0
liril soap 75g Rs.38,75g liril soap,38.0
surf excel soup Rs.20 150g,Rs.20 சர்ப் எக்சல் சோப்பு,20.0
vim bar 500g tub,500g விம் பார் tub,49.0
ariel complete powder 500g,500g ariel complete powder ,110.0
dp pampers Rs.399 (XL) 16ps,Rs.399 பேம்பர்ஸ் (XL) 16ps,399.0
dp pampers Rs.399 (s) 30ps,Rs.399 பேம்பர்ஸ் (s) 30ps,399.0
dp pampers Rs.399 (nb) 30ps,Rs.399 பேம்பர்ஸ் (NB) 30ps,399.0
dp pampers Rs.399 (m) 22ps,Rs.399 பேம்பர்ஸ் (m) 22ps,399.0
dp pampers Rs.149 (XL) 7ps,Rs.149 பேம்பர்ஸ் (XL) 7ps,149.0
dp pampers Rs.99 (m) 6ps,Rs.99 பேம்பர்ஸ் (m),99.0
dp pampers Rs.99 (s) 7ps,Rs.99 பேம்பர்ஸ் (s) 7ps,99.0
dp pampers Rs.99 (NB) 8ps,Rs.99 பேம்பர்ஸ் (NB),99.0
dp pampers Rs.99 (L) 5ps,Rs.99 பேம்பர்ஸ் (L) 5ps,99.0
dp pampers Rs.199 (s) 15ps,Rs.199 பேம்பர்ஸ் (s) 15ps,199.0
dp pampers Rs.199 (NB) 15ps,Rs.199 பேம்பர்ஸ் (NB) 15ps,199.0
dp pampers Rs.199 (M) 11ps,Rs.199 பேம்பர்ஸ் (M) 11ps,199.0
dp pampers Rs.199 (L) 9ps,Rs.210 பேம்பர்ஸ் (L) 9ps,210.0
levista 200g Rs.180,200g லிவிஸ்டா,250.0
honey marthadam 100g,100g தேன் மார்த்தாண்டம் ,82.0
badham drink mix (1+1) 200g Rs.175 aachi,175g ஆச்சி பாதாம் மிக்ஸ் (1+1),155.0
sensodyane whitening 70gm,70gm sensodyane whitening ,145.0
siraga mittai leoo Rs.5 saram,Rs.5 சிரக மிட்டாய் லியோ சாரம்,60.0
nippo led radium led-0.5w,nippo led radium led-0.5w,135.0
dorco razer Rs.10,Rs.10 dorco razer ,10.0
nippo mosquito bat mini,nippo mosquito bat mini,649.0
nippo led radium lite-0.5w,nippo led radium lite-0.5w,135.0
soodam 250g pkt,250g சூடம் 320p (pkt),320.0
picle yuvan 5kg jar,5kg  ஊறுகாய் ஜார்,450.0
bb bingo chilli Rs.5,Rs.5 பிங்கோ ரெட் சில்லி,5.0
vathi mangaldeep Rs.55,Rs.55 மங்கல்தீப் வத்தி,55.0
vathi sai bajan Rs.30,ரூ.30 சாய் பஜன் வத்தி,30.0
tide 1.kg Rs.146,tide 1.kg Rs.146,146.0
bru instant 200g Rs.420,200g புரூ instant Rs.420,420.0
atta fortune (1+1),500g ஃபார்ச்சூன் ஆட்டா (1+1),47.0
long waffer Rs.5 jar,Rs.5 Long Waffer Jar,200.0
oneo Rs.2 jar,Rs.2 oneo jar,150.0
atta pillsbury chakki 5kg,5kg பில்ஸ்பரி ஆட்டா,329.0
whisper choice Rs.35,Rs.35 விஸ்பர் choice 6p,35.0
tide liquid T/L 840ml Rs.130,tide liquid T/L 840ml,130.0
dp pampers (m) Rs.28,Rs.28 பேம்பர்ஸ் (m),28.0
hamam soap 75g Rs.30,75g ஹமாம் சோப் Rs.30,30.0
lifebuoy lemon 100g Rs.37,100g லைபாய் லெமன் சோப் Rs.37,37.0
lifebuoy turmeric 100g Rs.38,100g லைபாய் மஞ்சள் சோப் Rs.37,38.0
lifebuoy care 100g Rs.38,100g லைபாய் நிளம் சோப் Rs.38,38.0
dairymilk silk Rs 175,RS 175 டைரிமில்க் சில்க்,175.0
dairymilk silk RS 85,RS 85 டைரிமில்க் சில்க்,85.0
semiyaa (naga) cutting 200g ,200g கட்டிங் சேமியா பா.செவ்ரைட்,30.0
nool kandu (v) Rs.2 pkt,Rs.2 வெள்ள நூல்கண்டு pkt,24.0
nool (v) Rs.5 pkt,Rs.5 வெள்ள நூல்கண்டு pkt,50.0
nool kandu (p) Rs10,Rs.10 பச்சை நூல்கண்டு,10.0
vasmol black hair oil 100ml Rs.48,100ml வாஸ்மோல் black hair oil,50.0
vasmol black hair oil 100ml Rs.50,100ml வாஸ்மோல் black hair oil  Rs.50,50.0
anil ravai 500g,500g அணில் ரவை,47.0
nool mupuiri kandu (ve) Rs.10,Rs.10 முப்பிரி வெள்ள நூல்கண்டு,10.0
anil adai dosa mavuu 500g,500g அணில் அடை தோசை மாவு ,90.0
100G cinthol cool (3+1) set Rs.142,100g * 3 சிந்தால் நிலம்  set ,142.0
cinthol block 40g Rs.10,Rs.10 சிந்தால் கருப்பு,10.0
cinthol  lime 45g Rs.10,Rs.10 சிந்தால் லைம்,10.0
cinthol lime (3+1) set 75g Rs.110,75g சிந்தால் லைம் (3+1) set,110.0
cinthol (cool) 45g Rs.10,Rs.10 சிந்தால்  நீலம்,10.0
cinthol cool (3+1) set 100g Rs.142,100g சிந்தால் நிலம் (3+1) set,145.0
pacha karpooram 2g,2g பச்சை கற்பூரம்,9.0
oreo Rs.35,Rs.35 oreo ,35.0
cinthol block (கருப்பு) 40g Rs.10,Rs.10 சிந்தால் கருப்பு,10.0
bubble gum Rs.5 jar,Rs.5bubble gum  jar,50.0
manjal thool Rs.12,Rs.12 மஞ்சள் தூள்,12.0
thampula svc canty orange jar Rs.150,Rs.150 தாம்பூல svcமிட்டாய் orange,150.0
pakku mittai jar Rs.150, Rs.150 pakku mittai jar ,150.0
lol Ring pop Rs.1 pkt,lol Ring pop Rs.1 pkt,100.0
kids kit Rs.2 jar,Rs.2 kids kit jar,150.0
Eclairs lafiya Rs.100 pkt,Rs.100 Lafiya Eclairs  pkt,100.0
bubble gum Rs.1 jar,Rs.1 Bubble Gum Jar,150.0
tennis bat ball Rs.5 jar,Rs.5 tennis bat ball jar,200.0
car toy Rs.5 pkt,Rs.5  Car toy pkt,200.0
pal cova box Rs.5,Rs.5 பால் கோவா box,200.0
kuzhampu Apt மி.தூள் 200g,200g APT குழம்பு மிளாகாய் தூள்,78.0
acit germichec 500ml,500ml.ஆசிட்(germichec),75.0
ponvandu soap Rs.21,Rs.21 பொன்வண்டு சோப்,21.0
707 washing powder Rs.5 saram ,Rs.5 707 washing powder saram ,25.0
ponvandu det powder 500g,500g பொன்வண்டு பவுடர்,40.0
kuzhampu Apt மி.தூள் 500g,500g APT குழம்பு மிளாகாய் தூள்,190.0
chakra gold 100g Rs.90 (offer),100g சக்ரா கோல்டு பிரிமியம் offer,90.0
oats tata soulfull 900g,900g tata soulfull oats,199.0
tata coffee grand 200g Rs.205,200g tata coffee grand,205.0
ravai silver coin 500g,500g silver coin ரவை,37.0
atta silver coin 5kg,5kg Silver Coin Atta ,285.0
belladonna6 hole plaster Rs.150,Belladonna Hole Plaster,175.0
A2B salted peanut Rs.5,Rs.5 A2B சால்ட் பினட்,5.0
vicks jar Rs.295,Rs.295 விக்ஸ் jar,295.0
Rin powder neem 1kg,1kg ரின் பவுடர் நீம்,126.0
surf xl ew power 500g Rs.86,500g சர்ப் எக்சல் EC பவுடர் Rs.86,86.0
pears alov vera Rs.50 ,Rs.50 பியர்ஸ் alov vera,50.0
pears pomegranate Rs.50 ,Rs.50 பியர்ஸ் pomegranate ,50.0
pepsodent GC 200g Rs.115,200g pepsodent GC Rs.115,115.0
vim liguid gel 125ml Rs.15 pkt,125ml vim liguid gel pkt,15.0
panasonic battery Rs.15 AAA,Rs.15 panasonic battery AAA,15.0
cinthol orginal soap Rs.40,Rs.40 சிந்தால் சோப் (og),40.0
cinthol cool Rs.10,Rs.10சிந்தால் நீலம்,10.0
colgate cibaca brush Rs.15,Rs.15 கோல்கேட் சிபாக்கா பிரஷ்,15.0
paatti pickle curry leaves 200g,200g பா.கருவேப்பிலை ஊறுகாய்,85.0
Eclairs cintu Rs.200,Rs.200 Milk Eclairs cintu ,200.0
maitha silver coin 500g,500g silver coin மைதா,40.0
pen Rs.7 winner blue pkt,Rs.7 winner blue pen pkt,25.0
pen winner blue Rs.6  pkt,winner blue pen Rs.6  pkt,30.0
pen winner black Rs.6 pkt,Rs.5  Black Pen Pkt,25.0
cinthol og 150g 4p set Rs.270,150g சிந்தால் (og) 4p set ,270.0
horlicks women+ 500g jar Rs.365,500g ஹார்லிக்ஸ் (wom+) jar,365.0
lizol germichek lime 200ml,200ml lime ஜெர்மிசெக் லைசால்,42.0
lizol germichek green 200ml,200ml green ஜெர்மிசெக் லைசால்,42.0
lizol germichek rose 200ml,200ml Rose ஜெர்மிசெக் லைசால்,42.0
lizol germichek lavender 200ml,200ml lavender ஜெர்மிசெக் லைசால்,42.0
pulpy orange 250ml,250ml pulpy orange,25.0
colgate brush children Rs.15,Rs.15 Children கோல்கட் பிரஷ் Super Junior  ,15.0
samayal Mr.gold Rs.10,Rs.10 Mr.gold ,10.0
marino marie crunch Rs.10,Rs.10 மரினே மேரி கிரஞ்ச் ,10.0
gokul sandal powder 70gm Rs.75,70g கோகுல் சாண்டல் பவுடர்,75.0
noodels ying yaang 400g Rs.60,400g நூடல்ஸ் ying yaang,60.0
bb kolo tomato rings Rs.5,Rs.5 kolo tomato rings ,5.0
bb kolo cheese balls Rs.5,Rs.5 kolo cheese balls,5.0
oil porna groundnut oil 5ltr cane,5L பூர்ணா கடலை எண்ணெய் free,1239.0
lion dates seedless box 250g Rs.72,250g லயன் டேட்ஸ் seedless box,72.0
VVD gold coco.oil 100ml (1+1) jar,100ml vvd தே.எண்ணெய் (1+1) jar,60.0
z deo spray 75ml Rs.135,75ml Z deo spray ,135.0
lollipop Jolly Rancher Rs.5 PKT Rs.150,Rs.5 Jolly Rancher லாலிபாப் pkt,150.0
lion dates Qyno 250g (1+1) Rs.92,250g லயன் டேட்ஸ் Qyno (1+1),99.0
close up paste(1+1)150g Rs.216,150g close up paste(1+1)Rs.216,216.0
Rin liguid 50ml Rs.10,Rs.10 ரின் liquid 50ml ,10.0
Rin liquid 800ml Rs.130,800ml ரின் liquid ,130.0
him shampoo ADF Rs.2,Rs.2 ஹிமாலயா சாம்பு ADF,2.0
iodex 4g  Rs.15,4g iodex Rs.15,15.0
VVD gold coco.oil 20ml Rs.10,Rs.10 vvd தே.எண்ணெய் JAR,10.0
mysore soap 75g Rs.42,75g மைசூர் சான்டால்,38.0
dairymilk silk 250g RS.335,RS 335 டைரிமில்க் சில்க் ,335.0
jelly TEDDY Rs.5 jar,Rs.5 ஜெல்லி TEDDY மிட்டாய் jar,200.0
Elanthai jam PKT rs.40,Rs.1 இலந்தை jam PKT,40.0
choco sip jar Rs.1,Rs.1 Choco Sip Jar,150.0
imli jam Rs.1 pkt ,Rs.1 புளி jam pkt,40.0
sensodyne (fresh mint) 150g Rs.230,150g sensodyne (fresh mint) w free,230.0
sensodyne 70g(deep clean)Rs.140,70g Sensodyne (deep clean),140.0
sensodyne 40g (deep clean) Rs.90,40g Sensodyne (deep clean),90.0
sensodyne fresh gel 40g Rs.85,40g Sensodyne fresh gel ,85.0
sensodyne fresh mint 40g Rs.85,40g Sensodyne fresh mint ,85.0
bb pasta sauce (12) saram,pasta சாஸ் (12p) சாரம்,60.0
vasmol black hair oil 200ml Rs.95,200ml vasmol black hair oil,95.0
colgate vedshakti 100g Rs.75,100g கோல்கேட் வேதசக்தி,75.0
DD Ice cream Rs.50,Rs.50 ஐஸ் கிரிம்,50.0
DD Ice cream Rs.60,Rs.60 ஐஸ் கிரிம் ,60.0
fanta 600ml Rs.40,600ml fanta Rs.40,40.0
limca 600ml,limca 600ml,40.0
cd localbrand Rs.10(1k)guava6,Rs.10 guava கூல் ட்ரிங்க்ஸ் (1k),300.0
raagi sakthi 500g,500g சக்தி ராகி மாவு,47.0
manjal thool vvd priyam Rs.10,Rs.10 vvd மஞ்சள்தூள்,10.0
AVT whole leaf 1kg,1kg AVT whole leaf tea,360.0
kannan (ginger pickle) Rs.2 saram,க.இ.ஊறுகாய் ரூ.2 சரம்,16.0
kannan (mango pickle) Rs.1 saram,க.மா.ஊறுகாய் ரூ.2 சரம்,16.0
kannan (mango pickle) Rs.2 saram,க.மா.ஊறுகாய் ரூ.2 சரம்,16.0
kannan (chilly pickle) Rs.2 saram,க.மிளகா.ஊறுகாய் ரூ.2 சரம்,16.0
kannan (tomato pickle) Rs.2 saram,க.த.ஊறுகாய் ரூ.2 சரம்,16.0
kannan (mixture pickle) Rs.2 saram,க.மிக்சர்.ஊறுகாய் ரூ.2 சரம்,16.0
kannan (lime pickle) Rs.2 saram,க.லெமன் ஊறுகாய் ரூ.2 சரம்,16.0
kannan (garlic pickle) Rs.2 saram,க.பூ.ஊறுகாய் ரூ.2 சரம்,16.0
navarathina oil 50ml Rs.45,50ml நவரத்தின oil,45.0
navarathina oil 27ml Rs.20,27ml நவரத்தின oil,20.0
dabur amla hair oil 45ml Rs.20,45ml டாபர் அம்லா ஹேர் ஆயில் ,20.0
dabur amla hair oil 300ml ,300ml டாபர் அம்லா ஆயில்,147.0
note long size Rs.45 (un ruled),Rs.45 ருல்டு நோட் (L)  92pg,45.0
note apsara 3/4 (K) Ruled Rs.45,அப்சரா ருல்டு நோட் (K) Rs.45 (120p),45.0
vicks Rs.1 jar Rs.205,Rs.205 விக்ஸ் jar,205.0
arial (T&L) pouch 1L Rs.165,Arial (T&L) 1L pouch,165.0
vicks vaporub 10g Rs.45,10ml விக்ஸ் வேபோரப் Rs.45,45.0
sprite 1L Rs.55,1L sprite ,55.0
bb zigzag Rs.5,Rs.5 zigzag (13p) சரம்,65.0
oma water happy 200ml,200ml happy ஓம வாட்டர்,20.0
bleaching powder 100g,100g Germichek பிளீச்சிங் பவுடர்,25.0
baby paste mee mee 70g Rs.149,70g Mee Mee Baby Paste  Rs.149,149.0
dp luvlap diaper S 8's Rs.99,Rs.99 luvlap டயப்பர் S 8's pkt,99.0
dp luvlap diaper xl 5's Rs.99,Rs.99 luvlap டயப்பர் XL 5's ,99.0
"cerelac wht,app,carr 300g Rs.265","300g Nestle Cerelac wht,app,carr s6",265.0
"cerelac wht,apple 300g Rs.260","300g Nestle Cerelac wht,apple s6",260.0
cerelac rice & veg 300g Rs.300,300g Nestle Cerelac rice & veg s8,300.0
cerelac wheat 300g Rs.250,300g Nestle Cerelac wheat s6,250.0
"cerelac wht,apple,cherr 300g Rs.295","300g Nestle Cerelac wht,apple,cherr s8",295.0
cerelac wht-rice mix veg 300g Rs.314,300g Nestle cerelac wht-rice mix veg s10,314.0
cerelac ragi apple 300g Rs.310,300g Nestle cerelac ragi apple s8,310.0
cerelac rice 300g Rs.255,300g Nestle cerelac rice s6,255.0
cerelac wht-rice mix fruit 300g Rs.314,300g Nestle cerelac wht-rice mix fruit s10,314.0
cerelac grains & fruit 300g Rs.329,300g cerelac grains & fruit ,329.0
cerelac multigrain dal veg 300g Rs.322,300g Nestle cerelac multigrain dal veg s12,322.0
cerelac multigrain & fruits 300g Rs.322,300g Nestle cerelac multigrain & fruits s10,322.0
cerelac wheat honey dates 300g Rs.314,300g Nestle cerelac wheat honey dates s10,314.0
oil svs sunfower tin,svs sunfower oil tin,2075.0
godrej expert easy Rs.25, Rs.25 Godrej Expert Easy,25.0
ravai sathiyam 250g,250g சத்தியம் ரவை ,20.0
samayal raja gold Rs.10,Rs.10 Raja Gold,10.0
surf xl  powder blue 1kg Rs.172,1kg சர்ப் எக்சல் ew பவுடர்,172.0
him baby hair oil 50ml,50ml him baby hair oil,80.0
him baby hair oil 100ml Rs.140,100ml ஹிமாலயா பேபி  hair oil,140.0
play card 555 Rs.45,555 Play Card,45.0
tounge cleaner pkt ,Tounge Cleaner pkt ,100.0
godrej expert original 1ps,godrej expert original 1ps,33.0
godrej expert original,godrej expert original,20.0
godrej expert original powder Rs.20,Rs.20 Godrej Expert Original Powder ,20.0
kp namboodiri 200g Rs.115,200g kp நம்புதிரி பேஸ்ட் (w) free ,115.0
pt aachi powder 50G Rs.92,50g ஆச்சி பெருங்காய தூள் Rs.92,92.0
kalla mittai mixer cake Rs.5,Rs.5 mixer cake jar ,250.0
samosaa jar Rs.1,Rs.1 samosaa jar ,150.0
toy joy Rs.200,Rs.200 Toy Joy ,200.0
vill ambu Rs.5 pkt,Rs.5 Vill Ambu  Pkt,100.0
chocostar Rs.5 box,Rs.5 Chocostar Box,200.0
bb Masala buff saram(12),Masala buff saram(12),60.0
indulekha hair oil 100ml.Rs.432,100ml இந்துலேகா hair oil,468.0
cd localbrand Rs.10(1k)guava,Rs.10 கொய்யா கூல் ட்ரிங்க்ஸ் (1k),300.0
note 4 line Rs.18,4 Line நோட் Rs.18,18.0
note 2 line Rs.18,2 line நோட் Rs.18,18.0
note un ruled (s) Rs 18,Rs.18 அன் ருல்டு நோட் (S),18.0
bb bingo tomato chilli (ஆரஞ்சு) Rs.5,Rs.5 பிங்கோ ஆரஞ்சு,5.0
bb bingo onion (பச்சை) Rs.5,Rs.5 பிங்கோ பச்சை,5.0
bb bingo masala (நீலம்) Rs.5,Rs.5 பிங்கோ நீலம்,5.0
bb bingo salt (மஞ்சள்) Rs.5,Rs.5 பிங்கோ மஞ்சள்,5.0
bb bingo chilli (ரெட் சில்லி) Rs.5,Rs.5 பிங்கோ ரெட் சில்லி,5.0
cinthol (og) சிவப்பு Rs.10,Rs.10 சிந்தால் சிவப்பு,10.0
cinthol  lime (லைம்) Rs.10,Rs.10 சிந்தால் லைம்,10.0
cinthol cool (நீலம்) Rs.10,Rs.10 சிந்தால் நீலம்,10.0
murukku Rs.1 JAR,Rs.1 முறுக்கு JAR,150.0
pt LG powder 200g,200g LG பெருங்காய தூள்,356.0
pt LG powder 500g,500g LG பெருங்காய தூள்,935.0
Vicks inhaler keychai Rs.122,Rs.122 Vicks Inhaler keychain,122.0
whisper choice xl 7s Rs.42,Rs.42 விஸ்பர் XL 7p,42.0
dp pampers (L) Rs.30,Rs.30 பேம்பர்ஸ் (L),30.0
dp pampers (xl) Rs.38,Rs.35 பேம்பர்ஸ் (xl) 2pcs,35.0
dp pampers Rs.20 (nb) 2ps,Rs.20 பேம்பர்ஸ் (NB) 2p,20.0
whisper choice xl 18s Rs.110,Rs.110 விஸ்பர் choice XL (18p),110.0
bb tedhe medhe masala pink Rs.5,Rs.5 டெடி மிடி குர்குரே pink (12),5.0
bb tedhe medhe red tomato Rs.5,Rs.5 டெடி மிடி ரெட் குர்குரே(12),5.0
Eveready up AA battery Rs.16 ,Eveready AA battery yellow Rs.16 ,16.0
ravai samba elite 500g Rs.70,500g எலைட் சம்பா ரவை Rs.70,70.0
baby nipple luvlap 2p,baby nipple luvlap 2p,95.0
maaza 135ml Rs.10,Rs.10 MaaZa,10.0
nei RKG 1 Ltr,1ltr RKG நெய்,970.0
semiyaa (naga) cutting 500g ,500g கட்டிங் சேமியா பா செவ்ரைட்,50.0
kannan devan tea classic 250g,250g கண்ணன் தேவன் டீ கிளாசிக்,100.0
chik green (jasmin) Rs.1,Rs.1 சிக் கிரீன்,1.0
hints candy Rs.200,Hints Candy Rs.200,200.0
pantene shampoo (w) free Rs.2 saram,Rs.2 pantene shampoo சரம் Offer,32.0
bun (10P) Rs.50,bun (10P) Rs.50,50.0
bun (10P) Rs.50 pkt,bun (10P) Rs.50 pkt,50.0
soodam sarathi Rs.1 (25p),ரூ.1 சாரதி சூடம் 25p pkt,25.0
dipp sticks Rs.5 jar,Rs.5 Dipp Sticks Jar,300.0
coin khazana Rs.5 pkt,Rs.5 பேபி டால்  pkt,150.0
HH camlin math box exam basic,HH camlin math box exam basic,100.0
HH camlin drawing kit Rs.149,Rs.149 camlin drawing kit ,149.0
HH camlin fountain pen Rs.120,Rs.120 Camlin Fountain Pen ,120.0
pen asmi foutain Rs.40,Asmi Foutain Pen Rs.40,40.0
HH camlin white board marker blue,Camlin White Board Marker Blue,28.0
note (s) 80p shape Rs.20 (ruled),Shape Note (S) 80p Rs.20 (Ruled),20.0
color shape tempera Rs.10,Rs.10 Shape Tempera Color ,10.0
color shape tempera Rs.20,Rs.20 Shape Tempera Color ,20.0
note (s) 80p shape Rs.20 (unruled),Shape Note (S) 80p Rs.20 (Unruled),20.0
note (s) 80p shape Rs.20 (2line),Shape Note (S) 80p Rs.20 (2Line),20.0
note (s) 80p shape Rs.20 (4line),Shape Note (S) 80p Rs.20 (4Line),20.0
note (s) 172p shape Rs.35 (ruled),Shape Note (S) 172p Rs.35 (Ruled),35.0
note (s) 172p shape Rs.35 (unruled),Shape Note (S) 172p Rs.35 (UnRuled),35.0
hi lighter mini shape Rs.15,Rs.15 Shape Hi Lighter Mini ,15.0
note (k) 120p shape Rs.45 (ruled),Shape Note (k) 120p Rs.45 (Ruled),45.0
note (k) 172p shape Rs.60 (ruled),Shape Note (k) 172p Rs.60 (Ruled),60.0
note (k) 172p shape Rs.60 (unruled),Shape Note (k) 172p Rs.60 (UnRuled),60.0
note (L) 80p shape Rs.40 (ruled),Shape Note (L) 80p Rs.40 (Ruled),40.0
salt purity  1kg,1kg salt purity  ,17.0
note shape (L) 80p Rs.40 (unruled),Shape Note (L) 80p Rs.40 (UnRuled),40.0
note shape (L) 160p Rs.70 (ruled),Shape Note (L) 160p Rs.70 (Ruled),60.0
note shape (L) 160p Rs.70 (unruled),Shape Note (L) 160p Rs.70 (UnRuled),70.0
note shape (L) 192p Rs.100 (ruled),note shape (L) 192p Rs.100 (ruled),100.0
note shape drawing 36p Rs.40,Shape Drawing 36p Rs.40,40.0
note shape graph 64p Rs.50,Shape Graph 64p Rs.50,50.0
note shape pkt dairy 44p Rs.5,Shape Pkt Dairy 44p Rs.5,5.0
pen stylish Rs.10,Rs.10 pen stylish,10.0
note shape (s) 80p Rs.20 (unruled),Shape Note (S) 80p Rs.20 (Unruled),20.0
note shape (s) 80p Rs.20 (2line),Shape Note (S) 80p Rs.20 (2Line),20.0
note shape (s) 80p Rs.20 (4line),Shape Note (S) 80p Rs.20 (4Line),20.0
note shape (s) 172p Rs.35 (ruled),Shape Note (S) 172p Rs.35 (Ruled),35.0
note shape (s) 172p Rs.35 (unruled),Shape Note (S) 172p Rs.35 (UnRuled),35.0
note shape (k) 120p Rs.45 (ruled),Shape Note (k) 120p Rs.45 (Ruled),45.0
note shape (k) 172p Rs.60 (ruled),Shape Note (k) 172p Rs.60 (Ruled),60.0
note shape (k) 172p Rs.60 (unruled),Shape Note (k) 172p Rs.60 (UnRuled),60.0
Rin powder Refresh 2kg Rs.224,2Kg Rin powder Rs.224,224.0
note shape (L) 80p Rs.40 (ruled),Shape Note (L) 80p Rs.40 (Ruled),40.0
note shape (s) 80p Rs.20 (ruled),Shape Note (S) 80p Rs.20 (Ruled),20.0
dp mamypokko pants (m) Rs.30,Mamypokko Pants (m) Rs.30,30.0
bb kenty's jungle safari Rs.5 saram,ரூ.5 kenty's ஜங்கிள் (13p) saram,65.0
bb kenty's wheel Rs.5 saram,Rs.5 kenty's wheel (12p) saram,60.0
bb kenty's french fries Rs.5 saram,Rs.5 kenty's பிரெஞ்ச் ப்ரீஸ் சரம்  (12p,60.0
bb kenty's lays Rs.5 saram,Rs.5 kenty's Lays (12p) saram,60.0
bb kenty's abcd Rs.5 saram,ரூ.5 kenty's Abcd (13p) saram,65.0
bb kenty's heart julary Rs.5 saram,ரூ.5 kenty's Heart julary (13p) saram,65.0
bb kenty's veg briyani Rs.5 saram,ரூ.5 kenty's veg briyani (12p) saram,60.0
bb kenty's heart Rs.5 saram,ரூ.5 kenty's Heart ஜூவல்லரி (13p) saram,60.0
salt purity plus  1kg,1kg Purity Plus Salt,20.0
garnier color naturals black Rs.115,Rs.115 கார்னியர் Color Naturals Black ,115.0
cocacola 600ml,600ml cocacola ,40.0
Fountain pen Rs.50,Rs.50 Fountain pen,50.0
z deo spray 150ml Rs.460 (2+1),Rs.460 Z Deo Spray 150ml  (2+1) offer,460.0
z talc powder blue 50g,50g Z டால்க் பவுடர் blue,65.0
z zest talc 50g Rs.125,50g Z Zest Talc Rs.125,125.0
medimix shampoo Rs.2 TC,ரூ.2 மெடிமிக்ஸ் ஷாம்பு TC,2.0
maggi noodles Rs.84,Rs.84 மேகி நூடுல்ஸ்,84.0
xll powder easywash 500g Rs.86,500g சர்ப் எக்சல் EW பவுடர் Rs. 86,86.0
xll powder easywash 1kg Rs.172,1kg சர்ப் எக்சல் EW பவுடர்,178.0
xll powder quick wash 500g Rs.117,500g சர்ப் Quickwash பவுடர்,110.0
xll powder quickwash 1kg Rs.220,1kg சர்ப் எக்சல் Quickwash powder,220.0
xll powder Rs.3 saram,Rs.3 சர்ப் எக்சல் பவுடர் சரம்,3.0
xll powder Quickwash Rs.10,Rs.10 சர்ப் எக்சல் Qw பவுடர்,10.0
xll soap Rs.10,Rs.10 சர்ப் எக்சல் சோப்,10.0
xll soap Rs.20 150g,Rs.20 சர்ப் எக்சல் சோப்பு,20.0
xll soap Rs.35,Rs.35 சர்ப் எக்சல் சோப்,35.0
xll LIQ (T/L) 500ml Rs.120,Rs.120 சர்ப் எக்சல் (T/L)1/2 lit ,112.0
xll LIQ  (F/L) 1L Rs.220,1L சர்ப் LIQ matic (F/L),220.0
xll LIQ TL pouch 1ltr Rs.160,Rs.160 சர்ப் எக்சல் (T/L) pouch ,160.0
xll (F/L) 1ltr pouch Rs.175,1ltr சர்ப் எக்சல் (F/L) pouch,175.0
xll LIQ Rs.10,Rs.10 surf LIQ,10.0
xll liq matic (T/L) 1ltr Rs.190,1L சர்ஃப் எக்செல் மெட்ரிக் (T/L) ,190.0
xll LIQ quickwash 500ml Rs.102,500ml சர்ப் LIQ  Quickwash,102.0
xll LIQ (Q/W) 1L Rs.205,1L சர்ப் எக்சல் (Q/W) LIQ,205.0
xll liq easywash 1L Rs.189,1L சர்ப் எக்சல் Easywash LIQ,189.0
xll LIQ (T/L) 500 ml Rs.112,500ml சர்ப் LIQ (T/L),112.0
xll LIQ (F/L) 500ml Rs.130,Rs.130சர்ப் எக்சல்(F/L)1/2lit,130.0
xll liq (F/L) 1ltr pouch Rs.175,Rs.175 சர்ப் எக்சல் (F/L) pouch,175.0
dairymilk Rs.100 (box),Rs.100 டைரிமில்க்,100.0
dairymilk Rs.150 (box), Rs.150 டைரிமில்க் (box),150.0
kunguma poo skc 0.5g,0.5g SKC குங்குமபூ,225.0
avt premium 250g jar Rs.105,250g Avt Premium Jar ,105.0
avt gold cup jar 100g Rs.100,100g Avt gold cup jar ,100.0
AVT select leaf refill 100g Rs.50,100g AVT select leaf Refill ,50.0
AVT select leaf 250g Rs.160,250g AVT select leaf pkt,160.0
milk maid amul tin 400g Rs.126,Amul மில்க்மெய்டு டின் 400g,126.0
avt Rs.2,Rs.2 Avt pkt,2.0
soodam mittay jar Rs.1,Rs.1 சூடம் மிட்டாய் jar,150.0
bread UNIUARASAL Rs.25,bread UNIUARASAL Rs.25,25.0
bread univercel Rs.25,Rs.25 bread half size univercel ,25.0
bread full size univercel Rs.37,Rs.37 bread full size univercel ,37.0
bread mini univercel Rs.15,Rs.15 bread mini univercel ,15.0
baby water sippy cup,300ml baby water sippy cup luvlap,259.0
kalla mittai ps jar Rs.5,Rs.5 PS கள்ளமிட்டாய் jar,300.0
kalla mittai Rs.30,Rs.30 ps கள்ளமிட்டாய்,30.0
jass attar 3ml Rs.50,3ml jass attar Rs.50,50.0
jaas roll on 3ml Rs.40,3ml jaas roll on  Rs.40,40.0
jass talc 100g,100g jass talc,80.0
tara jasmine talc 100g,100g Tara Jasmine Talc ,80.0
jass roll on 3ml Rs.40,3ml jaas roll on  Rs.40,40.0
anchor brush Rs.15,Rs.15 Anchor Brush ,15.0
anchor brush Rs.20,Rs.20 Anchor Brush,20.0
anchor toothpaste Rs.10,Rs.10 Anchor Toothpaste ,10.0
xll LIQ (T/L) 1lit pouch,xll LIQ (T/L) 1lit pouch,185.0
xll LIQ (F/L) 1lit pouch,Surf Liq (F/L) 1lit pouch,185.0
hamam soap 3+1 set,ஹமாம் சோப் 4*100g Rs.154,154.0
steel scrup atta Rs.15,Rs.15  555 கம்பி நார் அட்டை,180.0
pears soap green 75g Rs.63,75g பியர்ஸ் கிரீன் Soap,63.0
ujala 250ML,250ml உஜாலா,85.0
pen cello papersoft Rs.20,Rs.20 Cello Pen Papersoft,20.0
pt ns katti 20g,20g NS பெருங்காய கட்டி,36.0
pt ns katti 50g ,50g NS பெருங்காய கட்டி,89.0
pt ns powder 5g,5g NS பெருங்காய தூள்,10.0
pt ns powder 20g,20g NS பெருங்காய தூள்,38.0
pt ns powder 50g,50g NS பெருங்காய தூள்,91.0
amurthanjan yellow Rs.44,Rs.44 அமுர்தான்ஜன் yellow,44.0
amurthanjan strong (g) Rs.44,Rs.44 அமுர்தான்ஜன் green,44.0
dairymilk silk Rs.195,Rs.195 டைரிமில்க் சில்க்,195.0
dairymilk bournville Rs.110,Rs.110 Bournville Dark Chocolate,110.0
yardley powder laventer 100g Rs.115,100g யார்ட்லி பவுடர் lavender,115.0
yardley powder rose 100g Rs.132,100g யார்ட்லி பவுடர் Rose,135.0
yardley powder mor'n dew 100g Rs.115,100g யார்ட்லி பவுடர் Mor'g Dew,115.0
baby feeding bottle steel rs.399,150ml Feeding Bottle Steel,399.0
baby feeding bottle steel rs.299,75ml Feeding Bottle Steel,299.0
yardley powder rose 100g Rs.135,100g யார்ட்லி பவுடர் Rose,135.0
eclairs lotte Rs.50,Rs.50 lotte சாக்லேட் pkt,50.0
tide naturals powder 500g ,500g டைடு green பவுடர்,45.0
tide plus powder 1kg Rs.164 ,1kg டைடு + பவுடர்,164.0
tide plus powder 500g ,Rs.82 டைடு பவுடர் 1/2kg,82.0
gt gillete 7o'clock razor Rs.40,Gillete 7o'Clock Razor,40.0
Mr.gold coconut oil 500ml battle,500ml Mr.கோல்டு தே.எண்ணெய் battle,210.0
boro+ talc 150g Rs.122,150g  Boro+ Talc,125.0
oil idhayam mantra (M) 1L Rs.214,1.ltrஇதயம்மந்த்ரா (ம) bottle,214.0
soodam mittai 0.50p pkt,0.50p சூடம் மிட்டாய் pkt,40.0
jam lion 250g (1+1),250g Lion Jam (1+1),112.0
naturo mango bar jar Rs.5,Rs.5 Naturo Mango Bar Jar ,300.0
cleaner toilet 400g Rs.175 ,400g Tanvi Toilet Cleaner,175.0
cleaner floor 400g Rs.175 ,400g Tanvi Floor Cleaner,175.0
cleaner diswash 400g Rs.175 ,400g Tanvi diswash Cleaner,175.0
sensodyne brush Rs.35,Rs.35 Sensodyne Brush,35.0
sensodyne brush Rs.65,Rs.65 Sensodyne Brush,65.0
sensodyne brush (2+1) Rs.130,Rs.130 Sensodyne Brush (2+1) ,130.0
dettol bottle 60ml Rs.40.24,60ml டெட்டால்,40.24
pearls box Rs.350,pearls box (gems) Rs.5,350.0
candyman choco double (120p),Rs.1 Candyman Choco Double pkt (120p),120.0
jelimals jar Rs.1,Rs.1 Jelimals Jar,100.0
boro+ talc 150g Rs.125,150g  Boro+ Talc,125.0
choclairs eclaer Rs.1 pkt,choclairs eclaer Rs.1 pkt,60.0
choclairs eclairs Rs.1 pkt,Rs.1  Choclairs Eclairs pkt,60.0
sprite 2.25 Rs.100,2.25L sprite,100.0
cocacola 1L,1L Cocacola ,55.0
ruchi pickle mixed Rs.1 pkt,Rs.1 ருசி ஊறுகாய் mixed pkt,60.0
noodels anil Rs.10,Rs.10 அணில் நூடல்ஸ்,10.0
kitkat Rs.20,Rs.20 kitkat ,20.0
kitkat Rs.30,Rs.30 kitkat ,30.0
vathi a Rs.10,Rs.10 வத்தி,10.0
vathi a Rs 20,Rs 20 வத்தி,20.0
vathi a Rs.5,Rs.5 வத்தி,5.0
vathi aRs.10,Rs.10 வத்தி,10.0
vathi aRs.5,Rs.5 வத்தி,5.0
vathi aRs 20,Rs 20 வத்தி,20.0
kalla mittai ps Rs.20,Rs.20 கள்ளமிட்டாய் (PS),20.0
seeval balaji Rs.10 bundle,Rs10 பாலாஜி சீவல் (b),100.0
jelly pizza Rs.5 box,Rs.5 Pizza ஜெல்லி  box,150.0
lizol sandol 500ml Rs.116,500ml லைசால் sandol,116.0
lizol floral 500ml Rs.116,500ml லைசால் floral,116.0
domex Ocean Fresh 500ml,500ml டோமெக்ஸ் Ocean Fresh (Blue),102.0
pepsodent GC 100g,Rs.64 Pepsodent GC 100g,64.0
pepsodent 200g Rs.122,pepsodent 200g Rs.122,122.0
Rin powder Rs.2 saram 12ps,Rs.2 ரின் பவுடர் சரம் 12ps,24.0
xll powder 3kg,3kg சர்ப் எக்சல் பவுடர்,430.0
xll surf xl powder 3kg,3kg சர்ப் எக்சல் பவுடர்,430.0
maaza 250ml Rs.20,maaza 250ml Rs.20,20.0
sprite 20ml Bottle,Sprite Bottle 20ml,10.0
almond hair oil 100ml,100ML Almond Hair Oil,75.0
almond hair oil 190ml,Almond hair oil 190ml,138.0
dabur amla hair OIL 90ml,dabur amla 90ml Rs.53,52.0
sprite 200ml Bottle,Sprite Bottle 200ml,10.0
pen nataraj Rs.3 pkt,Rs.3 Nataraj Pen Box,60.0
handplast jar.Rs.250,Handplast Jar,234.0
atta chakki 5kg,5kg Chakki ஆட்டா,320.0
cd local brand Strawberry cooldring Rs.10,Rs.10 ஸ்ட்ராபெர்ரி கூல் ட்ரிங்க்ஸ் (1K),288.0
whisper choice wings 6s Rs.35,Rs.35 Whisper Choice Wings 6s ,35.0
sunrice 200g Rs.210,200g சன் ரைஸ் pkt Rs.210,210.0
more light washing powder 500g,500g More Light Washing Powder,36.0
dettol soap cool 100g*5 Rs.165,100g*5  டெட்டல் சோப் கூலஂ செட் ,165.0
softouch blue 200ml Rs.58,200ml Softouch Blue,58.0
softouch pink 200ml Rs.58,200ml Softouch Pink ,58.0
softouch black 200ml Rs.58,200ml Softouch Black ,58.0
softouch purple 200ml*2 Rs.99,200ml*2 Softouch Purple,99.0
him baby moisturizing 75gm,75g  ஹிமாலயா பேபி olive சோ,62.0
bb kurkure Rs.2 saram,Rs.2 குர்குரே சரம்,24.0
lollipop finger box Rs.150,Finger Lollipop Box,150.0
jelly abcd Rs.5 jar,Rs.5 ABCD ஜெல்லி மிட்டாய் ,200.0
jelly foodball Rs.5 jar,Rs.5 foodball ஜெல்லி மிட்டாய் jar,200.0
toy gun bell Rs.200,Rs.200 Gun & Bell Toy ,200.0
toy gun bell Rs.5 pkt,Rs.5 Gun & Bell Toy pkt ,200.0
spinner Rs.5 pkt,Rs.5 பம்பரம் pkt,120.0
nei GRB 200ml jar,200ml GRP நெய் jar,182.0
bru 50g pkt,50g புரூ காபி pkt,155.0
close up paste 90g Rs.60,90g close up paste,60.0
ponds magic 400g Rs.370,400g Ponds Magic  பவுடர்,370.0
ponds wb cream 34g Rs.129,34g Ponds wb Cream,139.0
jumbo wafer stick Rs.1 jar,Rs.1 Jumbo Wafer Stick Jar,60.0
milk shake sunfeast,Sunfeast Milk Shake ,40.0
milk shake winkin cow,Winkin COW Milk Shake,35.0
pen reynolds brite (b) Rs.5,Rs.7 Reynolds Brite blue Pen pkt,35.0
supreme fresh 40g Rs.28,40g supreme fresh naphthalene ball  ,28.0
vi-john foam 400g Rs.200,400g vi-john foam,200.0
anil instant idiyappa 150g Rs.68,150g அணில் உடனடி இடியாப்பம் ,68.0
tide sope combo 4+1,4+1 டைடு சோப் combo ,125.0
tide sope combo 4+1 Rs.125,4+1 டைடு சோப் combo ,125.0
xll soap 200g*4 Rs.122,200*4 சர்ப் எக்சல் சோப்பு,122.0
ravai anugrah suji 200g,200g அனுகிரஹா சுஜி ரவை  ,20.0
balloon pkt (1) Rs.1,Rs.1 பலூன் (100p) Pkt,100.0
calculator caltrix Rs.380,Rs.380 Caltrix Calculator ,380.0
cool drinks straw Rs.25,Rs.25 Cool Drinks Straw pkt,28.0
cool drinks straw Rs.30,juice Straw pkt,30.0
watch gold mittaiye Rs.5 box,Rs.5 gold வாட்ச் மிட்டாய் box,180.0
mayonnaise 250g Hellmanns,Mayonnaise 250g Hellmanns,90.0
mayonnaise 85G Hellmanns,mayonnaise 85G Hellmanns,46.0
whitetone 30g powder,30g Whitetone powder,65.0
iruthi sadangu(kattai) 1pai,இறுதி சடங்கு செட் (கட்டை),600.0
iruthi sadangu(kuzhi) 1pai,இறுதி சடங்கு செட் (குழி),550.0
marie light Rs.5 pai,Rs.5 மேரி லைட் பை,60.0
yippee noodles Rs.5 ,Rs.5 yippee noodles,5.0
sunfeast fantastik chocolate Rs.10,Rs.10 Sunfeast Fantastik Chocolate ,10.0
gokul santol soap Rose Rs.42,கோ.சா soap Rose Rs.42,42.0
anusko soap 250g Rs.25,அனுஷ்கோ சேப்பு (5p set),125.0
green tea tetley 100g Rs.155,100g Tetley Green Tea classic,155.0
green tea tetley (10p) Rs.70,Rs.70 Tetley Green Tea classic (10p),70.0
"green tea tetley gin,mint,lem (10p) Rs.70","Rs.70 Tetley Green Tea gin,mint,lem (10p)",70.0
green tea tetley lemon & honey (10p) Rs.70,Rs.70 Tetley Green Tea lemon & honey (10p),70.0
ravai richuu 200g Rs.22,200g ரிச்சி ரவை ,22.0
santoor soap 100g  Rs.35,Rs.35 சந்தூர் சோப்பு Sandal,35.0
Eno Rs.10 5g,Rs.10 Eno Regular box,30.0
cd local brand Rs.10 (1k) pineapple ,Rs.10 பைனாப்பிள் கூல் ட்ரிங்க்ஸ் (1k) ,300.0
cd local brand Rs.10(1k) 888 beer,Rs.25 888 beer (1k),625.0
cd local brand Rs.10 (1k) apple fizzy ,Rs.10 apple fizzy (1k) ,480.0
cd local brand Rs.10 (1k) bolt red energy  ,Rs.10 bolt red energy (1k)  ,480.0
cd local brand Rs.25 (1k) 888 beer,Rs.25 888 beer (1k),625.0
cd local brand Rs.20 (1k) bolt red energy  ,Rs.20 bolt red energy (1k) (24p),20.0
panteen conditioner 90ml,Rs.90 Panteen Conditioner,90.0
panteen 2in1 conditioner 200ml,180ml Panteen 2in1 Conditioner,229.0
panteen 2in1 HFC 200ml,Rs.229 Panteen 2in1 HFC,229.0
head & shoulder SS conditioner,Rs.82 H&S SS Conditioner Shampoo,82.0
head & shoulder SS conditioner 200ml,Rs.150 H&S SS conditioner,150.0
head & shoulder cool menthol 200ml,Rs.205 H&S cool menthol shampoo,205.0
head & shoulder 2in1 SS 72ml,Rs.105 H&S 2in1 SS Shampoo,105.0
head & shoulder SS 200ml,Rs.265 H&S SS Shampoo,265.0
head & shoulder cm 200ml,Rs.205 H&S CM Shampoo,205.0
head & shoulder AHF 200ml,Rs.265 H&S AHF Shampoo,265.0
tide 500g powder,Rs.84 Tide 500g powder,84.0
tide 1.kg powder,Rs.164 Tide 1kg powder,164.0
panteen LC 90ml shampoo,Rs.75 Panteen LC Shampoo,75.0
dp pampers Rs.35(L) 2ps,Rs.35 Pampers (L),35.0
sensodyne 75g(F&M)Rs.130,Rs.130 sensodyne Freshmint,130.0
sensodyne 150g(fresh gel)RS.230,sensodyne 150g(fresh gel)RS.230,230.0
soodam Rs.2 (pkt),Rs.2 சூடம் (pkt),50.0
cup CAKE Rs.200,Cup Cake Rs.200,200.0
rusk kolo premium rusk Rs.35,Rs.35 kolo premium rusk,35.0
ponds super light gel 25ml,Rs.55 Ponds Super Light Gel,55.0
ponds super light gel 49g,Rs.110 Ponds Super Light Gel,110.0
manjal thool bhuvanai Rs.10,Rs.10 புவனை மஞ்சள்தூள்,10.0
mm murukku Rs.5 pkt,Rs.5 முருக்கு பண்டல்,100.0
HH shape sharpner Rs.5,Rs.5 Shape Sharpner,5.0
HH camlin colour pencil 12'S Rs.65,Camlin Colour Pencil 12'S,65.0
HH camlin wax crayon 13'p Rs.60,camlin wax crayon 13'p,60.0
HH camlin wax crayon 26'p Rs.70,Camlin Wax Crayon 26'p,70.0
HH camlin oil pastel 15'p Rs.65,Camlin Oil Pastel 15'p,65.0
HH camlin oil pastel 25'p Rs.120,Camlin Oil Pastel 25'p,120.0
HH camlin colour pencil 24'S Rs.130,Camlin Colour Pencil 24'S,130.0
HH camlin wax crayon 16'p Rs.50,Camlin Wax Crayon 16'p,50.0
HH camlin oil pastel 12'p Rs.50,Camlin Oil Pastel 12'p,50.0
z spray 120 ml Rs.260,Rs.260 Z Spray 120 ml ,260.0
z spray 120 ml Rs.275,Rs.275 Z Spray 120 ml ,275.0
cd local brand bolt red energy Rs.20 ,Rs.20 Bolt Energy drink,20.0
cd local brand 888 beer Rs.25,Rs.25 888 சுவிட் பீர் ,25.0
cd lemon salt Rs.10 (1k) ,Rs.12 bro லெமன் சால்ட் (24p),288.0
bb pinzo glow light (14p) Rs.5,Rs.5 pinzo glow light (14p) saram ,70.0
bb pinzo tomato crazy (14p) Rs.5,Rs.5 Pinzo Tomato Crazy (14p) saram,70.0
bb pinzo crazy puchka (14p) Rs.5,Rs.5 Pinzo Crazy Puchka (14p) saram ,70.0
bb pinzo crazy candy (14p) Rs.5,Rs.5 Pinzo Crazy Candy (14p) saram,70.0
bb pinzo car-bike (14p) Rs.5,Rs.5 Pinzo Car-Bike (14p) saram,70.0
bb pinzo baloon (14p) Rs.5,Rs.5 Pinzo Baloon (14p) saram ,70.0
bb pinzo princess (14p) Rs.5,Rs.5 Pinzo Princess (14p) saram ,70.0
pepsodent GC 200g Rs.98,Rs.98 pepsodent GC,98.0
dairymilk  fuse Rs.20,Rs.20 Fuse,20.0
cerelac grains & fruit 300g Rs.322,300g Nestle cerelac grains & fruit s18,322.0
cerelac grains & veg 300g Rs.329,300g Nestle cerelac grains & veg s18,329.0
him baby shampoo 200ml Rs.180,200ml ஹிமாலயா பேபி சாம்பு (f),180.0
puro rock salt (kal) 1kg Rs.135,1 Kg PURO இந்துப்பு,135.0
puro rock salt (kal) 500g Rs.69,500g PURO இந்துப்பு,69.0
puro rock salt 1Kg Rs.110,1Kg PURO இந்துப்பு (தூள்),110.0
puro rock salt 500g Rs.59,500g PURO இந்துப்பு (தூள்),59.0
kasthuri manjal 40g,40g கஸ்துரி மஞ்சள்,34.0
lizol citrus 500ml Rs.116,500ml லைசால்  citrus,116.0
indulekha shampoo Rs.2,Rs.2 Indulekha Shampoo,2.0
pears Rs.40 yellow,Rs.40 Pears yellow,40.0
xll liq (F/L) 1ltr pouch Rs.185,Rs.185 சர்ப் எக்சல்(F/L)1ltr pouch,185.0
horlicks junior 400g Rs.235 Pouch,400g Junior Horlicks Pouch,235.0
Rin liguid 430ml Rs.90,430ml ரின் liquid,90.0
sambar podi hotal 50g,50g ஆச்சி ஹோட்டல் சாம்பார் பொடி,20.0
z spray 150ml Rs.460 (2+1),Rs.460 Z Deo Spray 150ml  (2+1) offer,460.0
cinthol block (கருப்பு)  Rs.10,Rs.10 சிந்தால் கருப்பு,10.0
cinthol (og) (சிவப்பு) Rs.10,Rs.10 சிந்தால் சிவப்பு,10.0
cinthol.(og) (சிவப்பு) Rs.10,Rs.10 சிந்தால் சிவப்பு,10.0
sprite 600ml,600ml Sprite,40.0
cinthol.block (கருப்பு) Rs.10,Rs.10 சிந்தால் கருப்பு,10.0
cinthol.cool (நீலம்) Rs.10,Rs.10 சிந்தால் நீலம்,10.0
cinthol.lime (லைம்) Rs.10,Rs.10 சிந்தால் லைம்,10.0
colgate vedshakti Rs.10,Rs.10  கோல்கேட் வேதசக்தி,10.0
karthika shampoo green 175ml,karthika shampoo green 175ml,112.0
karthicka red shampoo 175ml,karthicka red shampoo 175ml,112.0
karthika black shampoo 175ml,karthika black shampoo 175ml,112.0
javathu paste Rs.50,ஸ்ரீ பாலமுருகன் ஜவ்வாது பேஸ்ட்,50.0
javathu roll on Rs.75,ஸ்ரீ பாலமுருகன் ஜவ்வாது Roll on,75.0
javathu paste Rs.32,Rs.32 ஜவாது பேஸ்ட்,32.0
javathu powder Rs.32,Rs.32 javathu powder ,32.0
HH camlin math inst scholar Rs.28,Rs.28 camlin math inst  scholar,28.0
HH camlin Exam compass Rs.25,Rs.25 camlin Exam compass,25.0
mm na nee's mixer saram,Na Nee's mixer saram,60.0
oil idhayam nallannai 1.ltr bottle Rs.461,1.ltrஇதயம் (ந.எ) bottle,429.0
oil idhayam nallennai 500ml,500ml இதயம் (ந.எ) bottle,232.0
colgate strong teeth 100g Rs.69,100g கோல்கேட் ஸ்ட்ராங்,69.0
pasta elbo savorit 250g,250g செவ்ரைட் எல்போ பாஸ்தா,30.0
kalla maavu rasathi 500g,500g ராசாத்தி கள்ளமாவு,90.0
sensodyne 75g (F&G) Rs.130,Rs.130 sensodyne FreshGel,130.0
gulab jamun 1+1 daily,Daily குலோப்ஜாம் (1+1),135.0
semiya savorite 190g,190g பா.சேமியா செவ்ரைட்,20.0
semiya savorite 240g,240g கட்டிங் சேமியா பா செவ்ரைட்,20.0
semiya savorite 200g+40g,200g+40g சேமியா பா செவ்ரைட்,20.0
Fair & lovely 20g face wash Rs.30,Fair & lovely 20g face wash Rs.30,30.0
indica hair powder Rs.21,indica hair powder Rs.21,21.0
indica nihira kali mehandi Rs.10,indica nihira kali mehandi Rs.10,10.0
lion dates Qyno 250g (1+1) Rs.94,lion dates Qyno 250g (1+1),94.0
lion dates Qyno 500g (1+1) Rs.175,lion dates Qyno 500g (1+1) Rs.175,175.0
vatika  Rs.45,vatika  Rs.45,45.0
kalla mittai ps Rs.2 jar,Rs.2 ps கள்ளமிட்டாய் jar,140.0
panasonic AAA blue Rs.12,Rs.12 panasonic AAA blue,12.0
siraga thool achi 50g,50g ஆச்சி சீரகதூள்,65.0
meen varuval masala achi 50g,50g achi மீன் வருவல் மசாலா,34.0
meen varuval masala achi 100g,100g achi மீன் வருவல் மசாலா,66.0
xll powder quick wash 500g Rs.110,500g சர்ப் Quickwash பவுடர்,115.0
arial powder 1.5kg Rs.330,1.5kg ஏரியல் பவுடர்,330.0
tide powder 1kg Rs.164 ,Rs.164 டைடு பவுடர் 1kg ,164.0
tide powder 550g Rs.79,Rs.79 டைடு பவுடர் 1/2kg,79.0
tide powder Green 500g Rs.45 ,Rs.45 டைடு பவுடர் Green,45.0
tide powder Rs.152,Rs.152 டைடு பவுடர் 1kg,152.0
tide powder 1kg Rs.158,1kg டைடு பவுடர் ,138.0
tide powder Rs.73,tide powder Rs.73,73.0
tide powder Rs.76,Rs.76 டைடு பவுடர் 1/2kg,76.0
tide powder 500g Rs.73,Rs.73 டைடு பவுடர் 1/2kg,73.0
tide 500g powder Rs.84,Rs.84 டைடு பவுடர் 1/2kg,84.0
tide powder 1/2kg Rs.84,Rs.84 டைடு பவுடர் 1/2kg,84.0
arial powder blue 1/2kg Rs.95,Rs.95 ஏரியல் பவுடர் 1/2kg,95.0
arial powder RS.10 ,RS.10 ஏரியல் பவுடர்,10.0
xll LIQ (F/L) 1L Rs.220,Rs.220 சர்ப் எக்சல் (F/L)1lit,220.0
xll liq(T/L) 1ltr Rs.190,Rs.190 சர்ப் எக்சல் (T/L) 1lit,190.0
xll liq (T/L) 500ml Rs.112,xll liq (T/L) 500ml Rs.112,112.0
arial Liquid 1L Rs.265,Rs.265 arial Liquid 1L,265.0
arial Lqd()F/L) 1L Rs.265,Rs.265 arial Liq(F/L)1lit,265.0
arial liq(T/L) Rs.158,Rs.158 arial liq(T/L) 1lit,158.0
arial liq (T/L)1/2lit Rs.138 ,Rs.138 arial liq (T/L)1/2lit ,138.0
arial liq(F&L)1.ltr Rs.250,Rs.250 ஏரியல் FL 1.ltr,250.0
arial liq(T/L) 1ltr Rs.160,Rs.160 arial (T/L) 1ltr,160.0
arial Lqd(F/L) 1L Rs.265, arial Liq(F/L) 1lit,265.0
xll LIQ (F/L)Rs.127,Rs.127 சர்ப் எக்சல் (F/L)1/2lit,127.0
treat wafer Rs.5 box, Rs.5 Treat Wafer Box,160.0
tounge cleaner,Tounge Cleaner,5.0
thani milagai thool 500g tastee,500g டேஸ்ட்டி தனி மிளகாய்,197.0
oral b brush crisscross Rs.60,Rs.60 ஓரல் பி பிரஷ் crisscross ,60.0
pantene shampoo 200ml Rs.189,Rs.189 Pantene Shampoo 200ml ,189.0
manjal thool lg 50g,50g LG மஞ்சதூள்,20.0
melody parle RS.100,RS.89 மெலோடி pkt,89.0
nei GVR 1L,1L GVK நெய்,930.0
choco bar Rs.5 box,Rs.5 Choco Bar Box,150.0
Aachi payasam mix 175g (1+1),1+1 ஆச்சிபாயசம் 175g,125.0
naattu sakkara vel 1/2.kg,1/2kg வேல் நாட்டு சர்க்கரை,50.0
nycil cool herbal 150g Rs.149,150g நைசில் கூல்  ஹெர்பல் ,149.0
nycil cool sandal 150g Rs.149,150g Nycil Cool Sandal,149.0
dabur red paste 100g Rs 70,100g டாபர்ரெட் பேஸ்ட்,72.0
dettol soap lime cool Rs.10,ரூ.10 டெட்டல் சோப் lime கூலஂ,10.0
kalla mittai ps Rs.30,Rs.30 ps கள்ளமிட்டாய்,30.0
cinthol cool set 100g * 3 Rs.142,100g * 3 சிந்தால் நிலம்  set ,142.0
dove soap blue Rs.65,Rs.65 dove soap blue,65.0
Fair & lovely 25g Rs.65,25g  Fair & lovely ,65.0
eclairs lotte Rs.100,Rs.100 Lotte சாக்லேட் pkt,100.0
ponds dream 200g  +,Rs.225 பாண்ட்ஸ் ட்ரிம் 200g,225.0
ponds dream 400g Rs.370 with free,400g Ponds Dream பவுடர்,370.0
ponds magic 400g Rs.399 with free,400g Ponds Magic (with free),399.0
rasna pkt (25p),(25p) ரஸ்னா pkt,120.0
chikkan masala sakthi 50g,50g சிக்கன் மசலா சக்தி,28.0
karam மசாலா sakthi 50g,50g கரம் மசாலா சக்தி,38.0
malli thool sakthi 5og,50g மல்லித்தூள்,18.0
biriyani masala sakthi 50g,50g சக்தி பிரியாணி மசாலா,35.0
sambar podi sakthi 100g ,100g சக்தி சாம்பார் பொடி,56.0
chikkan masala sakthi 100g,100g சக்தி சிக்கன் மசலா,55.0
3roses 500g Rs.350,3roses 500g Rs.350,350.0
bru 50g Rs.125 PKT,bru 50g Rs.125 Pkt,125.0
nei GVK 1L,1L GVK நெய்,970.0
Tang Rasna 75g Rs.30,75g Tang ஆரஞ்சு,30.0
Tang Rasna 500g Rs.165,"500g Tang லெமன்,ஆரஞ்சு",165.0
gokul santol soap 75g*3 Rs.120,75g*3N கோகுல் சாண்டல் சோப்பு,120.0
gokul santol soap Rose Rs.42 75g,75g கோகுல் சாண்டல் சோப்பு,42.0
moove cream 5g Rs.15,5g மூவ் கிரிம் (16p),15.0
him baby gentle soap 125g Rs.90,125g ஹிமாலயா பேபி பாதாம் சோப் ,90.0
him baby Refreshing soap 125g Rs.90,125g ஹிமாலயா Refreshing பேபி  சோப் ,90.0
him baby moisturizing 125g Rs.95,125g ஹிமாலயா Moisturizing பேபி,105.0
him baby (p) 50g,50g ஹிமாலயா பேபி பவுடர்,55.0
Him prickly heat powder 100g,100g ஹிமாலயா prickly heat powder,115.0
jelly stick Rs.1 jar,Rs.1 Jelly Stick pkt,50.0
rasna Rs.1 pkt,Rs.1 Rasna Pkt,24.0
rasna box Rs.6 (40p),Rs.6 ரஸ்னா  (40p) box,200.0
lollipop bottle Rs.1 pkt,Rs.1 bottle லாலிபாப் pkt,80.0
cone jar Rs.1,Rs.1 Cone Jar,75.0
price attai Rs.5,Rs.5 குளுக்கல்  அட்டை  ,200.0
bottle candy Rs.1 jar,Rs.1 Bottle Candy Jar,96.0
bottle candy Rs.2 jar,Rs.2 Bottle Candy Jar,200.0
multhani matti powder 50g,50g முல்தானிமட்டி,25.0
lizol citrus 200ml Rs.45,200ml லைசால்  citrus,48.0
lizol floral 200ml Rs.45,200ml லைசால் floral,48.0
santoor sandal Rs.10,Rs.10 சந்தூர் சோப்பு,10.0
harpic red 500ml Rs.110,500ml ஹார்பிக் சிகப்பு,110.0
jelly stick Rs.1 pkt,Rs.1 Jelly Stick pkt,50.0
colgate salt 100g Rs.145,100g கோல்கேட்சால்ட்,145.0
colgate strong 200g Rs.135,200g கோல்கேட் ஸ்ட்ராங் ,135.0
nei Skc 50ml,50ml Skc நெய் pkts,46.0
nei SKC 100ml,100ml SKC நெய்,94.0
hamam soap 100g*4p,100g*4p ஹமாம் சோப்,164.0
xll powder easywash 500g Rs.89,500g சர்ப் எக்சல் EW பவுடர் Rs. 89,89.0
colgate salt 200g Rs.145,200g கோல்கேட்சால்ட்,145.0
kannan (mango pickle) Rs.5 saram,க.மா.ஊறுகாய் ரூ.5 சரம்,55.0
kannan (lime pickle) Rs.5 saram,க.லெமன் ஊறுகாய் ரூ.5 சரம்,55.0
kannan (garlic pickle) Rs.5 saram,க.பூ.ஊறுகாய் Rs.5 சரம்,55.0
kannan (vathal kulambu paste) Rs.5 saram,க.வத்தல் குழம்பு பேஸ்ட்  Rs.5 சரம்,55.0
nei Skc 50ml jar,50ml Skc நெய் jar,51.0
milk maid tin Rs.147,440g மில்க்மெய்டு டின்  Rs.147,149.0
amurthanjan Rollon Rs.65,amurthanjan Rollon Rs.65,65.0
lion dates Qyno cup 500g Rs.149,lion dates Qyno cup 500g Rs.149,149.0
lion dates Qyno cup 250g Rs.75,lion dates Qyno cup 250g Rs.75,75.0
vicks jar Rs.125,Rs.125 விக்ஸ் jar,125.0
vicks vaporub 25g Rs.109,25g விக்ஸ் வேபோரப் Rs.109,109.0
whisper ultra XL+ green Rs.90 (7P),Rs.90 விஸ்பர் அல்ட்ரா  XL+ green (7P),90.0
arial (T&L) 1L Rs.165 pkt,1L ஏரியல் (T&L) pkt Rs.165,165.0
arial (F&L) 1L Rs.190 pkt,1L ஏரியல் (F&L) pkt Rs.190,190.0
arial complete+ 700g Rs.160,700g ஏரியல் complete + (free),160.0
dp pampers Rs.399 (XXL) 14ps,Rs.399 பேம்பர்ஸ் (XXL) 14ps,399.0
vinegar tastyrite 600ml,600ml வினிகர் ,45.0
jelly cup Rs.1 pkt,Rs.1 Jelly cup pkt,38.0
bigo stick wafer sticks Rs.90 ,bigo stick wafer sticks Rs.90 ,90.0
maaza 200ml Rs.20,200ml Maaza,20.0
semiya true cutting 900g Rs.80,900g TRUE  கிச்சடிசேமியா,80.0
indulekha shampoo 340ml Rs.486,340ml இந்துலேகா ஷாம்பு,486.0
indulekha shampoo 200ml Rs.243,200ml இந்துலேகா ஷாம்பு,243.0
close up paste 150g Rs.125,close up paste 150g Rs.125,125.0
cd paper boat 250ml Rs.20,250ml Paper Boat,20.0
cd paper boat 125ml Rs.10,125ml Paper Boat,10.0
cd b natural 980ml Rs.100,980ml B-Natural  ,100.0
shower to shower 150+50g Rs.145,150+50g Shower to Shower,145.0
bb pinzo watch brand (14p) Rs.5,Rs.5 pinzo watch brand (14p) saram,70.0
vicco turmeric skincream 15g ,15g வீக்கோ டர்மரி skin cream,80.0
vicco turmeric skincream 30g ,30g வீக்கோ டர்மரி skin cream,140.0
rasna box Rs.6 (50p),Rs.6 OHO ரஸ்னா  (50p) box,300.0
dairymilk silk heart blush Rs.180,Rs.180 டைரிமில்க் சில்க் heart blush,180.0
dettol soap cool 125g Rs.67,125g  டெட்டல் சோப் கூலஂ,67.0
dettol soap og 125g Rs.67,125g  டெட்டல் சோப் org,67.0
dettol soap og 125g*3p Rs.180 ,125g*3p டெட்டல் சோப் ஒரிஜினல் ,180.0
chandrika soap 75g Rs.32,75g சந்திரிகா சோப்,32.0
chandrika soap 125g Rs.49,125g சந்திரிகா சோப்,49.0
vicks vaporub e.strong 25ml Rs.125,25ml விக்ஸ் வேபோரப் E.Strong ,125.0
vicks vaporub e.strong 10ml Rs.55,10ml விக்ஸ் வேபோரப் E.Strong,55.0
vicks mini rollon 2p Rs.130,Vicks Rollon 2p,130.0
gt gillete venus skin love Rs.150 ,Rs.150 Venus Skin Love ,150.0
cone box Rs.2,Rs.2 Cone Box,150.0
bun cake box Rs.2,Rs.2 Bun Cake Box,150.0
medimix ayurvedic 75g Rs.32,75g மெடிமிக்ஸ் ஆயுர்வேதிக் சோப்,32.0
medimix santol set 75g Rs.114,75g மெடிமிக்ஸ் சோப்பு சாண்டல் செட்,114.0
bb kolo masala puff Rs.5,Rs.5 kolo masala puff,5.0
close up paste 90g Rs.64,90g Close Up Paste ,64.0
close up paste 150g (1+) Rs.230,close up paste 150g (1+) Rs.230,230.0
close up paste 150g (1+1) Rs.240,150g (1+1) Close Up Paste Rs.240,240.0
ponds wb cream Rs.10,Rs.10 Ponds BB Cream,10.0
xll LIQ (F/L) mtr 1L Rs.250,Surf Xl Mtr Liq (F/L) 1L,250.0
xll LIQ (T/L) 1L Rs.220,1L சர்ப் எக்சல் (T/L) mtr ,225.0
boost rifil 500g Rs.255 ,500g Boost Pkt,255.0
oil idhyam 50ml nalannai,50ml இதயம் (ந.எ) pkt,24.0
bru tripti 200g Rs.220,200g புரூ tripti Rs.220,225.0
cinthol cool 100g Rs.50,100g சிந்தால் cool,50.0
cinthol black 100g,100g சிந்தால் black,50.0
cinthol original soap 75g Rs.41,75g Rs.41 சிந்தால் சோப் (og),41.0
cinthol block 100g Rs.48,cinthol block 100g Rs.48,48.0
cookes Rs.5 box,cookes Rs.5 box,300.0
EXO round box 500g Rs.60,500g EXO Round box,60.0
vivel lotus 100g Rs.33,100g Vivel Lotus,33.0
salt biscuit pkt Rs.20,சால்ட் பிஸ்கட் pkt,20.0
varikki nei pkt Rs.40,நெய் வரிக்கி pkt,40.0
salt biscuit jar Rs.5,Rs.5 சால்ட் பிஸ்கட் jar,200.0
bb tedhe medhe chatpata orange Rs.5,Rs.5 டெடி மிடி குர்குரே ஆரஞ்சு (12),5.0
cd paper boat 600ml Rs.40,600ml Paper Boat,40.0
cd kalimark rose milk,காளிமார்க் ரோஸ் மில்க் ,35.0
amulya powder 200g,200g அமுல்யா பால் பவுடர்,95.0
amulya powder rifill 500g,500g அமுல்யா பால் பவுடர் rifill,245.0
coffee kumbakonam degree 250g ,250g கும்பகோணம் டிகிரி காபி  pkt,275.0
chilli sauce gold 650gml bottle,650ml கோல்ட் சில்லி சாஸ்,55.0
tomato sauce gold 950ml,950ml டொமடோ சாஸ் பாட்டில்,70.0
mayonnaise foodrite 100g,100g மயோன்னைஸ்,45.0
nycil cool sandal 50g Rs.50,Rs.50 நைசில் கூல் ,50.0
mysore sandal 450g combo,450g மைசூர் சான்டால் சோப் combo,243.0
chikkan super masala 65 50gm,50g ஆச்சி சூப்பர் சிக்கன் 65 மசாலா ,20.0
vicks Roll on Rs.65,Rs.65 Vicks Roll On,65.0
whisper choice XL Rs.50,Rs.50 விஸ்பர் Choice Ultra XL 6P,50.0
arial liq FL 2.5ml Rs.612,2.5lt ஏரியல் liq FL,612.0
tide powder 1kg Rs.168,1kg டைடு பவுடர் ,168.0
him neem & termaric 75g Rs.35,75g ஹிமாலயா சோப் neem & termaric,35.0
him neem & termaric 75g Rs.38,75g ஹிமாலயா நீம் சோப்,38.0
him honey soap 125g Rs.64,125g ஹிமாலயா ஹனி சோப்,64.0
mouthwash listerine 80ml Rs.60,80ml Listerine Mouthwash ,60.0
mouthwash sensodynr 100ml Rs.130,100ml Sensodynr Mouthwash,130.0
dettol handwash 200ml Rs.99,200ml Dettol Handwash (W) free,99.0
dettol handwash 100ml Rs.30,100ml Dettol Handwash (org) ,30.0
nannari sarpath bottel Rs.110,Rs.110 நன்னாரி சர்பத் பாட்டல் ,110.0
wafer sticks jar Rs.60,Rs.60 wafer sticks jar ,60.0
price attai Rs.1,Rs.1 குளுக்கல்  அட்டை  ,500.0
bb pinzo pasta (14p) Rs.5,Rs.5 Pinzo Pasta (14p) saram,70.0
bb pinzo dargon (14p) Rs.5,Rs.5 Pinzo dargon (14p) saram,70.0
bb maxvita masala miracle (green) 14p ,Rs.5 Maxvita பச்சை சரம் (14p) ,70.0
bb maxvita cream&onion (green) 14p ,Rs.5 Maxvita பச்சை சரம் (14p) ,70.0
bb maxvita masala miracle (blue) 14p ,Rs.5 Maxvita நீலம் சரம் (14p) ,70.0
bb maxvita tomato ketch (red) 14p ,Rs.5 Maxvita சிவப்பு சரம் (14p) ,70.0
bb maxvita tomato tangl (red) 14p ,Rs.5 Maxvita குர்குரே சிவப்பு சரம் (14p) ,70.0
kalla mittai jar vct Rs.2 ,Rs.2 கள்ளமிட்டாய் VCT jar,200.0
popcorn Rs.5 saram (12p), Rs.5 பாப்கான் சரம் (12p),60.0
mysore pak jar Rs.5,Rs.5 Mysore Pak Jar ,300.0
bb popcorn Rs.5 saram (12p),Rs.5 பாப்கான் சரம் (12p),60.0
semiya true (pa) 900g,900g True சேமியா பாயாசம்,80.0
semiya true (pa) 400g,400g True சேமியா பாயாசம்,43.0
lifebuoy soap total 125g Rs.38,125g லைபாய் total சோப்,38.0
drain cleaner 50g Rs.25,50g பிதாம்பரி Drain Cleaner ,25.0
dermicool powder 150+50g Rs.145,150g+50g Dermicool Powder,145.0
cd ginger soda (1k),BRO ஜிஞ்சர் சோடா  (1k),300.0
cup cake britannia saram Rs.5,Rs.5 britannia கப் கேக் சரம் (14p),70.0
oil idhyam nalannai 200ML,200ml இதயம் (ந.எ) bottle,85.0
shining powder sakthi gold 50g,50g சக்தி சைனிங் பவுடர்,15.0
meera onion 180ml Rs.180,180ml மீரா ஷாம்பூ ஆனியன்,180.0
z talc powder icon blue 50g,50g Z டால்க் பவுடர் blue,65.0
z talc powder icon blue 100g,100g Z டால்க் பவுடர் blue,99.0
z talc powder classic red 50g,50g Z Talc Classic பவுடர் Red,75.0
z talc zest 50g Rs.125,50g Z Zest Talc ,125.0
z talc powder classic red 200g,200g Z Talc Classic பவுடர் Red,230.0
colgate brush saram offer Rs.20,Rs.20 கோல்கட் பிரஷ் சரம்,220.0
Eye ball jar Rs.5,Rs.5 Eye Ball jar,150.0
atm chips saram Rs.5,Rs.5 ATM Chips சரம் ,60.0
bb atm chips saram Rs.5,Rs.5 ATM Chips சரம் ,60.0
rose rollcake box Rs.5,Rs.5 Rose Cake Box ,60.0
Fruit candy Rs.1 jar,Rs.1 Fruit Candy  jar,250.0
ora chocozay box Rs.200,Rs.200 Ora Chocozay Box,200.0
water 300ml 30psவாட்டர் பாக்ஸ்,water 300ml 30psவாட்டர் பாக்ஸ்,240.0
lifebuoy soap Rs.38,Rs.38 லைபாய் சோப்,38.0
moong tal haldirams Rs.5 saram,Rs.5 மூங் டால் TOO YMMYசரம்,60.0
bb snac lite saram Rs.5,Rs.5 Snac Lite சரம் (12p),60.0
then mittai box rs.35,Rs.35 தேன் மிட்டாய் box,35.0
kinder joy Rs.50,Rs.50 கிண்டர் ஜாய்,50.0
oral b clove 3's pkt Rs.99,Rs.99 oral b clove 3's pkt ,99.0
oral b brush Bacteria fit 6's pkt Rs.135 ,Rs.135 ஓரல் பி B&F 6's pkt,135.0
oral b brush Neem 4's pkt Rs.120 ,Rs.120 oral b brush Neem 4's pkt ,120.0
train toy Rs.5,Rs.5 Train Toy box,200.0
choco beans miniez Rs.2 jar,Rs.2 Choco Beans Miniez Jar,200.0
lollipop iris Rs.5 jar,Rs.5 IRIS லாலிபாப்  jar,250.0
jelly Frypop Rs.5,LIGHT LOLLIPOP,150.0
theepam yennaie 500ml battel,500ml தீபம்எண்ணெய் battel,70.0
taaza gold tea shop 500g,1kg Taaza கோல்டு டீ (ஹோட்டல் ),285.0
naattu sakkara gulas 1kg pkt,Gulas நாட்டு சக்கர 1Kg pkt,105.0
dp pampers Rs.25 (m) 2s,Rs.25 பேம்பர்ஸ் (m) 2s,25.0
dabur red paste 100g Rs 72,100g டாபர்ரெட் பேஸ்ட்Rs.72,72.0
nippo battery AA Rs.10,nippo battery AA Rs.10,10.0
nippo battery AAA Rs.10,nippo battery AAA Rs.10,10.0
dp teddyy newborn 9s Rs.99,dp teddyy newborn 9s Rs.99,99.0
dp teddyy (s) 5ps Rs.52,dp teddyy (s) 5ps Rs.52,52.0
water 1.ltr 15ps box ,1.ltr வாட்டர் 15ps 1பாக்ஸ்,240.0
brown sheet small,"பிரவுன் ஷீட் சின்னது 16""",40.0
brown sheet big,"பிரவுன் ஷீட் பெருசு 22""",60.0
brown sheet pvc ,பிரவுன் ஷீட் PVC,60.0
kamar kattu small jar Rs.1,Rs.1 கமர்கட்டு  jar,60.0
tape roll premier Rs.7,Rs.7 Premier Tape Roll,7.0
cutting knife premeir Rs.10,Rs.10 Premeir Cutting Knife,10.0
water 1ltr biswind 15ps box,water 1ltr biswind 15ps box,300.0
lollipop Rs.2 pkt,Rs.2 லாலிபாப் pkt,150.0
vanaspathi dalda ruchi 1.ltr,1L ருச்சி டால்டா,123.0
oil sunrich SF bottle 1L,1லி சன்ரிச் SF bottle,137.0
mezhuvarthi Rs.6 pkt,Rs.6 மெழுகுவர்த்தி box,60.0
baby bottle cleaning brush Rs.60,Rs.60 baby bottle cleaning brush ,60.0
baby fruit nibbler Rs.219,Rs.219 baby fruit nibbler,219.0
ravai samba elite green 500g,500g பச்சை எலைட் bro ரவை,52.0
soya sauce chellam 700g Rs.70,700g செல்லம்  சோயா சாஸ் பாட்டில்,70.0
chilli sauce chellam bottle 700g Rs.70,700g செல்லம் சில்லி  சாஸ் பாட்டில்,70.0
sambar podi sakthi 20g Rs.12,20g சக்தி சாம்பார் பொடி,12.0
chikkan masala sakthi 20g Rs.12,20g சக்தி சிக்கன் மசாலா,12.0
avt gold cup riff 250g Rs.213,250g Avt Gold Cup Riff,213.0
Eclairs milk jar Rs.1,Rs.1 milk Eclairs jar ,200.0
Eclairs yawin Rs.100 pkt,Rs.100 haries  Eclairs  pkt,100.0
football jar Rs.1,Rs.1 Football Jar,100.0
storm max blead Rs.24,Rs.24 Storm Max Blead,24.0
note youva (L) 160p Rs.70 (ruled),Youva Note (L) 160p Rs.70 (Ruled),70.0
note youva (L) 160p Rs.70 (unruled),Youva Note (L) 160p Rs.70 (unRuled),70.0
note youva (L) 92p Rs.42 (ruled),Youva Note (L) 92p (Ruled),42.0
note youva (L) 92p Rs.42 (unruled),Youva Note (L) 92p (UnRuled),42.0
note youva 6(L) 316p Rs.155 (ruled),Youva Note (L) 312p (Ruled),155.0
note youva (L) 172p Rs.32 (ruled),Youva Note (L) 172p (Ruled),32.0
note youva (L) 172p Rs.32 (unruled),Youva Note (L) 172p (UnRuled),32.0
note youva (L) 316p Rs.155 (ruled),Youva Note (L) 312p (Ruled),155.0
bb too yumm saram Rs.5,Rs.5 Too yumm ! சரம் ,75.0
dabur amla hair oil 75ml Rs.20,45ml டாபர் அம்லா ஹேர் ஆயில் ,20.0
oil idhayam nallannai 200ml pkt , 200ml இதயம் (ந.எ) pkt ,85.0
nei SKC 5L tin,5L SKC நெய் டின்,3750.0
oil idhayam nallannai 50ml Rs.22,50ml இதயம் (ந.எ) ,23.0
xll powder easywash 1kg Rs.178,1kg சர்ப் எக்சல் EW பவுடர்,178.0
taaza gold (tea) 500g Rs.135,500g Taaza கோல்டு டீ,135.0
mayonnaise hellmanns 375g,375g Hellmann's மயோன்னைஸ்,100.0
soya dark sauce knorr pkt 200g Rs.60,200g knorr Dark சோயா சாஸ் pk,60.0
chilli sauce red knorr 200g Rs.60,200g Knorr ரெட் சில்லி சாஸ்,60.0
chilli sauce green krorr 200g Rs.60,200g Knorr green சில்லி சாஸ்,60.0
ujala 75ml  Rs.32,75ml உஜாலா,32.0
vathaL kulambu paste Rs.5,Rs.5 வத்தல் குழம்பு பேஸ்ட்,5.0
kannan vathal kulambu paste Rs.5,Rs.5 வத்தல் குழம்பு பேஸ்ட் saram ,55.0
pencil apsara box Rs.50,ரூ50 அப்சரா பென்சில் Box,50.0
pencil apsara box Rs.60,ரூ.58 அப்சரா பென்சில் platinum,58.0
yardley gold talc 100g Rs.135,100g யார்ட்லி பவுடர் கோல்ட் ,135.0
yardley gentleman talc 100g Rs.135,100g யார்ட்லி பவுடர் Gentleman ,135.0
yardley sandal talc 100g Rs.135,100g யார்ட்லி பவுடர் Sandalwood,135.0
yardley english lavender talc 100g Rs.135,100g யார்ட்லி பவுடர் Eng Lavender,135.0
yardley body spray 150ml Rs.225,150ml Yardley Body Spray ,225.0
parachute oil 25ml Rs.10,Rs.10 பாராசூட் jar,10.0
parachute oil 50ml Rs.20,38ml பாராசூட் jar,20.0
parachute bottle 175ml Rs.61,175ml பாராசூட் ஜார்,61.0
kashmiri chilli 20g Rs.20,20g ஆச்சி காஷ்மீரி சில்லி,20.0
parachute jasmine 90ml,90ml பாராசூட் ஜஸ்மின்,43.0
parachute jasmine 190ml,190ml பாராசூட் ஜஸ்மின்,89.0
note youva (s) 84p Rs.20 (4L),Youva Note (s) 84p (4-L),20.0
note youva (s) 76p Rs.20 (2-L),Youva Note (s) 84p (2-L),20.0
note youva (s) 84p Rs.20 (ruled),Youva Note (s) 84p (Ruld),20.0
swan eraser Rs.1 ,ரூ.1 SWAN ரப்பர் பாக்ஸ்,20.0
santoor soap 100g  Rs.37,100g சந்தூர் சோப்பு சந்தனம் ,37.0
jothi appalam poo 100g,100g அப்பளப்பூ ஜோதி ,35.0
oil idhayam nallennai 500ml Rs.211,500ml இதயம் (ந.எ) bottle,211.0
oil idhayam nallannai 30ml,30ml இதயம் (ந.எ) pkt,15.0
note youva (s) 172p Rs.32 (ruled),Youva Note (s) 172p (Ruled),30.0
cup cake jar Rs.5,Rs.5 Cup Cake jar,200.0
Fruit candies jar Rs.1,Rs.1 Nyra Fruit Candies Assorted Jar,200.0
biscuit nuts box Rs.5,Rs.5 Nuts Biscuits box,60.0
orange mittai mini jar Rs.20,Rs.20 ஆரஞ்சு மிட்டாய் mini jar,20.0
Eye ball jar Rs.2,Rs.2 Eye Ball jar,300.0
complan 200g choco jar Rs.149,200g காம்ப்ளான் jar,146.0
Flex kwik 20g Rs.60,20g ஃப்ளெக்ஸ் க்விக்,60.0
navarathina oil 45ml Rs.45,45ml நவரத்தின Oil,47.0
navratna oil 90ml,90ml நவரத்தின oil,85.0
note youva L-stellar 160p Rs.75 (ruled),Youva Note L-Stellar 160p (Ruled),75.0
domex floor cleaner 500ml Rs.114,500ml டோமெக்ஸ் Floor Clear ,114.0
Fair & lovely face wash 50g  Rs.30,50g Glow & lovely Face Wash,79.0
Fair & lovely face wash 50g  Rs.79,50g Glow & lovely Face Wash,79.0
hamam soap turmeric 100g Rs.45,100g ஹமாம் சோப் மஞ்சள் ,45.0
hamam 100g+pep free,100g ஹமாம் சோப் free pep,41.0
ponds  wb crm 15g Rs.55,15g பாண்ட்ஸ் Bright Beauty,55.0
pears alov vera 100g Rs.50 ,100g பியர்ஸ் Alovvera,50.0
pears pomegranate 100g Rs.50 ,100g பியர்ஸ் மாதுளை  ,50.0
Rin powder 1kg Rs.122,1kg ரின் பவுடர் Rs.122,122.0
pepsodent gc 100g Rs.69,100g Pepsodent,69.0
pepsodent whitening 100g Rs.62,100g pepsodent whitening paste,62.0
meera shampoo(a&d) 180ml Rs.205,meera shampoo(a&d) 180ml Rs.205,205.0
spinz bb (face talc) 35g,35G Spinz bb Face talc,65.0
denver (G) 165ml Rs.230,165ml டென்வர் டியோ (G) ,230.0
denver TALC (G) 100G Rs.99,100G டென்வர் Talc (G),99.0
cd kalimark golisoda 250ml,250ml கோலி சோடா காளிமார்க் ,35.0
paani poori kit 155g Rs.49,155g ஆச்சி  பாணி பூரி கிட்,49.0
candyman choco eclairs Rs.50,Rs.50 Candyman Choco Eclairs pkt,50.0
candyman choco couble 350g Rs.100,350g Candyman Choco Double Eclairs,100.0
pen asmi fountain Rs.40,Asmi Fountain Pen Rs.40,40.0
him baby shampoo 100ml Rs.110,100ml ஹிமாலயா பேபி சாம்பு,110.0
him baby shampoo 200ml Rs.205,200ml ஹிமாலயா பேபி சாம்பு,220.0
him baby gentle soap 75g Rs.65,75g ஹிமாலயா பேபி பாதாம் சோப் ,65.0
him baby gentle soap 125g Rs.95,125g ஹிமாலயா பேபி பாதாம் சோப் ,95.0
nayagi pickle (1+1) 200g Rs.85,200g நாயகி ஊறுகாய் (1+1),85.0
manjal thool nayagi 50g,50g நாயகி மஞ்சள்தூள் ,18.0
manjal thool nayagi 100g,100g நாயகி மஞ்சள்தூள் ,25.0
Mr.gold gingelly oil 100ml jar,100ml Mr.கோல்டு நா.எண்ணெய் jar,50.0
kallamavu leader 200g pkt ,200g leader கள்ளமாவு ,26.0
knife pen saram rs.3,Rs.3 Pen Knife சரம்,30.0
vatika 75ml Rs.40,75ml Vatika Hair Oil,40.0
anil samba ravai 500g rs.88,500g அணில் சம்பா ரவை,86.0
sunrice jar 50g rs.150,50g சன் ரைஸ்,150.0
vicco tooth powder 50g Rs.70,50g விக்கோ tooth powders,70.0
Rin liquid F/L 850ml Rs.165,850ml ரின் Liquid F/L,165.0
revive liquid stiffener 95ml,95ml Revive Liquid Stiffener,38.0
revive liquid stiffener 200ml,200g Revive Liquid Stiffener,81.0
sensodyne fresh gel 40g Rs.90,40g Sensodyne fresh gel ,90.0
sensodyne fresh mint 40g Rs.90,40g Sensodyne fresh mint ,90.0
sensodyne deep clean 40g Rs.90,4og Sensodyne Deep Clean,90.0
sensodyne rap relief 40g Rs.110,40g Sensodyne Rap Relief,110.0
sensodyne freshgel 75g Rs.135,75g Sensodyne Freshgel,135.0
sensodyne freshmint 75g Rs.135,75g Sensodyne Freshmint,135.0
sensodyne fresh mint 150g Rs.240,150g Sensodyne Fresh Mint (w) free,252.0
sen brush (2+1) Rs.130,RS.130 Sen Brush (2+1) ,140.0
sen brush Rs.35,Sensodayne RS.35 பிரஷ் சரம்,35.0
sen brush Rs.65,Rs.65 Sensodyne Brush,65.0
sen rap relif 80g Rs.200,80g sensodyne (rap relif),200.0
sen repair & pro 70g Rs.215,70g Sensodyne Repair & Pro ,215.0
medimix clacic 125g Rs.50,125g மெடிமிக்ஸ் கிளாசிக்,50.0
Eyecap jar Rs.95,Rs.99 கண் மருந்து டியுப் ஜார்,99.0
avt gold cup 250g jar.RS.230,250g AVT gold cup jar,230.0
pen atta Rs.6,Rs.6 பேனா அட்டை,300.0
Mr.gold coconut oil 1L pkt,1L Mr.கோல்டு தே.எண்ணெய் pkt,295.0
nei avt Rs.10,Rs.10 AVT நெய்,10.0
horlicks lite jar 450g Rs.349,450g lite ஹார்லிக்ஸ் Jar,310.0
horlicks junior jar 500g Rs.330,500g Horlicks Junior Jar,345.0
tomato ketchup kissan 415g rs.50,415g Kissan டொமாடோ கெட்ச்அப் ,50.0
horlicks junior jar 400g Rs.330,400g Horlicks Junior Jar,330.0
pepsodent 2*150g Rs.186,150g * 2 Pepsodent,186.0
lion dates Qyno 250g (1+1) Rs.99,250g லயன் டேட்ஸ் Qyno (1+1),94.0
mattan masala Rs.12,Rs.12 ஆச்சி மட்டன் மசாலா,12.0
oil jvs kadala 1ltr,1L JVS கடலை எண்ணெய்,255.0
pen red pkt rs.6,Rs.6 ballpen pkt,30.0
pen black pkt rs.6,Rs.6 Black Pen Pkt,30.0
yippee noodles Rs.84,Rs.84 Yippee Noodles,84.0
maggi masala rs.5,Rs.5 Maggi மசாலா,5.0
cinthol original soap 150g Rs.78,150g  சிந்தால் (og),78.0
moove cream 20g Rs.110,20g  மூவ் கிரிம்,110.0
Eno Regular box rs.10,Rs.10 Eno Regular box,300.0
Eno orange box rs.10,Rs.10 Eno Orange box,10.0
Eno lemon box rs.10,Rs.10 Eno Lemon box,600.0
sofy anti bacteria xl (7p) rs.70,Sofy Anti Bacteria xl (7p),70.0
kannan (citirs pickle) Rs.5 saram,க.நர்தை ஊறுகாய் ரூ.5 சரம்,55.0
dettol soap cool 40g rs.40,100g டெட்டல் சோப் கூலஂ,40.0
dettol soap cool 150g Rs.67,150g  டெட்டல் சோப் கூலஂ,67.0
dettol soap cool set 75g rs.165,75g டெட்டல் சோப் கூலஂ செட் ,165.0
dettol soap og 100g Rs.40,100g டெட்டல் சோப் org,40.0
dettol soap og 100g Rs.67,100g டெட்டல் சோப் ஒரிஜினல்,67.0
dettol soap og set 75g rs.165,75g டெட்டல் சோப் ஒரிஜினல் செட்,165.0
Aachi payasam mix 180g (1+1) rs.175,1+1 ஆச்சி பாயசம் 180g,129.0
dettol soap cool 100g rs.40,100g டெட்டல் சோப் கூலஂ,40.0
dettol soap og 150g Rs.67,150g  டெட்டல் சோப் org,67.0
kundu ulutham idham 500g,500g இதயம் குண்டு உளுந்து,96.0
vathi bansuri Rs.60,Rs.60 பான்சுரி  சைக்கிள் வத்தி,60.0
vicks pkt Rs.2,Rs.2 விக்ஸ் pkt,140.0
more light washing powder 4kg Rs.499,4kg மோர் லைட் பவுடர்,499.0
chandrika soap 125g*3 Rs.150,125g*3 சந்திரிகா சோப்பு ,150.0
puli mark seekaie 100g,100g Spl புலிமார்க் சீக்காய்,43.0
dp pampers Rs.30 (L) 2ps,Rs.30 Pampers (L),30.0
Fruit candies Nyra jar Rs.1,Rs.1 Nyra Fruit Candies Jar,200.0
Fruit candies mango Nyra jar Rs.1,Rs.1 Nyra Mango Fruit Candies  Jar,200.0
lollipop free fire box Rs.5,Rs.5 Free Fire லாலிபாப் box,150.0
lollipop kulfi pop jar Rs.2,Rs.5 kulfi pop லாலிபாப் jar,200.0
lux soap rose 100g Rs.38,100g லக்ஸ் சோப்பு ரோஸ்,38.0
ravai naga 500g rs.48,500g நாகா ரவை ,48.0
bajji mavu naga 200g rs.40,200g நாகா பஜ்ஜி மாவு,40.0
maitha naga 200g rs.20,200g நாகா மைதா ,20.0
bb pinzo Back 2 school (14p) Rs.5,Rs.5 Pinzo Back 2 School (14p) saram,70.0
dairymilk crispello Rs.30,Rs.30 டைரிமில்க் Cri,35.0
pen cello butterflow rs.10,Rs.10 cello butterflow pen,10.0
bajji mavu GRB 200g rs.39,200g GRB பஜ்ஜி மாவு,39.0
godrej expert cream Rs.20,Rs.20 Godrej Expert rich Cream,20.0
bb kenty's Rs.5 saram,Rs.5 kenty's சரம்  (12p),60.0
pen cello blue pkt Rs.7,Rs.7 Blue finegrip Pen pkt,35.0
pen cello black pkt Rs.7,Rs.7 Cello finegrip Black Pkt,35.0
pen cello red pkt Rs.7,Rs.7 Red pen Pkt,35.0
pen cello geltech Rs.10,Rs.10 Cello Geltech,10.0
maggi noodles Rs.52,Rs.52 மேகி  நூடுல்ஸ் ,52.0
narasus  100gm,நரசுஸ்  100gm,74.0
veet 30g,30g வீட்,109.0
tomato sauce 750gm chellam,Tomato Sauce 750gm chellam,75.0
orange mittai SVC jar Rs.200,Rs.200 SVC ஆரஞ்சு மிட்டாய்  jar,200.0
nice cake box Rs.5,Rs.5 நைஸ் கேக்,150.0
pal cova jar Rs.5,Rs.5 பால் கோவா jar,150.0
kinder joy chaturam box Rs.5,Rs.5 Chaturam கிண்டர் ஜாய் box,200.0
xll powder pai Rs.3,Rs.3 சர்ப் எக்சல் பவுடர் பை,216.0
atta elite chakki 2+1kg pkt ,2+1kg   எலைட் ஆட்டா,145.0
boost Rs.3,Rs.3 பூஸ்ட் ,3.0
mezhuguvarthi box Rs.3,Rs.3 மெழுகுவர்த்தி box,35.0
semiya naga kitchati 180g,செவ்ரைட் கிச்சடி சேமியா180g,22.0
soodam om shanthi box Rs.50,Rs.50 ஓம் சாந்தி சூடம் டப்பா,50.0
soodam om shanthi box Rs.90,Rs.90 ஓம் சாந்தி சூடம் டப்பா,90.0
HH gum youva jar Rs.5 ,Rs.5 Youva Gum ,5.0
him baby nourishing soap 75g Rs.65,75g ஹிமாலயா பேபி ஹனி சோ,65.0
him baby Refreshing soap 75g Rs.65,75g ஹிமாலயா பேபி Refreshing சோப் ,65.0
him baby Refreshing soap 125g Rs.95,125g ஹிமாலயா Refreshing பேபி  சோப் ,95.0
him baby moisturizing 75g Rs.65,75g ஹிமாலயா Moisturizing பேபி,65.0
him almond rose soap 125G rs.64,125g ஹிமாலயா பாதாம் ரோஸ்  சோப்,64.0
oil idhayam mantra (M) 1.ltr bottle Rs.246,1.ltrஇதயம்மந்த்ரா (ம) bottle,246.0
oil idhyam nalannai bottle 200ML Rs.87,200ml இதயம் (ந.எ) bottle,83.0
theepam yennaie 500ML bottle,500ml தீபம் எண்ணெய் bottle,100.0
bb noodles sauce (14) saram,Rs.5நூடுல்ஸ் சாஸ் சரம்14ps,70.0
HH exam board youva Rs.100,Rs.100 Youva Exam Pad,100.0
gum tube Youva Rs.5,Rs.5 Youva Gum Tube ,5.0
note youva pkt dairy Rs.5,Rs.5 Youva Pkt Dairy,5.0
HH gum youva Rs.5 ,Rs.5 Youva Gum ,5.0
lollipop kulfi pop box Rs.5,Rs.2 kulfi pop லாலிபாப் box,150.0
vatika 90ml Rs.40,90ml Vatika Hair Oil,40.0
ponds dream 200g rs.225,200g பாண்ட்ஸ் ட்ரிம் பவுடர்,225.0
ponds magi 100g Rs.145,100g  பாண்ட்ஸ் magick,145.0
ponds magic 100g Rs.145,100g பாண்ட்ஸ் magic,145.0
ponds megic 50g rs.75,50g பாண்ஸ் megic பவுடர்,75.0
ponds sandal 100g Rs.145,100g  பாண்ட்ஸ் சண்டெல்,145.0
ponds sandal 50g Rs.75,50g  பாண்ட்ஸ் சண்டெல்,75.0
domex toilet cleaner 90g Rs.10,90g டோமெக்ஸ் Toilet Clear ,10.0
theepam yennaie 900ml Rs.210,900ml தீப் சக்தி தீபம் எண்ணெய் battle ,210.0
alpenliebe eclairs jar Rs.202,Rs.202 அல்பென்லிபே Eclairs,202.0
alpenliebe gold jar Rs.200,Rs.200  அல்பென்லிபே Gold,200.0
gopal palpodi Rs40,50g கோபால் பல்பொடி,50.0
slate pencils anil rs.15,அணில்  ஸ்லேட் பென்சில் ,15.0
HH camlin Exam sharpner .5rs,HH camlin Exam sharpner .5rs,5.0
HH camlin Exam sharpner 5rs box,HH camlin Exam sharpner 5rs box,100.0
Eclair CADBERRY 120 MRP,எக்லஸ் கேட்பெரி 120 MRP,120.0
 CADBURY choclairs  Rs.1 pkt, CADBURY choclairs  Rs.1 pkt,60.0
 CADBURY choclairs RS 1 MRP 60,கேட்பெரி சாக்லேட் MRP 60RS ,60.0
 CADBERRY CHOCLAIRS 120 MRP,கேட்பெரி சாக்லேலேட் MRP120,120.0
CADBERRY CHOCLAIRS 120 MRP,CADBERRY CHOCLAIRS 120 MRP,120.0
CADBURY choclairs RS 1 MRP 60,CADBURY choclairs RS 1 MRP 60,60.0
Led olir 9w,9W Olir Led Bulb ,189.0
Tide Blue Bar 1kg,Tide Blue Bar 1kg,125.0
tide soap 4+1,4+1 Tide Soap ,125.0
choco chic jar rs.2,Rs.2 Choco Chic Jar,250.0
santhana paste 60g Mrp 60,60g சந்தன பேஸ்ட்,60.0
free fire jam,free fire jam,150.0
thenka purfi 2rs,தேங்காய் பர்பி RS 2 JAR,150.0
tea biscut jar rs 200,டீ பிஸ்கட் jar rs 200,200.0
salt compo pkt,3 in 1 சரவணா சால்ட் காம்போ ,30.0
bru 50gm Rs135,50g புரூ காபி pkt,135.0
lux soap white Rs38,lux soap white Rs38,38.0
att than nalli attai Rs.10,Rs.10 தேன் நல்லி அட்டை ,100.0
att munthiri dates attai Rs.10,Rs.10 முந்திரி பேரிச்சை அட்டை,100.0
att cherry pazham attai Rs.10,Rs.10 செரி பழம் அட்டை ,100.0
att dates attai Rs.10,Rs.10 பேரிச்சை அட்டை,100.0
att alpakoda pazham attai Rs.10,Rs.10 ஆல்பகோட பழம் அட்டை,100.0
att mixed dry fruit attai Rs.10,Rs.10 Mixed Dry Fruit அட்டை ,100.0
att badham attai Rs.10,Rs.10 பாதாம் அட்டை,100.0
att munthiri roasted attai Rs.10,Rs.10 வருத்த முந்திரி அட்டை ,100.0
mixed dry fruit box Rs.250,Rs.250 Mixed Dry Fruit Box,250.0
mm snacks Rs.5 pkt,Rs.5 மிச்சர் pkt,120.0
bb kenty's gift Rs.5 saram,Rs.5 kenty's Gift சரம்  (12p),60.0
bb kenty's popcorn Rs.5 saram,Rs.5 kenty's Popcorn சரம்  (12p),60.0
bb kenty's chips Rs.5 saram,Rs.5 kenty's chips சரம்  (12p),60.0
bb kenty's paani pori Rs.5 saram,Rs.5 kenty's பானிபூரி சரம்  (12p),60.0
pen MONTEX ATTAI,pen MONTEX ATTAI,250.0
pen reynolds,pen reynolds old,10.0
chikkan masala Rs12,சிக்கன் மசாலா Rs12,12.0
corn flakes kellogg's 120g Rs.58,120 Kellogg's Corn Flakes,58.0
kalla maavu ashirvad 200g,200g ஆசிர்வாத் கள்ளமாவு,33.0
lion dates Qyno 250g (1+1)Rs.94,lion dates Qyno 250g (1+1)Rs.94,94.0
inji poondu paste smith & jones Rs.5,Rs.5 S&J இஞ்சி பூண்டு பேஸ்ட்,5.0
pencil apsara matt magic box Rs.70,ரூ.70 அப்சரா Matt Magic பென்சில் Box,70.0
pen nataraj spark pkt Rs.6,Rs.6 Nataraj Spark Pen pkt,30.0
vathi bansuri Rs.5,Rs.5 பான்சுரி  சைக்கிள் வத்தி (D),60.0
shots cadbury RS 5,RS 5 Shots Cadbury ,5.0
cd localbrand Rs.10(1k)ஆப்பிள்,Rs.10 ஆப்பிள் (1k),300.0
cd localbrand Rs.10 (1k) pineapple ,Rs.12 பைனாப்பிள் கூல்ட்ரிங்க்ஸ் (24p) ,288.0
cd localbrand Rs.10 (1k)பன்னிர் சோடா,Rs.10 பன்னிர் சோடா (1k),300.0
Eyecap jar Rs.99,Rs.99 கண் மருந்து டியுப் ஜார்,99.0
bb kenty's noodels Rs.5 saram,Rs.5 kenty's நூடுல்ஸ் சரம்  (12p),60.0
bb kenty's kurkura Rs.5 saram,Rs.5 kenty's குர்குரே சரம்  (12p,60.0
varikki nei jar Rs.250,Rs.250 நெய் வரிக்கி jar,250.0
choco cup jar Rs.5,Rs.5 Choco Cup Jar,300.0
lollipop jar Rs.5,Rs.5 லாலிபாப்  jar,500.0
crunchy puffs box Rs.5,Rs.5 Crunchy Puffs Box,150.0
chandrika soap 125gm Rs.50,125g சந்திரிக்கா சோப்பு,50.0
colgate brush kids 2+ Rs.30,Rs.30 Kids 2+ கோல்கட் பிரஷ்,30.0
gt gillette presto Rs.25,Rs.25 Gillette Presto,25.0
him almond&rose Rs.64,Rs.50 ஹிமாலயா பாதாம் & ரோஸ் ,64.0
bb pinzo biscut (14p) Rs.5,Rs.5 Pinzo Biscut (14p) saram,70.0
LG Rice,LG அரிசி ,60.0
oil boss polmolien 1ltr ,1ltr BOSS பாமாயில்,102.0
coffee kumbakonam degree 100g ,100g கும்பகோணம் டிகிரி காபி  pkt ,90.0
led olir ac/dc Rs.549,9w Olir Ac / Dc Led Bulbs  ,549.0
vathi bansuri Rs.6,Rs.6 பான்சுரி  சைக்கிள் வத்தி (D),72.0
spray candy Rs.5,Rs.5 Spray Candy (30p),150.0
ponds bright beauty Rs.55,ponds bright beauty Rs.55,59.0
xll LIQ I/2 L T/L  RS 130 ,xll LIQ I/2 L T/L  RS 130 ,130.0
VIM  steel scrup Rs.25,VIM  steel scrup Rs.25,25.0
VIM scrup 2in1 Rs.25,VIM scrup 2in1 Rs.25,25.0
him neem & termaric 125g Rs.64,125g ஹிமாலயா நீம் சோப்,64.0
theepetti home lite Rs.10,Rs.10 Home Lite தீப்பெட்டி,10.0
gokul santol powder 50g Rs.49,50g கோகுல் பவுடர்,49.0
note youva (L) 228p Rs.115 (ruled),Youva Note (L) 228p (Ruled),115.0
vicks Rs.2 MRP.210,RS 2  vicks  MRP.210,210.0
vicks jar Rs.2,Rs.2 விக்ஸ் Jar,260.0
Eclairs Yawin Rs.50 (0.50p),Eclairs Yawin pkt (0.50p),50.0
halwa jar Rs.5,Rs.5 ஹல்வா ஜார்,150.0
tooth brush candy Rs.5,Rs.5 Tooth Brush Candy,150.0
kissan mix fruit jam 500gm,500g கிசான் Mix Fruit Jam,190.0
kissan peanut butter 100gm,100g கிசான் Peanut Butter,50.0
kissan penut butter 350gm,350g கிசான் Penut Butter,175.0
clinic+ egg sampoo Rs.1,Rs.1 கிளினிக் எஃகு ஒயஂடஂ சாமஂபு,16.0
cinthol cool Rs.50,cinthol cool Rs.50,50.0
sweet milk box rs.5,Rs.5 Milk Sweet Box,60.0
oil idhayam nallennai 500ml Rs.222,500ml இதயம் (ந.எ) bottle,222.0
oil idhyam nalannai 100ml Rs.47,100ml இதயம் (ந.எ) bottle ,45.0
ponds dream 100g Rs.120,100g பாண்ட்ஸ் ட்ரிம்,120.0
tide powder 1kg Rs.168 L. FREE,1KG டைடு பவுடர்,168.0
alpenliebe juzt jelly jar Rs.225,அல்பென்லிபே Juzt Jelly,225.0
vathi Z black 3IN1 Rs.60,Rs.60 செட் ப்ளாக் 3IN1 வத்தி,60.0
kimia dates ,400g kimia dates,275.0
xll soap 200g*4 Rs.125,200*4 சர்ப் எக்சல் சோப்பு,125.0
bru 50g pkt Rs.135,40g புரூ காபி jar,150.0
bru jar 25g rs.112,25g Bru Jar ,112.0
bru tripti 200g Rs.240,200g புரூ Tripti,39.0
Rin soap 250g Rs.25,Rs.25 ரின் சோப்பு,25.0
johnsons pink soap75g Rs75,johnsons pink soap75g Rs75,75.0
harpic red 200,200 ML ஹார்பிக் சிகப்பு,58.0
sunrise 50g jar Rs.160,Rs.160 சன்ரைஸ் 50g  jar ,160.0
Eye ball jar Rs.2+,Eye ball jar Rs.5,150.0
light lollipop RS 5,light lollipop RS 5,150.0
rocket mittie RS.5,rocket mittie RS.5,150.0
vicks action 500 Rs.63,Vicks Action 500,63.0
him almond&rose Rs.34,Rs.34 ஹிமாலயா சோப் alm,34.0
moms magic Rs.5,Rs.5 மாம்ஸ் மெஜிக் பிஸ்க்கட் PKT,60.0
bb pinzo cool punch (14p) Rs.5,bb pinzo cool punch (14p) Rs.5,70.0
medimix125g clasic set.Rs.130,125g மெடிமிக்ஸ் கிளாசிக் SET,156.0
oil idhayam nallennai 100ml RS.46 BOTTLE,100ml இதயம் (ந.எ) bottle ,46.0
oil idhayam nallannai 200ml BOTTLE,200ml இதயம் (ந.எ) bottle   ,87.0
dettol handwash 80ml,டெட்டால் hand wash 80ml,30.0
siva garlic pickle Rs.1,Rs.1 சிவா பூ.ஊறுகாய் சரம்,15.0
siva leman pickle Rs.1,Rs.1 சிவா லெ.ஊறுகாய் சரம்,15.0
avt  premium 100gm rifill,AVT 100GM  premium  pkt,40.0
bb pinzo puchka (14p) Rs.5,Rs.5 pinzo puchka (14p) ,70.0
sivappu Roop,சிவப்பு பட்டு கயிறு,3.0
ravai samba elite 500g Rs91,500g எலைட் சம்பா ரவை,91.0
ravai samba elite 500g Rs.94,500g எலைட் சம்பா ரவை,94.0
mint-o fresh jar Rs.230,Rs.1 Mint-O Fresh Jar,230.0
close up paste 90g Rs.67,90g Close Up Paste ,67.0
him honey soap Rs34,75g ஹிமாலயா சோப்  honey,35.0
ravai daily 500g rs.40,500g டெய்லி  ரவை,40.0
badham drink mix daily 200g,200g டெய்லி பாதாம் மிக்ஸ் (1+1) ,160.0
rusk marino Rs.10,Rs.10 மரினோ ரஸ்க்,10.0
rusk marino Rs.35,Rs.35 மரினோ ரஸ்க் (w) free,35.0
rusk marino pkt Rs.5,Rs.5 மரினோ ரஸ்க் பை ,60.0
dove soap Rs.65 blue,100g டவ் சோப்பு ப்ளூ,65.0
gt shave brush rs.70,Rs.70 Gillett Shave Brush,70.0
gt shaving foam 196g,196g Gillette Shaving Foam,199.0
gt shaving foam 196g Rs.249,196g Gillette Shaving Foam,249.0
gt machine set Rs.25,Rs.25 Gillete Machine Set,25.0
gt blade rs.14,Rs.14 Gillete Blade,14.0
ariel liq TL pouch 3L rs.610,3L Ariel Liq TL Pouch,610.0
ariel liq FL pouch 3L rs.690,3L Ariel Liq FL Pouch,690.0
ariel liq TL 2.5L Rs.537,2.5L ஏரியல் liq TL,537.0
arial T&L 1L pkt rs.173,1L ஏரியல் (T&L) pkt,173.0
arial (F&L) 1L pkt Rs.199,1L ஏரியல் (F&L) pkt,199.0
gt foam 50g,50g Gillete Foam,90.0
jelly GUITOR Rs.5 jar,Rs.5 ஜெல்லி கிட்டார்  ஜார் ,200.0
watch mittaiye Rs.5box,Rs.5 வாட்ச் மிட்டாய் box,180.0
lion dates Qyno 250g (1+1)Rs.99,lion dates Qyno 250g (1+1),105.0
lion dates Qyno cup 250g Rs.78,250g lion dates Qyno cup,76.0
lion dates Qyno cup 500g Rs.156,500g lion dates Qyno cup ,154.0
chakra gold 100g Rs.95,100g சக்ரா கோல்டு Elaichi ,95.0
bru jar 50g rs.260,50g bru jar,260.0
bru tripti 200g Rs.260,200g புரூ tripti,280.0
Hh sharpner doms Rs.3,Rs.3 Doms Sharpner,3.0
HH pencil doms x1 Rs.6,Rs.6 Doms X1 Pencil,6.0
HH pencil doms y1+ Rs.5,Rs.6 Doms Y1+ Pencil,5.0
HH p.marker doms Rs.20,Rs.20 Doms Permanent Marker Pen,20.0
Eclairs otter pkt Rs.100,Rs.100 Eclairs Otter pkt ,100.0
dove dryness care shampoo Rs.76,Rs.76 டவ் ஷாம்பூ,76.0
dove hair fall shampoo rs.2, Rs.2 டவ் ஷாம்பூ hair fall  rs.2,2.0
ponds  wb crm 23g Rs88,23g Ponds  Wb Crm,90.0
medimix ayervedic 75gm ,75g மெடிமிக்ஸ் ஆயுர்வேதி,34.0
dettol  550ml,550ml டெட்டால்,259.0
sprite 1L Rs.50,1L Sprite,50.0
mango fruit bar Rs.5,Rs.5 Real மேங்கோ Bar Jar,300.0
super egg milk rs.10,Rs.10 சூப்பர் Egg மில்க்,10.0
vathi sandal Rs.5 dozen ,Rs.5 வத்தி சேண்டல் dozen,60.0
boost Rs.10,Rs.10 boost ,10.0
horlicks Rs.10,Rs.10 horlicks ,10.0
yardley powder rose 100g Rs.145,100g யார்ட்லி பவுடர்,145.0
yardley powder 100g Rs.145,100g யார்ட்லி பவுடர்,145.0
oil iyarkai 2lr can, 2lr. இயற்கை with free 1/2.கடலைஎண்ணெய் ,750.0
iyarkai 2lr can,2lr. இயற்கை,750.0
bb skitos ABCD 14p saram,ரூ.5 ABCD (14p) சரம்,70.0
bb skitos kurkura Rs.5 saram,Rs.5 Skitos குர்குரே சரம் (14p),70.0
close up paste 150g Rs.130,150g Close up Paste ,130.0
close up paste 150g Rs.128,150g Close up Paste ,128.0
close up paste 150g Rs130,150g Close up Paste ,130.0
murukku maavu naga 500g rs.55,500g நாகா முறுக்கு மாவு,55.0
Mr.gold kadala 5ltr cane (W) free,5L Mr.கோல்டு கடலை எண்ணெய் cane (W) தவா,1450.0
vathi nachithira Rs.55,Rs.55 நதிரா  வத்தி,55.0
vathi nakshatra  Rs.55,Rs.55 நட்சத்திர வத்தி,55.0
him almond&rose 75g Rs.38,75g ஹிமாலயா பாதாம் & ரோஸ் சோப் ,38.0
him honey & cream 75g rs.38,75g ஹிமாலயா ஹனி & கிரீம் சோ,38.0
him baby shampoo 100ml Rs.115,100ml ஹிமாலயா பேபி சாம்பு,120.0
amurthanjan Rollon Rs.40,Rs.40 அமுர்தான்ஜன் RollOn,40.0
amurthanjan green Rs.25,Rs.25அமுர்தான்ஜன் green,25.0
maitha anil 500g  Rs.42,500g அணில் மைதா pkt,42.0
goodKnight comfort vathi Rs.144,Rs.144 குட் நைட் கொசுவத்தி,144.0
gopura kungumam manjal pkt rs.70,கோபுரம் மஞ்சள் குங்குமம் pkt (50p),70.0
whisper ultra xl Rs.50,விஸ்பர் Ultra XL ,50.0
chandrika soap 75g Rs.34,75g சந்திரிகா சோப்,35.0
lol lip stick Rs.5 jar,Rs.5 lip stick  jar,150.0
lollipop lip stick Rs.5 jar,Rs.5 Lip Stick  Jar,150.0
kashmiri chilli lg 50g Rs.65,50g LG காஷ்மீரி சில்லி ,65.0
Aachi payasam mix 180g (1+1) rs.129,1+1 ஆச்சி பாயசம் 175g,125.0
z spray 50g Rs.75,50g Z Spray ,75.0
wheel powder 500g Rs.39,500g Wheel Powder ,39.0
samBrani  Rs.4 attai,Rs.4 சாம்ப்ராணி அட்டை,48.0
gopuram kunkumam merun 20g RS.12,20G கோபுரகுங்குமம் மெருன்,12.0
gopuram kungumam sivapu 20g RS.9,20g கோபுரம்  குங்குமம் சிவப்பு,9.0
sivappu sigaram rs.2 saram,Rs.2 சிகரம் சிவப்பு சரம் ,2.0
sivappu sigaram rs.2,Rs.2 சிகரம் சிவப்பு ,2.0
liril soap 100g Rs.38,100g liril soap,38.0
oil idhayam nallannai(50ml),50ml இதயம் (ந.எ) pkt,24.0
Nabati pink Rs.10,Rs.10 நப்பாட்டி pink,10.0
bb ABCD 14p saram,ரூ.5 ABCD (14p) சரம்,70.0
harpic red 250ml,250 ML ஹார்பிக் சிகப்பு,58.0
godrej expert original powder Rs.22,Rs.22 Godrej Expert Original Powder,22.0
oil idhayam mantra (M) 5.ltr can,5.ltrஇதயம்மந்த்ரா கேன்,1123.0
whitner Rs.20,Rs.20 whitner,20.0
cello eraserite pen rs.25, Rs.25 Eraserite pen (pelican),25.0
bb pinzo sipnner & shooter (14p) Rs.5,Rs.5 Pinzo Spinner & Shooter (14p) saram,70.0
bb pinzo spinner & shooter (14p) Rs.5,Rs.5 Pinzo Spinner & Shooter (14p) saram,70.0
vathi mangaldeep Rs.65,Rs.65 மங்கல்தீப் வத்தி,65.0
anil idiyappa mavu500g,500g.அணில் உடனடி இடியாப்பம்,43.0
z talc zest 100g Rs.125,100g Z Zest Talc ,125.0
colgate vedshakti 100g Rs.85,100g கோல்கேட் வேதசக்தி,95.0
Rin liquid 800ml Rs.145, Rs.145 800ml ரின் liquid T/l,145.0
tide powder 500g Rs.79,Rs.79 டைடு பவுடர் 1/2kg,79.0
note youva (s) 84p Rs.20 (unruled),note youva (s) 84p Rs.20 (unruled),20.0
note youva (k)size 120p(ruled),note youva (k)size 120p(ruled),45.0
note youva (k)size 120p(unruled),note youva (k)size 120p(unruled),45.0
xll LIQ TL pouch 1ltr Rs.170,Rs.170 சர்ப் எக்சல் (T/L) pouch,170.0
gulab jamun 175g elite(1+1),175g எலைட் குலோப்ஜாம் (1+1),125.0
aachi athrasa mavu 500g  ,ஆச்சிஅதுரசமாவு 500g  ,99.0
aachi athirasa mavu 500g  ,ஆச்சிஅதுரசமாவு 500g ,99.0
bb kuram kuram Rs.5 saram 14ps,கரம் கரம்  ஸ்பைசி சரம் 14ps,70.0
jelly pen box RS.5,Rs.5 Pen ஜெல்லி Box,150.0
ravaa dhosai mix mtr 500g,500g MTR ரவாதோச mix,160.0
bb pinzo tomato ketchup (14p) Rs.5, Rs.5 pinzo tomato ketchup (14p),70.0
oil idhyam nalannai 100ml ,100ml இதயம் (ந.எ) bottle ,45.0
cd localbrand Rs.12(1k)green,Rs.12 பச்சை கூல் ட்ரிங்க்ஸ்1k),300.0
tea biscut jar,டீ பிஸ்கட் ஜார்,200.0
shots cadbury Rs.10,shots cadbury Rs.10,10.0
silver max shavex blade Rs.10,Rs.10 silver max shavex blade set,10.0
pen nataraj Rs.4 BOX,Rs.4  Nataraj Pen Box,80.0
odomos spray 100ml,odomos spray 100ml,165.0
thazhampoo keora water250ml,keora water 250ml,65.0
Elite maitha 1kg,எலைட் மைதா 1kg,86.0
arial powder 1.5kg Rs.342,1kg + 500g  ஏரியல் பவுடர்,342.0
tata tea gold 500g rs.300,500g டாட்டா டீ கோல்டு,300.0
tide soap 250g rs.30,250g  டைடு சோப்,30.0
lux soap rose 150g Rs.80,150g லக்ஸ் சோப்பு ரோஸ்,80.0
tajmahal teathool 500g ,500g தாஜ்மகால் டீ தூள் ,470.0
lux soap rose Rs.38,100g லக்ஸ் சோப்பு ரோஸ்,38.0
nei milky mist 500ml,500ml மில்கி மிஸ்ட் நெய்,419.0
nei milky mist 200ml,200mlமில்கி மிஸ்ட் நெய்,175.0
horlicks pkt 450g rs.235,450g  ஹார்லிக்ஸ் pkt,235.0
close up paste(1+1)150g Rs.240,150g close up paste(1+1)Rs.240,240.0
HH camlin klick pencil 0.5 Rs.10,Rs.10 Camlin Klick Pencil 0.5mm,10.0
HH camlin klick pencil 0.7 RS.10,camlin klick pencil 0.7mm Rs.10,10.0
HH camlin G max pencil 0.7 RS.10,RS.10 Camlin G Max Pencil 0.7mm,10.0
HH camlin hi leads 0.7 Rs 50,Camlin Leads 0.7mm Rs.50,50.0
dairymilk crispello Rs.35,Rs.35 Dairymilk  Crispello,35.0
boomer jar Rs.180,பூமர் ஜார்,180.0
3roses 500g Rs.380,3 ரோசஸ்  500g Rs.380,380.0
3roses 500g Rs.360,3 ரோசஸ்  500g Rs.360,360.0
horlicks 200g pkt Rs.114,200g ஹார்லிக்ஸ் pkt,114.0
xll liq (t/L) 1ltr pouch Rs.175,1 ltr சர்ப் எக்சல் (T/L) pouch,175.0
aachi athurasa mavu 500g  ,ஆச்சிஅதுரசமாவு 500g,90.0
maithaa SMP 500g Rs.39,500g SMP மைதாRs.39,39.0
asirvad atta 2kg pai,2kg ஆசிர்வட் ஆட்டா pkt,110.0
yippee noodles Rs.15,Rs.15 yippee noodles,15.0
cd local lemon salt Rs.10 (1k) ,Rs.12 லெமன் சால்ட் (1k),360.0
cd local soda Rs.10(1k) ,Rs.10 சோடா (1k),240.0
note youva (S) 172p Rs.32 (unruled),Youva Note (S) 172p (UnRuled),32.0
bru 50g Rs.145 pkt,50G Bru  pkt,145.0
bru tripti 200g Rs.280,200g புரூ Tripti,280.0
sunsilk 80ml Rs.68,sunsilk 80ml Rs.68,68.0
goodKnight maha jumbo coil Rs.43,குட் நைட் மஹா ஜம்போ காயில்,43.0
goodKnight green coil Rs.45,Rs.45 குட் நைட் கிரீன் சக்தி  ,45.0
z spray 150 ml 1+1,z spray 150 ml 1+1,299.0
pen ox ball pen rs.10,Rs.10 OX ball pen,10.0
pen flair woody ball pen rs.10,Rs.10 Flair Woody Ball Pen,10.0
pan sunny 4 colour ball pen rs.30,Rs.30 Flair Sunny 4 Colour ball pen ,30.0
pen flair sunny 4 colour ball pen rs.30,Rs.30 Flair Sunny 4 Colour Ball Pen,30.0
maggi noodles Rs.15,Rs.15 மேகி நூடுல்ஸ்,15.0
maggi noodles Rs.78,Rs.78 மேகி நூடுல்ஸ்,78.0
bb noodles (14) saram,நூடுல்ஸ் குர்குரே (14psசரம்,70.0
Finger loly pop 5rs,Finger loly pop 5rs,150.0
lollipop sword 150rs,Rs.5 Lollipop Sword,150.0
parachute bottle 175ml Rs.66,175ml பாராசூட் ஜார்Rs.66,66.0
vatika 150ml Rs.82,vatika 150ml Rs.82,82.0
yardley powder 50g Rs.60,50g யார்ட்லி பவுடர் Rs.60,60.0
yardley perfume 150ml Rs.225,yardley perfume 150ml Rs.225,225.0
medimix ayurvedic 75g Rs.34,75g மெடிமிக்ஸ் ஆயுர்வேதிக் சோப்,32.0
yippee noodles Rs.30,Rs.30 yippee noodles,30.0
candyman choco double 120rs,Rs.120candyman choco double pkt,120.0
candyman choco double Rs.360.jar,Candyman Choco Double Jar,325.0
candyman toffichoo Rs.50.pkt,candyman toffichoo Rs.50.pkt,50.0
bb pinzo just jelly (14p) Rs.5,Rs.5 pinzo just jelly (14p) ,70.0
lollipop kulfi 1rs mrp.70,Rs.1  Kulfi Lollipop pkt,70.0
annai dates black250g queen cup,250g Annai Dates Black Queen Cup,140.0
annai dates seedless500g box ,500g Annai dates seedless box,156.0
annai dates seedless250g box ,250g Annai dates seedless box,81.0
annai dates black250g box,250g Annai black dates box,155.0
annai dates seeded 500g 1+1)pkt,500g Annai dates seeded (1+1)pkt,185.0
annai dates seeded 200g 1+1)pkt,200g Annai dates seeded (1+1)pkt,99.0
annai dates black 125g.1+1)pkt,125g Annai dates black (1+1)pkt,145.0
annai inimia dates400g1+1)box,400g Annai inimia dates (1+1)box,340.0
annai inimia dates250g box,250g Annai inimia dates box,110.0
cc edition,எடிஷன் சிகரட்,160.0
lifebuoy handwash 80ml Rs.30,80ml லைபாய் Handwash,30.0
HH camlin Exam sharpner rs.5,Rs.5 Camlin Exam Sharpner Box,5.0
HH camlin hi leads 0.7 Rs 5,Rs.5 Camlin Leads 0.7mm,5.0
note youva (L) 160p Rs.110 (ruled) HB,Youva Note (L) 160p Rs.110 (ruled) HB,110.0
pen black pkt rs.7,Rs.7 Black Pen Pkt,35.0
bb pasta Rs.5 saram 14ps,Rs.5 பாஸ்தா சரம் 14ps,70.0
sivappu rs.4,Rs.4 சிவப்பு ,4.0
boost 500g Rs.255 ,500g Boost Pkt,239.0
nestle bar one Rs.5,nestle bar one Rs.5,5.0
maggi noodles Rs.30,Rs.30 மேகி நூடுல்ஸ்,30.0
polo Rs.10,polo Rs.10,10.0
nestle classic Rs.10,nestle classic Rs.10,10.0
vathi pinnepple Rs.55,Rs.55 பைணாபில் வத்தி,55.0
sambrani katti 25g,25g கட்டி சாம்ப்ராணி,15.0
sambrani katti 10g,10g கட்டி சாம்ப்ராணி,6.0
kamar kattu manimark jar Rs.2,Rs.2 மணிமார்க் கமர் கட்டு ஜார்,250.0
manimark sweet pkt Rs.40,Rs.40 மணிமார்க் ஸ்வீட் PKT,40.0
Fair & lovely 15gm mrp 25,15g Fair & lovely,25.0
bb P snac lite saram Rs.5,Rs.5 Snac Lite சரம் (12p),60.0
dairymilk Rs.60,dairymilk Rs.60,60.0
super vasmol 50ml Rs.35,50ml சூப்பர் வாஸ்மோல்,35.0
avt premium 250g pkt Rs.100,avt premium 250g pkt Rs.100,100.0
pencil natraj Rs.50(10ps),Rs.50 நட்ராஜ் பெஞ்சில் (10ps),50.0
bun mini Rs.30,Rs.30 மினி பன் pkt,30.0
Eclairs Anjeer box rs.1,Rs.1 Eclairs Anjeer Box,100.0
nature power soap red sandal 150g,150g நேச்சர் பவர் ரெட் சேண்டல்,45.0
nature power soap Avocado 150g,150g நேச்சர் பவர் அவோகாடோ சோப்பு  ,45.0
Eclairs kaju box Rs.1,Rs.1 Eclairs Kaju Box,150.0
navaratna oil 90ml,90ml நவரத்தின oil,90.0
nayagi pickle 1kg Rs.140,1kg நாயகி ஊறுகாய் ,140.0
him baby gentle soap 75g Rs.68,75g ஹிமாலயா பேபி பாதாம் சோப் ,68.0
pen cello alpha red Rs.10,Rs.10 alpha cello pen red,10.0
pen cello alpha blue Rs.10,Rs.10 Alpha cello pen blue,10.0
pen cello alpha black Rs.10,Rs.10 Alfa cello pen black,10.0
pen cello winner red Rs.5.pkt,Rs.5 cello winner pen red pkt,25.0
Eclairs din din jar Rs.220 ,Eclairs din din jar Rs.220,220.0
candyman tadka masala jelly jar Rs.100 ,candyman tadka masala jelly jar Rs.100,100.0
lifebuoy soap Rs.39,Rs.39.லைபாய் சோப்,39.0
pears soap blue 100g Rs.54,100g பியர்ஸ் சோப்blue,54.0
horlicks Rs.3,Rs.3 ஹோர்லிக்ஸ் சரம்,36.0
nei udhaya krishna 5L tin,5L உதய கிருஷ்ணா நெய்,4200.0
horlicks Rs.3 saram,Rs.3 ஹோர்லிக்ஸ் சரம்,36.0
vathi lia Rs.50,Rs.50 லியா வத்தி,50.0
vathi Rythm Rs.55,Rs.55 ரிதம் வத்தி,55.0
vathi Rythm Rs.70 pkt,Rs.70ரிதம் வத்தி pkt,70.0
computer sambrani rythm Rs.10,Rs.10.ரிதம் கம்பூட்டர் சாம்ப்ராணி,10.0
kitkat Rs.50,Rs.55 Kitkat,55.0
kitkat Rs.45,kitkat Rs.45,45.0
chakra gold 250g pkt,250g சக்ரா கோல்டு pkt,170.0
bajji mavu annai 200g rs.40,bajji mavu annai 200g rs.40,40.0
bajji mavu annai 200g rs.42,Rs.42அன்னை பஜ்ஜி மாவு,40.0
hamam 100g soap Rs.42,100g ஹமாம்.,42.0
unibic biscuit Rs.55,unibic biscuit Rs.50,50.0
balloon Rs.2.pkt,Rs.2 பலூன் (50p) Pkt,150.0
atta fortune 500g(1+1),Rs.45.500g ஃபார்ச்சூன் ஆட்டா (1+1,45.0
mop monkey.Rs.290,Rs.290 monkey mop,290.0
mop monkey.Rs.320,Rs.320 monkey mop,320.0
mop monkey.Rs.230,Rs.230monkey mop,230.0
thiri panju Rs.5 saram,Rs.5.திரி பஞ்சு சரம்,50.0
thiri nool panju Rs.1 pkt,Rs.1திரி பஞ்சு pkt,100.0
Eveready 9w led bulb,9w Eveready LED Bulb,140.0
dp pampers Rs.159 (XL) 7ps,Rs.159 பேம்பர்ஸ் (XL) 7ps,159.0
dp pampers Rs.409 (XLL) 16ps,Rs.409 பேம்பர்ஸ் (XLL) 16ps,409.0
dp pampers Rs.299 (XXL) 14ps,Rs.299 பேம்பர்ஸ் (XLL) 14ps,299.0
chakravarthi powder 400g Rs.15,Rs.15சக்கரவர்த்தி பவுடர்400g,15.0
Esmo powder 500g Rs.37,500g Esmo Powder,37.0
chakravarthi diswash powder 400g Rs.15,Rs.15சக்கரவர்த்தி dishwash பவுடர்400g,15.0
ux pilot cartridge v7-blue 2p,V7-Blue Pilot cartridge 2p,30.0
pass pass Rs.1 red (pkt),Rs.1பாஸ்பாஸ் சிவப்பு(pkt),56.0
HH camlin clay Dough 6's Rs.150,Rs.150 camlin Dough clay 6's ,150.0
HH camlin clay Dough 12's Rs.120 jar,Rs.120 camlin Dough clay 12's jar,120.0
HH camlin clay Dough 12's Rs.110,Rs.110 camlin Dough clay 12's ,110.0
bb timepass Rs.5 saram(15ps),Rs.5.டைம்பாஸ் சரம்(15ps),75.0
Eno jeera Rs.500 jar,Rs.500.Eno jeera jar,500.0
viputhi 25g balamurugan ,25g விபூதி,5.0
Fountain pen cello cartridge blue Rs.10,Rs.10 Cello Fountain Pen Cartridge Blue ,10.0
ux super jumbo cartridge blue 3p,Unomax Cartridge 3p,10.0
mezhuvarthi agul Rs.40,Rs.40 மெழுகுவர்த்தி அகல்,40.0
goodKnight LIQ ps Rs.80,குட் நைட்  LIQ ,85.0
hit chalk Rs.20,Rs.20 Hit Chalk,20.0
ks Spray perfume.180ml Rs.99,120ml KS Perfume,99.0
park avenue perfume 150ml Rs.225,park avenue perfume 150ml Rs.225,225.0
vanaspathi goldwinner dalda 1ltr,1ltr டால்டா (ருச்சி),165.0
vanaspathi goldwinner dalda 500ml,500mlடால்டா (ருச்சி),94.0
harpic blue 200ml Rs.46,200ml ஹார்பிக் நீலம்,46.0
santoor soap 100g  Rs.39,100g சந்தூர் சோப்பு சேண்டல்,39.0
nei udhaya krishna 500ml,500ml உதய கிருஷ்ணா நெய்,445.0
nei udhayakiru 200ml jar,200ml உதயகிருஷ்ணா நெய்,170.0
Him face wash 15ml,15ml ஹிமாலயா Face Wash Jar ,180.0
sunrise 50g jar Rs.165,50g சன்ரைஸ்  jar ,165.0
VVD gold coco.oil 100ml jar,100ml VVD தே.எண்ணெய் jar,60.0
VVD 100ml Rs.45 jar,100ml VVD Jar,50.0
marie gold Rs.45,Rs.45 மேரி கோல்ட்,45.0
tiger britta 150g Rs.30,150g டைகர் பிரிட்டான்யா Rs.30,30.0
tiger glucose pai 24ps,Rs.3 டைகர் பிஸ்கட் glucose pai 24ps,72.0
bb kurcure Rs.5(12ps)saram ,Rs.5 குர்குரே (12p) சரம்,60.0
oil idhayam nallannai 50ml Rs.23,50ml இதயம் (ந.எ) ,23.0
him ayurveda clear skin soap 125g Rs.40,125g ஹிமாலயா ஆயுர்வேத Skin சோப்பு ,69.0
him ayurveda sandal glow 75g rs.44,75g ஹிமாலயா ஆயுர்வேதா சண்டல் Glow சோப்பு  ,44.0
him ayurveda clear skin soap 75g Rs.44,75g ஹிமாலயா ஆயுர்வேத Skin சோப்பு ,44.0
HH exam board mini youva Rs.75,Rs.75 Youva Exam Mini Pad,75.0
HH exam board wooden youva Rs.140,Rs.140 Youva Exam Pad Woodan,140.0
dairymilk Rs.140,dairymilk Rs.140,140.0
hamam soap Rs.70,150g ஹமாம் சோப்,70.0
chakra gold 100g Rs.95 elaichi,100g சக்ரா கோல்டு Elaichi,95.0
medimix 125g.Rs.52,125g மெடிமிக்ஸ்,52.0
cc american club,அமெரிக்கன் சிகரட்,200.0
dp pampers (new born Rs20 saram,pampers  new born Rs20 saram,160.0
lion honey 15g,15g லைன் ஹனி,10.0
parachute bottle 175ml Rs.69,175ml பாராசூட் ஜார்,69.0
tajmahal tea bag 200p rs.325 ,200p தாஜ்மகால் டீ Bag,325.0
milky mist paneer 200g,200g மில்கி மிஸ்ட் பனீர் ,125.0
milky mist paneer cub 200g,200g மில்கி மிஸ்ட் பனீர் Cubes pkt,115.0
milky mist butter 100g,100g மில்கி மிஸ்ட் பட்டர் (s),70.0
milky mist butter cooking 100g,100g மில்கி மிஸ்ட் பட்டர் cook,70.0
milky mist butter cooking 200g,200g மில்கி மிஸ்ட் பட்டர் cook,138.0
milky mist butter table 100g,100g மில்கி மிஸ்ட் Table பட்டர்,68.0
milky mist cheese slice 100g,100g மில்கி மிஸ்ட் Cheese Slice,100.0
milky mist mozzarella cheese 200g,200g மில்கி மிஸ்ட் Mozzarella Cheese,165.0
milky mist butter chiplet table 100g,100g மில்கி மிஸ்ட் Table பட்டர் Chiplet ,75.0
milky mist fresh crean 250ml,250ml மில்கி மிஸ்ட் பிரெஷ் கிரீம்,80.0
kathati mittaye jar rs.2 ,Rs.2 காத்தாடிமிட்டாய் jar ,150.0
candyman paan jar Rs.170,candyman PAAN jar Rs.170,170.0
natraj eraser Rs.2 box,Rs.2 நட்ராஜ் ரப்பர் பாக்ஸ் box,40.0
goodKnight LIQ ps 45ML,45ML குட் நைட்  LIQ ,85.0
bb peeloz Rs.10, peeloz Rs.10,10.0
bb peeloz Rs.10 saram,Rs.10 peeloz சரம்,100.0
varikki nei pkt Rs.240,நெய் வரிக்கி pkt,240.0
xll soap Rs.32,Rs.32 சர்ப் எக்சல் சோப்,32.0
agni tea 500gm,500g அக்னி டீ,140.0
kalla mavu six face 500g,500g Six Face கள்ளமாவு,70.0
gt gillete Rs.14 blade,Rs.15 Gillete Blade,15.0
atta fortune 1g(1+1),1Kg ஃபார்ச்சூன் ஆட்டா (1+1),105.0
bb pinzo Dragon (14p) saram,Rs.5 pinzo Dragon (14p) saram,70.0
semiya Asirvad 180g pai,180g ஆசிர்வாத் சேமியா பை (20P),440.0
super milk rs.35 (with free),Rs.35 சூப்பர் மில்க்(இலவசம்),35.0
krishna BJN 26Kg,கிருஷ்ணா BJN 26Kg,70.0
nutties Cadbury,நட்டீஸ் Cadbury,45.0
lizol pineapple 500ml Rs.116,500ml லைசால் பைனாபிள் Rs.116,116.0
vathi lia Rs.55,Rs.55 லியா வத்தி,55.0
ootti varikki jar,ஊட்டி வரிக்கி jar,300.0
sls lakshmi kurunai,sls லக்ஷ்மி குருணை,1100.0
him baby gentle soap Rs.65,Rs.68 ஹிமாலயா பேபி  சோப் ஜென்டில்,68.0
him baby moisturizing soab 75gm+,75g ஹிமாலயா Moisturizing சோப்,70.0
him baby Refreshing soap 75g Rs.68,75G ஹிமாலயா Refreshing சோப்,68.0
sls lakshmi kurunai sippam,sls  லக்ஷ்மி குருணை சிப்பம்,1100.0
dabur red paste 100g Rs.72,100g டாபர்ரெட் பேஸ்ட் Rs.72,72.0
almond hair oil 200ml,200ML Almond Hair Oil,145.0
vatika hair oil Rs.40,vatika hair oil Rs.40,40.0
arial T&L 3L pouch ,ஏரியல் 3 Ltr T&L pouch,610.0
manjal thool MYL Rs.5 saram,Rs5.மெய்யல் மஞ்சள்தூள் சரம் ,50.0
ms kadala yeannai 1ltr.,1லி MS கடலைஎண்ணெய்.,271.0
arisi maavu rrs kg,RRS அரிசிமாவு kg,1.0
atta fortune (1+1) 1/2 kg,1/2 kg ஃபார்ச்சூன் ஆட்டா (1+1),52.0
maithaa thamizha 200g,200g தமிழா மைதா,25.0
maithaa thamizha 500g,500g தமிழா மைதா,50.0
mil paneer cubes 1kg,1kg மில்கி மிஸ்ட் பனீர் Cubes pkt,520.0
mil milk shake 220ml,220ml மில்கி மிஸ்ட் மில்க் ஷேக் ,40.0
mil curd pkt 135ml,Rs.10 மில்கி மிஸ்ட் தயிர் pkt,10.0
mil curd pkt 400g,400g மில்கி மிஸ்ட் தயிர் pkt,42.0
mil butter cooking 100g,100g மில்கி மிஸ்ட் பட்டர் cook,75.0
mil butter cooking 200g,200g மில்கி மிஸ்ட் பட்டர் cook,148.0
mil paneer cub 200g,200g மில்கி மிஸ்ட் பனீர் Cubes pkt,115.0
mil fresh crean 250ml,250ml மில்கி மிஸ்ட் பிரெஷ் கிரீம்,80.0
mil mozzarella cheese 200g,200g மில்கி மிஸ்ட் Mozzarella Cheese,165.0
mil cheese slice 100g,100g மில்கி மிஸ்ட் Cheese Slice,100.0
mil butter chiplet table 100g,100g மில்கி மிஸ்ட் Table பட்டர் Chiplet ,75.0
mil butter table 100g,100g மில்கி மிஸ்ட் Table பட்டர்,68.0
mil paneer 200g,200g மில்கி மிஸ்ட் பனீர் ,125.0
pt ns powder10g,10g NS பெருங்காய தூள்,22.0
Fair & lovely 25g Rs.68,25g  Fair & lovely ,68.0
Fair & lovely 9g Rs.10,9g Fair & lovely Rs.10,10.0
lux rose Rs.39,Rs.39 லக்ஸ் ரோஸ் ,39.0
lux soap rose Rs.39,Rs.39 லக்ஸ் சோப் ரோஸ் ,39.0
pepsodent lavang&salt 100g Rs.76,pepsodent lavang&salt 100g,76.0
ponds dream 100g Rs.125,100g பாண்ட்ஸ் ட்ரிம் பவுடர்,125.0
kamarkattu chocolate jar Rs2,Rs.2 கமர்கட்டு'சாக்லேட் ஜார்,200.0
nei SR 100ml,100ml SR நெய்,103.0
shining vim liquid 100ml,100ml shining vim liquid,60.0
thenga purfi jar Rs.1,Rs.1  தேங்காய் பர்பி jar,75.0
dettol soap cool set Rs.154,dettol soap cool set Rs.154,154.0
harpic blue 500ml,500ml ஹார்பிக் நீலம்,110.0
asirvad atta 1/2kg pai,500g ஆசிர்வாத் ஆட்டா,38.5
women's plus jar Rs.355,Rs.355 Women's Plus Jar,355.0
 asirvad atta 1/2kg pai,1/2kg ஆசிவாத் ஆட்டா ,38.0
oil idhayam nallannai 50ml Rs.21,50ml இதயம் (ந.எ) ,20.0
oil idhayam 100 ml btle,100ml இதயம் ந.எ பாட்டில்,44.0
oil idhayam 200 ml btle,oil idhayam 200 ml btle,81.0
vathi cycle rs 10  dozen,Rs.10 சைக்கிள் வத்தி டசன்,120.0
sls 999 kurunai sippam,999 குருணை சிப்பம்,1100.0
kozhukattai maavu 500g,500g கொழுக்கட்டை மாவு,55.0
3roses nc Rs.5,3 ரோசஸ் nc R.5,5.0
milk maid tin Rs.149,380g மில்க்மெய்டு டின்,145.0
Eclairs din din plus jar Rs.150,எக்லஸ் டின் டின் பிளஸ் ஜார்Rs.150,150.0
Eclairs cintu Rs.100,Rs.1 எக்லஸ் சிண்டு,100.0
goodKnight green shakti coil Rs.41,Rs.41 குட் நைட் கிரீன் சக்தி  ,41.0
vim lemon liqid Rs.199,Rs.199 விம் liqid,199.0
abisegam settu pkt,அபிசேகம் செட்டு பாக்கெட் pkt,50.0
sensodyne 80g rapid&relif,80g Sensodyne rapid&relif,200.0
sensodyne repair & protect 70g Rs.215,70g sensodyne repair & protect Rs.215,215.0
kit kat Rs.2 jar,Rs.2 kit kat jar,150.0
gold coin Rs.1jar Rs.150,Rs.1 Gold coin jar Rs.150,150.0
poprings Rs.1 jar,poprings Rs.1 jar,150.0
cd localbrand Rs.10 (1k) lemon salt bro,Rs.10 லெமன் சால்ட் bro (1k) ,240.0
cd localbrand Rs.12 (1k) lemon salt bro,Rs.12 bleanch லெமன் சால்ட்  (1k) ,288.0
avt tea 500kg,500kg Avt Tea,158.0
avt gold cup 500kg,Avt Gold cup 500kg,310.0
softouch 200ml Rs.58,200ml Softouch Rs.58,58.0
Fried rice masala red Rs.12,Rs.12ஹாப்பிமா ரெட் மசாலா,12.0
moong tal  Rs.5 saram,Rs.5 மூங் டால் A2B சரம்,60.0
mm navathaniyam Rs.5 pkt,Rs.5 நவதானியம் பண்டல்,60.0
close up paste(1+1)150g Rs.244,Rs.244 close up paste(1+1)150g,244.0
lifebuoy soap Rs.40,Rs.40 லைபாய் சோப்  ,40.0
whisper square rose Rs.65,whisper square rose Rs.65,65.0
whisper choice night xl Rs50,Rs.50 Whisper Choice Xl,50.0
dp pampers Rs.299 (XXL) 9ps,Rs.299 பேம்பர்ஸ் (XLL) 9ps,299.0
dp pampers Rs.409 (XLL) 14ps,Rs.409 பேம்பர்ஸ் (XLL) 14ps,409.0
dp pampers Rs.199 (NB) 17ps,Rs.199 பேம்பர்ஸ் (NB) 17ps,199.0
oil idhayam 1/2.ltr bottle,1/2லி இதயம் நல்லெண்ணெய் பாட்டில் ,201.0
mezhuvarthi Rs.5,Rs.5 மெழுகுவர்த்தி,50.0
slate pencils anil rs.12,Rs.12 அணில்  ஸ்லேட் பென்சில்,12.0
xll LIQ (T/L) 500ml Rs.135,500ml சர்ப் எக்சல் (T/L) Jar,135.0
amurthanjan Rs.20,Rs.20 அமுர்தன்ஜாஞ்சன்,20.0
kitkat Rs.35,Rs.35 kitkat,35.0
munch Rs.30,Rs.30 munch,30.0
sunrice 50g pkt ,50g சன்ரைஸ் pkt,160.0
sivappu saram Rs.2,Rs.2 சிகரம் சிவப்பு சரம்,20.0
VVD gold 175ml Rs.78,175ml vvd தே.எண்ணெய்,78.0
comfy Rs.26,Rs.26 Comfy,26.0
vennai 250g,250g ஊத்துக்குளி வெண்ணெய்,150.0
mil butter cooking 500g,500g மில்கி மிஸ்ட் பட்டர் cook,335.0
mil cheese cubs 200g,200g மில்கி மிஸ்ட் Cheese Cubs,160.0
paatti picle 1kg,1kg பாட்டி ஊறுகாய் ,85.0
bb pinzo Bullet (14p) saram,Rs.5 pinzo Bullet (14p) saram,70.0
bounce Rs.5 dozon,Rs.5 Bounce Dozen,60.0
oil sathyam kadalai 1ltr,1லி சத்யம் கடலை எண்ணெய் ,250.0
cello super star gel pen Rs.5 pkt,Rs.5 pkt super star gel pen,25.0
close up paste 90g Rs.70,90g close up paste Rs.70,70.0
kissan jam Rs.25,Rs.25 கிசான் ஜாம்,25.0
clinic+ sampoo Rs.1 saram,Rs.1 கிளினிக்+ சாம்பு சரம்,16.0
dove shampoo Rs.2 saram,Rs.2 டவ் ஷாம்பூ சரம்,32.0
arisi maavu vinayaga 500g,1/2 kgவிநாயகா அரிசி மாவு,27.0
thean nelli Rs.15,Rs.15தேன் நெல்லி,15.0
mil curd bucket 5kg ,5kg மில்கி மிஸ்ட் தயிர் bucket,470.0
mil curd bucket 10kg ,10kg  மில்கி மிஸ்ட் தயிர் bucket,925.0
vim lemon ligid pouch 500ml,500ml vim ligid pouch,99.0
samBrani ilakkiya cup Rs.110,இலக்கியா கப் சாம்ப்ராணி,110.0
Nabati Rs.10 blue lava,Rs.10 நபாட்டி blue coconut,10.0
vim mugi dishwash soap Rs.5,Rs.5 முகி டிஷ் வாஷ் சோப் ,5.0
Mugi vim  dishwash soap Rs.5,Rs.5 முகி டிஷ் வாஷ் சோப் ,5.0
Mugi vim dishwash soap Rs.10,Rs.10 முகி டிஷ்வாஷ் சோப்,10.0
mugi comfort blue saram Rs.3,Rs.3 முகி ப்ரெஷ் துணி கண்டிஷனர் சரம்,30.0
mugi comfort saram Rs.3,Rs.3 முகி ப்ரெஷ் துணி கண்டிஷனர் சரம்,30.0
mugi rin detergent soap Rs.10,Rs.10 முகி துணி சோப்,10.0
domex powder Rs.10,Rs.10 டோமெக்ஸ் பவுடர்,10.0
Fair & lovely 50g Rs.130,Fair & lovely 50g,135.0
ponds dream Rs.65,50G பாண்ட்ஸ் ட்ரிம் பவுடர்,65.0
Rin liquid 800ml pouch (t/l),1L ரின் liquid TL pouch ,99.0
Rin liquid 800ml pouch (f/l),800ml ரின் liquid pouch (f/l),115.0
vim floor cleaner lizol 500ml,500ml vim floor cleaner,120.0
manjal thool Meiyal Rs.5 saram,Rs.5 மெய்யல் மஞ்சள்தூள் சரம்,50.0
thani milagai thool meiyal Rs.5 saram,Rs5.மெய்யல் தனிமிளகாய்தூள்  சரம்,50.0
chikkan masala meiyal Rs.5 saram,Rs5.மெய்யல் சிக்கன்மசாலா சரம்,50.0
sambar podi meiyal Rs.5 saram,Rs5.மெய்யல் சாம்பார்தூள்  சரம்,50.0
karam masala meiyal Rs.5 saram,Rs5.மெய்யல் கரமசாலா  சரம்,50.0
manjal thool Meiyal Rs.10 saram,Rs10.மெய்யல் மஞ்சள்தூள் சரம்,100.0
chikkan masala meiyal Rs.10 saram,Rs.10 மெய்யல் சிக்கன்மசாலா சரம்,100.0
thani milagai thool meiyal Rs.10 saram,Rs.10 மெய்யல் தனிமிளகாய்தூள்  சரம்,100.0
mattan masala meiyal Rs.10 saram,Rs.10 மெய்யல் மட்ட்டன்மசாலா சரம்,100.0
malli thool meiyal Rs.10 saram,Rs.10 மெய்யல் மல்லித்தூள்  சரம்,100.0
karam masala meiyal Rs.10 saram,Rs.10 மெய்யல் கரம் மசாலா சரம்,100.0
kari masala meiyal Rs.10 saram,Rs.10 மெய்யல் கரி மசாலா  சரம்,100.0
sambar podi meiyal Rs.10 saram,Rs.10மெய்யல் சாம்பார்பொடி சரம்,100.0
kuzhampu மி.தூள் meiyal  Rs.10,Rs.10மெய்யல் குழம்பு மி.தூள் சரம்,100.0
kuzhampu மி.தூள் meiyal  Rs.10 saram,Rs.10 மெய்யல் குழம்பு மி.தூள் சரம்,100.0
bb tedhe medhe red tomato Rs.5 saram,Rs.5 டெடி மிடி ரெட் குர்குரே,5.0
baby feeding bottle mini 125ML,125ml baby feeding bottle,80.0
baby feeding bottli big 250ml,250ml baby feeding bottli big,90.0
dairymilk silk 250g RS.355,Valntine Spl டைரிமில்க் சில்க்,355.0
sensodyne freshgel 75g Rs.140,75g Sensodyne Freshgel,140.0
sensodyne freshmint 75g Rs.140,75g Sensodyne Freshmint,140.0
ariel powder blue 500g,500g Ariel Powder Blue,89.0
app TT 30g Rs.10,30g TT அப்பளம் ,10.0
app TT applam 100g Rs.55,100g TT அப்பளம்,55.0
app TT applam 150g Rs.80,150g TT அப்பளம்,80.0
app TT applam 250g Rs.125,250g TT அப்பளம்,125.0
app TT applam 30g Rs.10,30g TT அப்பளம்,10.0
app jothi appalam poo 100g,100g அப்பளப்பூ ஜோதி ,35.0
app jothi appalam Rs.10,50g ஜோதி அப்பளம்,10.0
app jothi appalam 200g ,200g ஜோதிஅப்பளம்,55.0
app jothi appalam 75g ,75g ஜோதி அப்பளம்,35.0
app jothi appalam 150g ,150g ஜோதிஅப்பளம்,45.0
app jothi appalam 250g ,250g ஜோதிஅப்பளம்,65.0
whisper choice xl 7s Rs.45,Rs.45 விஸ்பர் XL 7p,45.0
whisper choice wings 6s Rs.37,Rs.37 Whisper Choice Wings 6s ,37.0
dove soap blue 100g Rs.65,100G Dove Blue Soap ,63.0
dove soap blue 100g Rs.63,100g டவ் சோப்பு blue,63.0
lipton green tea Rs.75,Rs.75 Lipton Green Tea,75.0
pears P&G 100g Rs.56 ,100g Pears P & Gentl Soap,56.0
xll LIQ FL jar 500ml Rs.150,500ml சர்ப் எக்சல் (F/L) jar,150.0
xll liq (T/L) 1ltr Rs.190,1 LTR சர்ப் எக்சல் (T/L) pouch,190.0
xll liq (F/L) 1ltr Rs.190,1 LTR சர்ப் எக்சல் (F/L) pouch,190.0
nature power papaya rs.50,Rs.50 நேச்சர் சோ.பப்பையா,50.0
lizol citrus 500ml Rs.123,500ml லைசால்  citrus,129.0
lollipop cintu pkt Rs.1,Rs.1 லாலிபாப் Cintu pkt,70.0
lollipop scv pkt Rs.1,Rs.1 லாலிபாப் SCV pkt,60.0
dettol soap cool 100g rs.42,100g டெட்டல் சோப் கூலஂ,44.0
dettol soap skincare 100G RS.42,100g டெட்டல் ஸஂகினஂ கேரஂ சோப்,42.0
kreamy krunch wafer Rs.5,Rs.5 Kreamy Krunch Wafer Jar,200.0
kadala urundai jar Rs.2,Rs.2 கடலை உருண்டை ஜார்,100.0
yellu urundai jar Rs.2,Rs.2 ரூ 30 எள்ளு உருண்டை ஜார்,100.0
chat masala sakthi 50g,50g சக்தி சாட் மசாலா,26.0
chaat masala everest 100g,100g எவரெஸ்ட் சாட் மசாலா,85.0
samBrani Rs.4 attai,Rs.4 சாம்ப்ராணி அட்டை,48.0
lion dates 200g rs.57,200g லயன் டேட்ஸ்,58.0
milk biscuit Rs.45,Rs.45 மில்க் பிஸ்கட்,45.0
ponvandu liquid 1L rs.110,1L பொன்வண்டு Liquid,110.0
nature power soap sandal rs.45,Rs.45 நேச்சர் பவர் சேண்டல்,45.0
rusk sobisco Rs.10,Rs.10 SOBISCO RUSK,10.0
chakra gold 250gM,250g  சக்ரா கோல்டு RS.225,225.0
cd lemon salt bro Rs.10 (1k) ,Rs.10 லெமன் சால்ட் (1k),360.0
cd local soda bro Rs.10(1k) ,Rs.10 BRO சோடா (1k),240.0
bb pinzo sticker (14p) saram,Rs.5 pinzo Sticker (14p) saram,70.0
him baby shampoo 60ml,60ml ஹிமாலயா பேபி சாம்பு,65.0
him baby p 100g rs.105,100g ஹிமாலயா பேபி பவுடர்,105.0
him baby p 50g rs.60,50g ஹிமாலயா பேபி பவுடர்,57.0
Him neam facewash 100ml,100ml ஹிமாலயா நீம் FaceWash,165.0
him aloevera facewash 100ml,100ml ஹிமாலயா Aloevera FaceWash,170.0
him kesar facewash 100ml,100ml Himalaya Kesar FaceWash,170.0
him charcoal facewash 50ml,50ML Charcoal FaceWash ,110.0
him charcoal facewash 100ml,100ML Charcoal FaceWash ,210.0
Him vim c facewash 50ml,50mlc Him Vim C FaceWash ,115.0
him strawberry facewash 50ml,50ml Strawberry FaceWash ,115.0
him blueberry facewash 100ml,100ml ஹிமாலயா Blueberry FaceWash,220.0
Him orange facewash 50ml,50ml ஹிமாலயா Orange FaceWash,115.0
him facewash kesar 100ml,100ml Himalaya Kesar FaceWash,170.0
him facewash charcoal 50ml,50ML Charcoal FaceWash ,110.0
him faceeash charcoal 100ml,100ML Charcoal FaceWash ,210.0
Him facewash orange 50ml,50ml ஹிமாலயா Orange FaceWash,115.0
him facewash strawberry 50ml,50ml Strawberry FaceWash ,115.0
him facewash neem 50ml,50ml ஹிமாலயா நீம் FaceWash,85.0
Him facewash neam 100ml,100ml ஹிமாலயா நீம் FaceWash,165.0
him facewash aloevera 50ml,50ml ஹிமாலயா Aloevera FaceWash,80.0
him facewash blueberry 100ml,100ml ஹிமாலயா Blueberry FaceWash,220.0
him facewash aloevera 100ml,100ml ஹிமாலயா Aloevera FaceWash,170.0
him facewash kesar 50ml,50ml Himalaya Kesar FaceWash,90.0
him facewash blueberry 50ml,50ml ஹிமாலயா Blueberry FaceWash,115.0
him facewash strawberry 100ml,100ml Strawberry FaceWash ,220.0
Him facewash orange 100ml,100ml ஹிமாலயா Orange FaceWash,220.0
Rin soap 230g Rs.20,RS.20 ரின் சோப்,20.0
maggi noodles Rs.60,Rs.60 மேகி  நூடுல்ஸ்,60.0
kitkat Rs.210,Rs.210 KITKAT,210.0
kitkat Rs.70,Rs.70 KITKAT,70.0
almond hair oil 45ml,45ML Almond Hair Oil,33.0
kambu mavu sixface 500g,500g Sixface கம்பு மாவு,40.0
raagi sixface 500g,500g Sixface ராகி மாவு,40.0
femi 3*320mm rs.75,RS.75 Femi 3*320mm,75.0
femi 4*280mm rs.75,RS.75 Femi 4*280mm,75.0
femi large 12*280mm rs.249,RS.249 Femi (L) 12*280mm,249.0
femi xl 10*320mm rs.249,RS.249 Femi (XL) 10*320mm,249.0
marie gold Rs.25,Rs.25 மேரி கோல்ட்,25.0
vcare hair color 25ml Rs.99,25ml Vcare Shampoo Hair Color,99.0
xll LIQ (F/L) mtr 1L Rs.199,Surf Xl Mtr Liq (F/L) 1L pouch,199.0
colgate brush kids Rs.20,Rs.20 கோல்கட் பிரஷ் Super Junior (9+3),180.0
dairymilk Mocha Almond Rs.50,Rs.50 டைரிமில்க் Mocha Almond,50.0
mugi LIQ POUCH 1.8L RS.209 ,1.8L முகி LIQ POUCH,209.0
mugi ULTRA LIQ JAR 500ML RS.110 ,500ML  முகி ULTA LIQ,110.0
mugi ULTRA LIQ JAR 1L RS.230 ,1L முகி ULTRA LIQ,230.0
bb pinzo noodals (14p) Rs.5,Rs.5 Pinzo நூடுல்ஸ் சாஸ் (14p) சாரம்,70.0
boost 500g Rs.239,500g Boost pkt,214.0
slate board small,ஸ்லேட் போர்டு  சின்னது,50.0
phelicon, பெளிகான்,25.0
phelicon unomax Rs.25,Rs.25 Unomax  பெளிகான்,25.0
phelicon s rs.10,Rs.10  பெளிகான்,12.0
m seal Rs.10,Rs.10 M சீல்,10.0
lollipop yogo Rs.5,லாலிபாப் யோகோ Rs.5,300.0
Elanthai attai Rs.2,இலந்தை அட்டை Rs.2,24.0
ajay children brush Saram,ajay சில்ரன்ஸ் பிரஸ் சரம்,18.0
ajay children brush Rs.18 Saram,Rs.18 அஜய்  சில்ரன்ஸ் பிரஸ் சரம் ,126.0
ajay children brush Rs.12 Saram,Rs.12 அஜய்  சில்ரன்ஸ் பிரஸ் சரம் ,144.0
ajay children brush Rs.20 Saram,Rs.20  அஜய்  சில்ரன்ஸ் பிரஸ் சரம் ,240.0
note youva checked 172p Rs.32,Youva Checked Note 172p,32.0
ux cartridge blue Rs.10,Unomax Cartridge Blue,10.0
cocacola 1Lt,1Lt cocacola,50.0
lion dates Qyno 500g (1+1),500g  லயன் டேட்ஸ் Qyno (1+1),186.0
ruchi lime pickle Rs.1 pai,Rs.1 ருசி லெ.ஊறுகாய் பை,100.0
dairymilk fuse Rs.45,Rs.45 டைரிமில்க்,45.0
sen freshgel 75g Rs.140,75g Sensodyne Freshgel,124.5
sen freshmint 75g Rs.140,75g Sensodyne Freshmint,124.5
sen deep clean 40g Rs.100,4og Sensodyne Deep Clean,89.0
sensodyne deep clean 40g Rs.100,4og Sensodyne Deep Clean,100.0
sen deep clean70g Rs.150,70g Sensodyne DeepClean,133.5
sensodyne rap relief 40g Rs.120,40g Sensodyne Rap Relief,120.0
sensodyne fresh gel 40g Rs.95,40g Sensodyne Fresh Gel ,95.0
sensodyne fresh mint 40g Rs.95,40g Sensodyne Fresh Mint,95.0
sen fresh mint 40g Rs.95,40g Sensodyne Fresh Mint,84.5
sen fresh gel 40g Rs.95,40g Sensodyne Fresh Gel,84.5
sen rap relief 40g Rs.120,40g Sensodyne Rap Relief,107.0
Rexona Deodorant 50ml RS.225,Rs.225 Rexona Deodorant Rollon 50ML,225.0
tomato ketchup 1.pkt (100pcs),டொமாடோ கெட்ச்அப் pkt (100pcs),100.0
stayfree xl Rs.45,Rs.45 Stayfree Xl,45.0
lessi 180ml,180 ml பிரிட்டானியா  லெசி,20.0
cold coffee,பிரிட்டானியா கோல்டு காபி,40.0
cd green bro 600ml,600ml பச்சை கூல் ட்ரிங்க்ஸ் (1k),40.0
cd black bro 600ml,600ml கருப்பு கலர்,40.0
cd mango bro 600ml,600ml மேங்கோ கூல் ட்ரிங்க்ஸ்,40.0
mil butter milk 200ml,200ml மில்கி மிஸ்ட் Butter Milk,20.0
dabur honey 500 ml,500 ml டாபர் ஹனி,250.0
pt mtr thool 50g,50g MTR பெருங்காயதூள்,90.0
dabur honey 20ml,20ml டாபர் ஹனி,24.0
badham MTR drink mix Rs.5 saram,Rs.5 பாதாம் மிக்ஸ் சரம்,60.0
navarathina oil 180ml Rs.150,180ml நவரத்னா ஆயில் ,150.0
vatika 38ml Rs.20,RS.20 vatika 38ml,20.0
ponds bright beauty Rs.59,15g Ponds Bright Beauty,65.0
bru Rs.3 saram,Rs.3 bru,3.0
bru Rs.3,Rs.3 புரூ,3.0
Fair & handsome 30g Rs.90,Fair & handsome 30g Rs.90,90.0
Fair & handsome 15g Rs.40,Rs.40 15g  Fair & handsome,40.0
Fair & handsome 60g Rs.175,60g  Rs.175Fair & handsome ,175.0
domex floor cleaner 500ml Rs.120,500ml டோமெக்ஸ் Floor Clea,120.0
eraser swan Rs.1 ,ரூ.1 SWAN ரப்பர் பாக்ஸ்,20.0
Elanthai podi saram Rs.1 ,Rs.1 இலந்தைபொடி pkt,30.0
soan papti Rs.2 jar,RS.2 சோன் பப்பொடி,60.0
parachute bottle 175ml Rs.71,175ml பாராசூட் ஜார்,71.0
milku Rs.250,Rs.2 Milku,250.0
chat masala everest 100g,100g எவரெஸ்ட் சாட் மசாலா,85.0
nature power soap rose rs.45,Rs.45 நேச்சர் பவர்.சோ ரோஸ்,45.0
indica easy 10ml Rs.15 ,Rs.15. இண்டிக ஈஸி 10ml,15.0
medimix clacic 125g*4 Rs.135,125g*4 மெடிமிக்ஸ் கிளாசிக் Set,135.0
alpenlieble Rs.5 pkt,alpenlieble Rs.5 pkt,240.0
lollipop alpenlieble Rs.5 pkt,lollipop alpenlieble Rs.5 pkt,240.0
bajji mavu badhri 200g,200g பத்ரி பஜ்ஜி மாவு,40.0
thiri nool panju Rs.2 pkt,Rs.2 பஞ்சு திரி நூல் pkt,200.0
sensodyne freshgel 150g,150g sensodyne freshgel ,252.0
sensodyne freshgel 150g Rs.252,150g sensodyne freshgel ,252.0
sensodyne fresh mint 150g Rs.252,150g sensodyne fresh mint ,252.0
indulekha hair oil 100ml.Rs.468,100ML இந்துலேகா hair oil,468.0
vathi bansuri Rs.15 ,Rs.15 பன்சுரி சைக்கிள் வத்தி,15.0
vathi bansuri Rs.10,Rs.10 பன்சுரி சைக்கிள் வத்தி,15.0
amul cool drinks,அமுல் கூல் டிரிங்க்ஸ்,30.0
double Heart  Lolipop Rs.200,Rs.200 Double Heart  Lolipop,200.0
vicco termari Wso skin cream 15g Rs.37 ,Rs.37 vicco termari Wso skin cream,37.0
colgate brush super flexi saram Rs.20,Rs.18 கோல்கட் சூப்பர் Flexi பிரஷ் சரம்  (11+2),198.0
rusk milk master Rs.40,Rs.40 மாஸ்டர் மில்க் ரஸ்க்,40.0
kopiko pkt Rs.105,Rs.1 கோபிகோ சாக்லேட் pkt,100.0
bun Rs.30,Rs.30 பன் (5P) pkt,25.0
dark fantasty Milkshake Rs.30,Rs.30  dark fantasty Milkshake,30.0
candyman fruitee Rs.100,Rs.100 கேன்டிமேன் புரிட்டி,100.0
lizol neam 200ml Rs.45,200ml Lizol Neam,45.0
dairymilk Lolipop Rs.5,RS.5 dairymilk Lolipop ,5.0
salt uppu kristal 1/2kg,500g கிரிஸ்டல் தூள் உப்பு,14.0
yardley Sandol soap Rs.70,Rs.70 yardley Sandol soap ,70.0
yardley jasmine soap Rs.70,Rs.70 yardley jasmine soap,70.0
nei GRB 1.Ltr rs.899,1Ltr GRP நெய் ,952.0
nei GRP 500ml rs.463,500ml GRP நெய்,463.0
nei GRP 200ml jar rs.192,200ml GRP நெய் jar,192.0
rusk anil rs.10,Rs.10 அணில் ரஸ்க்,10.0
rasna powder grapes,rasna powder grapes,95.0
cd orange bro 600ml,600ml ஆரஞ்சு கூல் ட்ரிங்க்ஸ் (1k),30.0
chakra gold pai Rs.10,Rs.10 சக்ரா கோல்டு பை (24),240.0
kaan flower mavu manakadu 100g,100g மணகாடு கான்ப்ளவர் மாவு,25.0
sen daily protection 20g Rs.20,20g Sensodyne Daily Protection,20.0
sen whiting 70g rs.160,70g Sensodyane Whiting,160.0
old spice lotion 50ml rs.149,50ml Old Spice Lotion ,149.0
head & sho (orange) R.2 saram,Rs.2 head & sho (ஆரஞ்சு) சரம்,40.0
head & shoulder (neem) Rs.2,Rs.2 Head & shoulder (நீம்) ,40.0
head & shoulder (neem) Rs.2 saram,Rs.2 Head & shoulder (நீம்) சரம்,40.0
head & shoulder(pink) Rs.2 saram,Rs.2 Head & Shoulder (பிங்க்) சரம் ,40.0
mini Rasna,மினி ரஸ்னா,75.0
snake gummy Rs.5,Rs.5 Snake Gummy,150.0
Funny Rabbit Rs.5,Rs.5 Funny Rabbit,120.0
jeera Toys,Jeera Toys,250.0
yelladai Rs.2,Rs.2 Yellada,200.0
star Murukku jar Rs.2,Rs.2 Star Murukku jar,200.0
bubbles Rs.5,Rs.5 Bubbles,150.0
tide naturals powder 500g Rs.45,500g டைடு நெச்சுரல்ஸ் பவுடர்,45.0
arial T&L pouch 1L rs.179,1L ஏரியல் (T&L) Pouch,179.0
arial liq T&L rs.10,Rs.10 ஏரியல் TL Liq,10.0
arial liq F&L rs.10,Rs.10 ஏரியல் FL Liq,10.0
oil gem's gold (sf) 500ML,500ml ஜெம்ஸ் கோல்ட் (SF),85.0
oil gem's gold (ma) 1ltr,1LTR ஜெம்ஸ் கோல்ட் (கடலை ) Pkt,240.0
lizol floral 200ml Rs.48,200ml லைசால் floral,48.0
mother horlicks 500g,500g Mother Horlicks,620.0
cocacola 400ml,250+150ml Cocacola,20.0
yardley rose Rs.80,Rs.80 Yardley Rose,80.0
yardley gentleman Soap Rs.80,Rs.80 Yardley Gentleman Soap,80.0
yardley laventer Soap Rs.80,Rs.80 Yardley Laventer Soap,80.0
sunrice 50g jar Rs.160, Rs.160 சுன்ரைஸ் ஜார்,160.0
sunrise 50g jar Rs.180,Rs.180 சன்ரைஸ் ஜார்,180.0
avt gold cup  250g Rs.225, Rs.225 Avt gold cup ,225.0
ujala 75ml RS.35,RS.35 75ML உஜாலா,35.0
complan pouch 400g,400g Complan Pouch,249.0
boro+ talc 150g Rs.140,Rs.140 boro+ talc 150g,140.0
dermicool powder 150+50g Rs.149,Rs.149 dermicool powder 150+50g,149.0
parachute bottle 175ml Rs.75,175ml பாராசூட் ஜார்,74.0
parachute bottle 175ml Rs.74,Rs.74 பாராசூட் ஜார்,74.0
hook safety pin pkt,Hook ( Safety Pin) pkt,100.0
rubber band Ambika pkt 200g,200g அம்பிகா ரப்பர்பேன்ட் pkt,150.0
HH camlin fountain ink pen Rs.50,RS.50 Camlin Ink Pen,50.0
tide powder 500g Rs.80,Rs.80 டைடு பவுடர் 1/2kg,84.0
theepam yennaie 1ltr bottle,1L  தீபம் எண்ணெய் பாட்டில்,180.0
sweet puri jar rs.5,Rs.5 ஸ்வீட் பூரி ஜார்,150.0
amurthanjan Rollon 2.5ml Rs.20,2.5ml அமுர்தான்ஜன் RollOn,20.0
Aachi Pickle (1+1) rs.95,ஆச்சி எலுமிச்சை ஊறுகாய் (1+1),84.0
lion dates 200g rs.58,200g லயன் டேட்ஸ்,58.0
lion dates desert king 250g pkt,250g லயன் டேட்ஸ் desert king pkt,142.0
Frutos Rs.150,Rs.150 Frutos,150.0
colour kova Rs.150,Rs.150 Colour Kova,150.0
thenga purfi jar Rs.2,Rs.2 தேங்காய் பர்பி jar,150.0
 Nyra jar Rs.2, Rs.2 Nyra Jar,150.0
Nyra jar Rs.2,Rs.2 Nyra jar,150.0
thenga purfi jar Rs.5,Rs.5  தேங்காய் பர்பி jar,120.0
popo jelly Rs.2,Rs.2 Popo Jelly,200.0
price attai Rs.600,Rs.600 Price Attai,600.0
price attai Rs.200,Rs.200  குளுக்கல்  அட்டை,200.0
snickers Rs.50,Rs.50 Snickers,50.0
snickers Rs.20,Rs.20 Snickers,20.0
snickers Rs.65,Rs.65 Snickers,65.0
snickers Rs.35,Rs.35 Snickers,35.0
snickers Rs.70,Rs.70 Snickers,70.0
snickers Rs.10 jar,Rs.10 jar snickers,320.0
parachute 100ml jar,100ml பாராசூட் jar,43.0
parachute 175ml,175ml பாராசூட் jar,111.0
hamam soap 150*3 Rs.210,150*3 Hamam Soap,210.0
gopuram kunkumam merun 40g (NO.11 dark red),40g கோபுரகுங்குமம் மெருன்,25.0
gopuram kungumam sivapu 20g RS.9 (sf red),20g கோபுரம்  குங்குமம் சிவப்பு,9.0
gopuram kunkumam merun 20g RS.12 (no.10 red kun),20g கோபுரம் குங்குமம் மெருன்,10.0
gopuram kungumam sivapu 40g (sf red),40g கோபுர குங்குமம் சிவப்பு,25.0
super max attai Rs.9,Rs.9 super max attai ,216.0
3roses 500g Refil,3roses 500g Refil,430.0
milk biscuit Rs.50,Rs.50 மில்க் பிஸ்கட்,50.0
note small size Rs.20 (ruled),Rs.20 மில்லன் ருல்டு நோட் (S),20.0
gift box Rs.5,Rs.5 Gift Box,100.0
3d boomer jar,3d boomer jar,150.0
chips Rs.1,Rs.1 Chips,45.0
gold bazzar Rs.5,Rs.5 Gold Bazzar,150.0
bike toys jar Rs.5,Rs.5 Bike Toys Jar,200.0
unibic CHOCOKISS BISCUIT,CHOCOKISS UNIBIC 1+1,55.0
galaxy choclate Rs.10,Rs.10 Galaxy Choclate,10.0
oil gems gold sf cane 5ltr,5Ltr ஜெம்ஸ் கோல்ட் SF ஆயில்,875.0
oil gem's gold (ma) 1ltr jar,1Ltr ஜெம்ஸ் கோல்ட் (கடலை ) ஜார்,250.0
oil gem's gold sf cane 5ltr,5Ltr ஜெம்ஸ் கோல்ட் SF கேன்,875.0
ravai rasathi 500g rs.40,500g ராசாத்தி ரவை,40.0
him baby gentle soap 50g,50g him baby gentle soap,47.0
him baby lotion 50ml,50ml him baby lotion ,55.0
Him prickly heat poweder 50g,50g Him prickly heat poweder,65.0
Him prickly heat powder 200g,200g Him prickly heat powder ,205.0
bb skitos kuram Rs.5 saram,Rs.5 ஸ்கிடோஸ் குர்குரே சரம்  (14p),70.0
benten small,benten small,60.0
room spray godrej 220ml,220ml Godrej Room Spray,99.0
godrej selfie shampoo hair colour Rs.30,Rs.30 கோத்ரேஜ்  செல்பி ஹர் கலர்,30.0
Tang Rasna 500g Rs.170,500g Tang ஆரஞ்சு ,170.0
unibic wafer box 12ps,unibic wafer box 12ps,120.0
malkist biscuit rs.50,RS.50 Malkist Biscuit,50.0
lifebuoy soap 125g Rs.42,125g லைபாய் சோப்,38.0
indica easy 12g Rs.30,18g இன்டிகா ஈஸி,30.0
moong tal townbus 12ps Rs.5 saram,Rs.5 மூங் டால் டவுன்பஸ் சரம்,60.0
cd bro energy drink Rs.12,Rs.12 Bro Energy Drink(20p),240.0
cd energy drink Rs.12,Rs.12 Energy Drink(20p),240.0
cd apple bro rs.10 (1k),Rs.10  ஆப்பிள் (1k),300.0
cd pineapple bro rs.10 (1k) ,Rs.12 பைனாப்பிள் கூல்ட்ரிங்க்ஸ் (30p),360.0
cd litchi bro rs.12 (24p),Rs.12  லிச்சி கூல்ட்ரிங் (24p),288.0
cd lemon salt Rs.10 (24p) ,Rs.12  லெமன் சால்ட் (24p),288.0
pt ss thool 50g,50g SS பெருங்காயதூள்,90.0
pt ss thool 25g,52g SS பெருங்காயதூள்,45.0
santoor soap 100g  Rs.40,100g சந்தூர் சோப்பு (w) Pen,40.0
oats kelloggs 850g Rs.224,425*2g Kellogg's Oats jar ,224.0
milk shake cavins 170ml rs.40,Rs.40 Cavins Milk Shake,40.0
hamam 100g soap Rs.44,100g ஹமாம்,44.0
cloth clip pkt rs.89,Rs.89 Cloth Clip Pkt,89.0
indica easy 18g Rs.30,18g இன்டிகா ஈஸி,30.0
more light liq jar 5ltr Rs.349,3L+2L மோர் லைட் Liq ஜார் ,360.0
Eveready led tubelight 20w ,20w Everaedy Led Tubelight ,239.0
kundu ulunth ms 250g pkt,250g MS குண்டு உளுந்து pkt,80.0
pears pure&gentle 75g Rs.40 ,75g Pears Gold Pure & Gentle ,40.0
DD Ice cream 1+1 500ml  ,ஐஸ் கிரிம் 500ml (1+1),160.0
morsels rs.5 box,Rs.5 Morsels Box,350.0
kannan pickle Rs.5 saram,ரூ.5 கண்ணன் ஊறுகாய்  சரம்,55.0
carry bag (24*27) BLUE,கேரி பேகஂ (24*27) BLUE,20.0
sambrani Thillai cup Rs.60,Rs.60 தில்லை கப் சாம்ப்ராணி,60.0
yippee noodles Rs.10 saram,Rs.10 yippee நூடல்ஸ் சரம்,120.0
manjal thool sakthi 50g,50g மஞ்சத்தூள் சக்தி,18.0
manjal thool Rakal 50g,50g  Rakal மஞ்சள்தூள்,20.0
lux soap rose Rs.40,lux soap rose ,40.0
Eno lemon,Eno lemon,11.0
Eno orange ,Eno orange ,10.0
Eno Regular ++,Eno Regular,10.0
idli maaou 1 kg,இட்லி மாவு,55.0
salted biscuit,சால்ட் பிஸ்கட்,25.0
bullet 10kg pai,புல்லெட் 10kg பை,700.0
gokul santol Rs.45 (p),30g கோகுல் பவுடர்,45.0
pears soap blue 100g,பியர்ஸ் ப்ளூ 100g,50.0
chakra gold Rs.5 pai ,ரூ.5 சக்ரா கோல்டு பை,300.0
juice Rs.1 pkt,Rs.1 Juice Pkt,30.0
paakku mittai 50paisa,பாக்கு மிட்டாய் ,50.0
jelly cintu jar Rs.2,Rs.2 cintu jelly jar,150.0
pakku mittai 50paisa,பாக்கு மிட்டாய்  jar,50.0
Nyra jar Rs.1,Rs.1 Nyra Jar,160.0
balloon attai Rs.10 ,Rs.10 பலூன் அட்டை,120.0
lollipop kulfi pkt Rs1,Rs.1 Kulfi  lollipop pkt,80.0
lollipop Jersey box Rs.5,Rs.5 Jersey lollipop box,150.0
Eclairs harsh+ Rs.50 (0.50p),Rs.50 Eclairs harsh  pkt,50.0
navarathina oil Rs.10,Rs.10 நவரத்தின oil ,10.0
citrus plus tub (500g+500g),(500g+500g) citrus plus tub,70.0
avt gold cup 250g Rs.215,Rs.215 Avt Gold Cup 250g pkt,215.0
dettol soap cool Rs.44,100g டெட்டால் சோப் கூல்,40.0
dettol soap og Rs.44,Rs.44 டெட்டால் சோப் og,44.0
lizol floral 500ml+,500ml லைசால்  Floral,123.0
nycil cool herbal Rs.159,Rs.159 Nycil Cool Herbal,159.0
karam மசாலா Rs.5  saram+,Rs.5 கரம் மசாலா சரம்,50.0
tide powder 500g+,500g JR டைடு பவுடர்,69.0
godrej aer car fragrance,car fragrance godrej AER O,99.0
godrej aer bathroom fragrance,Bathroom Freagrance godrej AER,65.0
z talc powder Rs.25,30g Z Talc Powder,25.0
hit rat mat,Rat mat hit,120.0
clinic+ egg sampoo saram Rs.1,Rs.1 கிளினிக் எஃகு ஒயஂடஂ  சரம்,16.0
varuthamanilaa attai rs.5,Rs.5 வறுத்தமல்லாட்டை அட்டை,60.0
santoor soap 100g  Rs.41,100g சந்தூர் சேண்டல்,37.0
bun cake jar rs.250,Rs.250 பன் கேக் ஜார்,250.0
mixed fruit glugose candy jar rs.200 ,Mixed Fruit Glugose Candy Jar,200.0
whisper choice Easy Carry pack Rs.50,RS.50 whisper choice Easy Carry pack,50.0
bubbles Rs.1,Rs.1 Biggest Bubbles Tattoo,50.0
parachute 100ml jar rs.50,100ML பாராசூட் jar,50.0
parachute 250ml jar rs.122,250ml பாராசூட் jar,122.0
rusk elite milk Rs.10,Rs.10 எலைட்மில்க் ரஸ்க்,10.0
vathi zed black pineapple Rs.60,Rs.60 செட் பைனாப்பிள் ப்ளாக் வத்தி,60.0
pt TT thool 2.5g rs.2,2.5g TT பெருங்காயதூள் சரம்,40.0
3roses 25g rs.20,25g 3ரோசஸ்,20.0
hamam soap 100g*4p rs.172,100g*4p ஹமாம் சோப்,172.0
lux soap rose 100g Rs.42,100g லக்ஸ் சோப் ரோஸ்,42.0
marie light Rs.20,Rs.20 மேரிலைட்,20.0
milk maid milky mist tin 395g,395g மில்கி மிஸ்ட் Condensed Milk,145.0
santhanam powder 50g Rs.25,50g சந்தன பவுடர்,25.0
hide & seek Rs.30, Rs.30 Hide & Seek ,30.0
nei GRB 1.Ltr rs.952,1Ltr GRB நெய்,952.0
Mr.gold coconut oil 500ml pkt,500ml Mr.கோல்டு தே.எண்ணெய் pkt,205.0
salt uppu tata rs.30,1kg டாட்டா சால்ட்,30.0
kanan devan tea classic 250g,250g கணன்தேவன் கிளாசிக்  டீ ,105.0
kimia dates 500g rs.310,500g கிமியா டேட்ஸ்,310.0
belladonna6 hole plaster Rs.175,Belladonna Hole Plaster,150.0
lion dates desert king 500g cup,500g லயன் டேட்ஸ் Desert King cup,299.0
axe spray 150ml Rs.245,150ml  Axe Bodyspray  ,245.0
varikki ooty jar Rs.5,Rs.5 ஊட்டி  வரிக்கி jar,300.0
dubai candy Rs.1,Rs.1 துபாய் சாக்லேட் ,200.0
allout LIQ 45ml Rs.85,45ml ஆல்அவுட் LIQ ,85.0
lizol citrus 975ml rs.235,975ml Lizol Citrus ,235.0
cc shift (d),ஷிப்ட் டபுள்,240.0
cc shift (s),ஷிப்ட் சிங்கில்,200.0
steel scrup bluum atta Rs.15,Rs.15 கம்பி நார் அட்டை,180.0
5 star box Rs.5,Rs.5 5 Star box,270.0
oreo pai Rs.5,Rs.5 Oreo பை,240.0
tic tic mix fruti jar rs.5 ,Rs.5 Tic Tic Mix Fruti Jar,360.0
tic tac mix fruti jar rs.5 ,Rs.5 Tic Tac Mix Fruti Jar,360.0
lifebuoy soap 125g*4 set Rs.160,125g*4 லைபாய் சோப்,160.0
taaza gold tea shop 1kg,1kg Taaza கோல்டு டீ (ஹோட்டல் ),285.0
him baby nourishing soap 125g Rs.90,125g ஹிமாலயா NOURISHIN பேபி  சோப்,90.0
dove daily shine shampoo Rs.2,Rs.2 டவ்  டெய்லி  ஷாம்பூ,16.0
him baby Refreshing soap 125g Rs.100,125g ஹிமாலயா Refreshing பேபி  சோப் ,100.0
Nabati unibic wafer yellow Rs.10,Rs.10 Unibic Yellow,10.0
Nabati unibic cho Rs.10,Rs.10 Unibic cho,10.0
Nabati unibic pink Rs.10,Rs.10 Unibic pink,10.0
bb skitos wheels Rs.5 saram,Rs.5 ஸ்கிடோஸ் வீல் சரம்  (14p),70.0
margo 100*4 Rs.165,100*4 Margo Set,165.0
santoor soap 100g rs.42,100g சந்தூர் சோப்பு,42.0
mezhuvarthi big Rs.40,Rs.40 மெழுவர்த்தி பெருசு (1P),40.0
mezhuvarthi big Rs.60,Rs.60 மெழுகுவர்த்தி (பெருசு) (1P),60.0
mezhuvarthi madha Rs.60 (10p) pkt,Rs.60 மெழுவர்த்தி (10p),60.0
mezhuvarthi madha Rs.35 (10p) pkt,Rs.35 மெழுவர்த்தி (10p),35.0
mezhuvarthi madha Rs.12 (8p) pkt,Rs.12 மெழுவர்த்தி (8p),96.0
vathi mangaldeep Rs.60,Rs.60 மங்கல்தீப் வத்தி,60.0
dasangam cone tprg box rs.45,TPRG தசாங்கம் கோண்  பாக்ஸ்,45.0
bb kurcure Rs.5(14ps)saram ,Rs.5 குர்குரே  சரம் (14p),70.0
cone box Rs.1,Rs.1 cone box,150.0
feeding bottle jeera Rs.5,Rs.5 feeding bottle jeera jar,250.0
merymilk Rs.2,Rs.2 merymilk box,120.0
Rico chocolate Rs.2,Rs.2 Rico chocolate,200.0
jumbing ball attai ,jumbing ball attai,150.0
close up paste 150g Rs135,150g Close up Paste ,140.0
tiger Rs.3(1pai),Rs.3 டைகர் பிஸ்கட் பை (24p),72.0
oil idhayam nallannai 50ml Rs.20,50ml இதயம் (ந.எ),22.0
hamam 100g soap Rs.45,100g ஹமாம்,45.0
xll soap Rs.33,Rs.33 சர்ப் எக்சல் சோப்,33.0
HH camlin math box Rs.75,Rs.75 Camlin Math Box,75.0
HH camlin math box exam basic rs.100,Rs.100 Camlin Math Box,100.0
HH camlin math box rs.140,Rs.140 Camlin Math Box,140.0
HH camlin math box exam rs.160,Rs.160 Camlin Math Box,160.0
HH camlin math box Rs.200,Rs.200 Camlin Math Box ,200.0
note youva (s) 84p Rs.18 (ruled),Youva Note (s) 84p (Ruld),18.0
note youva (s) 172p Rs.32 (2-L),Youva Note (s) 172p (2-L),30.0
note youva (s) 172p Rs.32 (4L),Youva Note (s) 172p (4-L),32.0
note youva (s) 172p Rs.32 (maths),Youva Note (s) 172p (maths),32.0
ravai samba elite 500g Rs.84,500g எலைட் சம்பா ரவை,84.0
bb skitos moon Rs.5 saram,Rs.5 ஸ்கிடோஸ் Moon சரம்  (14p),70.0
HH camlin colour pencil 12 Ps,colour pencil 12 ps camlin,30.0
note youva (s)172p Rs.20 (2-L),note youva (s)172p Rs.20 (2-L),30.0
note youva (s) 172p Rs.30 (2-L),Youva Note (s) 172p (2-L),30.0
note youva (s) 172p Rs.30 (maths),Youva Note (S) 172p (maths),30.0
note youva (L) 160p Rs.60 (unruled),Youva Note (L) 160p (UnRuled),60.0
vathi cycle 3in1 Rs.5,Rs.5 3in1 சைக்கிள் வத்தி,60.0
bb pinzo saram (14p) Rs.5,Rs.5 பின்சோ சரம் (14ps),70.0
maggi noodles Rs.90,Rs.90 மேகி நூடுல்ஸ்,90.0
Nabati otter box cho Rs.5 ,Rs.5 நபாட்டி Otter Cho பாக்ஸ்,150.0
rusk britanniya Rs.40,Rs.40 பிரிட்டானியா ரஸ்க்,40.0
water 300ml 35p,300ml வாட்டர் பாக்ஸ் 30p,180.0
karam மசாலா Rs.5  saram,Rs.5 கரம் மசாலா சரம்,50.0
note youva (L) 92p Rs.35 (ruled),Youva Note (L) 92p (Ruled),35.0
colgate salt 100g Rs.84,100g கோல்கேட் சால்ட்,84.0
comfort goodnight kosuvathi Rs.180,RS.180 குட் நைட் கொசுவத்தி,180.0
stayfree regular Rs.37,Rs.37 Stayfree Regular,37.0
milk maid pkt  Rs.89,210g மில்க்மெய்டு PKT,89.0
pen attai rs.6,Rs.6 பேனா அட்டை (50p),300.0
gokul santol 70g rs.82,70g கோகுல் சாண்டல்,82.0
horlicks junior jar 500g Rs.345,500g Horlicks Junior Jar,305.0
liril soap 100g Rs.41,100g Liril Soap,41.0
Fountain pen Rs.60,Rs.60 Fountain pen,60.0
Fountain pen Rs.100,Rs.100 Fountain pen,100.0
nei SKC 500ml RS.485,500ML SKC நெய்,485.0
nei SKC 1 ltr Rs.980,1L Skc நெய்,980.0
aswini 40ML,40ML அஸ்வினி ஆயில்,52.0
aswini 170ml,170ML அஸ்வினி ஆயில்,196.0
aswini 85ML,85ML அஸ்வினி ஆயில்,102.0
aswini 350ml,350ml அஸ்வினி ஆயில்,295.0
note youva (L) 92p Rs.35 (unruled),note youva (L) 92p Rs.35 (unruled),35.0
arisi maavu elite 500g,500g Elite கொழுக்கட்டை  அரிசிமாவு,45.0
Ecalrs MILK  Rs.50,Ecalrs MILK  Rs.50,50.0
note youva (L) 160p Rs.95 (ruled) HB,note youva (L) 160p Rs.95 (ruled) HB,95.0
whisper choice Rs.37,Rs.37 Whisper Choice,37.0
Jim JAM,Jim JAM,10.0
Jim jam Rs.10,Rs.10 Jim Jam,10.0
winkin cow growmilkshake,winkin cow growmilkshake,20.0
winkin cow growmilkshake Rs.20,Rs.20 Growmilkshake,20.0
dabur red paste 100g Rs 75,100g டாபர்ரெட் பேஸ்ட்,75.0
cup cake sobisco saram Rs.5,Rs.5 Sobisco கப் கேக் சரம் (12p),60.0
cinthol block 100g Rs.50,cinthol block 100g Rs.50,50.0
pacha karpooram bell 2g ,2g பெல் பச்சை கற்பூரம்,18.0
dairymilk Lolipop Rs.5 pai,Rs.5 dairymilk Lolipop pai,240.0
chandrika soap 125g*3 Rs.156,125g*3 சந்திரிகா சோப்பு,156.0
power tyko liquid 5lr,power tyko liquid 5lr,415.0
dabur red paste 100g Rs72,100g டாபர்ரெட் பேஸ்ட்,72.0
note shape (L) 160p Rs.60 (ruled),note shape (L) 160p Rs.60 (ruled),60.0
note shape (L) 160p Rs.60 (unruled),note shape (L) 160p Rs.60 (unruled),60.0
note youva (L) 160p Rs.60 (ruled),note youva (L) 160p Rs.60 (ruled),60.0
xll powder quick wash 500g Rs.115,500g சர்ப் Quickwash பவுடர்,115.0
taaza gold (tea) 500g Rs.140,500g Taaza கோல்டு டீ,140.0
vim liqid Rs10,Rs.10 Vim Liquid,10.0
dove soap blue 75g Rs.45,75g Dove Soap Blue,40.0
kissan jam 100g Rs.25,100g கிசான் ஜாம்,25.0
kaan flower mavu Amutham 1kg pkt,1kg அமுதம் கான்ப்ளவர் மாவு,90.0
Mr.gold coconut oil jar 1L,1L Mr.கோல்டு தே.எண்ணெய் Jar,295.0
Mr.gold coconut oil pkt 1L,1L Mr.கோல்டு தே.எண்ணெய் pkt,295.0
Mr.gold coconut oil battle 1ltr ,1L Mr.கோல்டு தே.எண்ணெய் battle,409.0
gt gillette cream reg 93g Rs.75,gt gillette cream reg 93g Rs.75,75.0
gt gillette cream reg 30g Rs.40,gt gillette cream reg 30g Rs.40,40.0
gt gillette cream lime 93g Rs.75,gt gillette cream lime 93g Rs.75,75.0
gt gillette cream lime 30g Rs.40,gt gillette cream lime 30g Rs.40,40.0
xll liq (t/L) 1ltr pouch Rs.149,Rs.149 1 ltr சர்ப் எக்சல் (T/L) pouch,149.0
arial liq FL 500ml Rs.138,500ML ஏரியல் liq FL,138.0
pears P&G 100g Rs.58 ,Pears P&G 100g Rs.58 ,58.0
3d eye ball Rs.5 ,3d eye ball Rs.5,150.0
ponds sandal 50g Rs.77,50g  பாண்ட்ஸ் சண்டெல் பவுடர்,77.0
xll LIQ (F/L) mtr 1L Rs.169,1L 1 LTR சர்ப் எக்சல் (F/L) pouch,169.0
Eclairs creame Rs.50,Eclairs creame Rs.50,50.0
theepam yennaie Nithiyam 200ml bottle,250ml தீபம் எண்ணெய் Bottle,74.0
theepam yennaie Nithiyam 250ml bottle,250ml நித்தியம் தீபம் எண்ணெய் Bottle,69.0
anil samba ravai 500g rs.86,500g அணில் சம்பா ரவை,86.0
godrej genteel liquid detergent 1kg,1kg  கோட்ரெஜ் ஜென்டீல் ,150.0
godrej liguid 12pcs pai ,12Pcs Pai Godrej Liguid ,120.0
stick pen ,Stick Pen,10.0
Fab liq rs.10 pai ,Rs.10 Fab Liq (12p) பை ,120.0
godrej Fab liq rs.10 pai ,Rs.10 Fab Liq (12p) பை,120.0
lifebuoy handwash 190ml,190ML லைபாய்  Handwash,99.0
arial powder blue 1/2kg Rs99,500g ஏரியல் பவுடர் blue,89.0
"sowdambigaa chips,muruku Rs.50","sowdambigaa chips,muruku Rs.50",50.0
supreme fresh naphthalene ball 40g Rs.28,40g Supreme Fresh Naphthalene Ball,28.0
manna oats 500g jar rs.150,500g Manna Oats Jar,150.0
Jay Ec Wash Liquid 2L Rs.99,Rs.99 ஜாய் ஈசிவாஷ் Liquid,99.0
winkin cow lassi rs.25,Rs.25 Winkin Cow Lassi,25.0
note youva (s) 172p Rs.30 (4L),Youva Note (s) 172p (4-L),30.0
varaku arisi 500g rs.145,500g வரகு அரிசி pkt,145.0
thenai arisi 500g Rs.145,500g திணை அரிசி pkt,145.0
samai arisi 500g Rs.145,500g சாமை அரிசி pkt,145.0
kuthiravali arisi 500g rs.145 ,500g குதிரைவாலி அரிசி pkt,145.0
vaipaadu small rs.15,Rs.15 வாய்பாடு,15.0
vaipaadu med rs.30,Rs.30 வாய்பாடு,30.0
dabur red paste 100g Rs.75,100g  டாபர்ரெட் பேஸ்ட்,69.0
ux cartridge black Rs.10,Unomax Cartridge Black,10.0
ux pilot cartridge v7-red 2p,V7-Red Pilot cartridge 2p,30.0
paneer hatsun 200g rs.130,200g Hatsunபனீர் pkt,130.0
levista 200g Rs.250,200g லிவிஸ்டா,250.0
bb tedhe medhe black,Rs.5 டெடி மிடி குர்குரே கருப்பு,5.0
kannan devan tea Red 100g,100g கணஂணனஂ தேவனஂ டீ சிவப்பு,42.0
kannan devan tea Green 100g,100g கணஂணனஂ தேவனஂ டீ பச்சை,42.0
badham yessan,பாதாம் எசன்ஸ்,35.0
goodKnight gold flash machine set Rs.105,குட்நைட் (GF) மெஷின் செட்,105.0
margo Rs.40,100g மார்கோ,40.0
Rin powder Rs.5 saram,Rs.5 ரின் பவுடர் சரம்,5.0
VVD 100ml Rs.50 jar,VVD 100ml Rs.50 jar,50.0
sen brush (2+1) Rs.140,Rs.140 Sen brush (2+1),140.0
parachute 250ml jar rs.130,250ml பாராசூட் jar,130.0
VVD gold coco.oil 150ml,VVD gold coco.oil 150ml,45.0
VVD gold coco.oil 150ml Rs.90,150ml VVD gold coco.oil JAR,90.0
VVD gold coco.oil 40ml Rs.30 ,Rs.30 VVD gold coco.oil,30.0
sen brush [5+1] RS.350,RS.350 Sen Brush [5+1] ,350.0
aththi 250g pkt,அத்தி 250g pkt,300.0
3roses TOPstar 250g jar,3 ரோசஸ் டாப் ஸ்டார் 250g jar,225.0
nature power soap sandal Saram rs.10,Rs.10நேச்சர் பவர் சேண்டல் சரம்,120.0
nature power soap rose Saram rs.10,நேச்சர் பவர் ரோஸ் சரம்,120.0
nature power soap lime Saram rs.10,Rs.10நேச்சர் பவர் லைம் சரம்,120.0
cinthol original soap 100g Rs.45,100g சிந்தால் (og),45.0
dove serum 75g,dove serum 75g,45.0
nei RKG 500ML,500ml RKG நெய்,496.0
Ecalrs MILK  Rs.100,Ecalrs MILK  Rs.100,100.0
A to Z Jelly,A to Z Jelly,75.0
Engage pocket perfume rs.65,Rs.65 Engage Pocket Perfume,65.0
bru jar 40g Rs.150,40g புரூ காபி jar,150.0
chandrika soap 75g Rs.35,75g சந்திரிகா சோப்,35.0
dabur amla hair oil 275ml rs.149 ,275ml டாபர் அம்லா ஆயில்,149.0
him baby hair oil 100ml Rs.160,100ml ஹிமாலயா பேபி  hair oil,160.0
VVD gold coco.oil 200ml JAR,200ml Vvd தே.எண்ணெய் JAR,160.0
colgate brush saram Rs.30,Rs.30 கோல்கட் பிரஷ் சரம்,270.0
nei RKG rs.10,Rs.10 RKG நெய்,10.0
kp namboodiri 150g rs.97,150g kp நம்புதிரி பேஸ்ட்,97.0
be evita classic rs.27,Rs.27 Evita Classic (6p),27.0
be classic regular dry rs.42,Rs.42 Bella Classic Regular Dry (8p),42.0
be classic regular soft rs.42,Rs.42 Bella Classic Regular Soft,42.0
be classic maxi rs.45,Rs.42 Bella Classic Regular Maxi,45.0
be classic maxi drai rs.45,Rs.42 Bella Classic Regular Maxi Drai,45.0
be classic maxi soft rs.45,Rs.42 Bella Classic Regular Maxi Soft,45.0
strawberry fruit cintu rs.1,Rs.1 Strawberry Fruit Cintu,150.0
jelly mangolik cintu jar Rs.5,Rs.5 Mangolik Jelly Cintu Jar,200.0
revive stiffener powder 200g,200g Revive Stiffener Powder,73.0
revive stiffener powder 50g,50g Revive Stiffener Powder,20.0
manna health mix 250g,250g Manna Health Mix ,169.0
cd panner soda bro Rs.10 (1k),Rs.10 பன்னிர் சோடா (1k),300.0
cd balck bro Rs.10 (1k),Rs.10 கருப்பு கலர்  (1k),300.0
cd orange bro Rs.10 (1k),Rs.10 ஆரஞ்சு கூல்ட்ரிங்க்ஸ்  (1k),300.0
cd mango bro Rs.10 (1k),Rs.10  மேங்கோ கூல்ட்ரிங்க்ஸ் (1k),300.0
cd green bro Rs.10 (1k),Rs.10 பச்சை கூல்ட்ரிங்க்ஸ் (1k),300.0
cd guava bro Rs.10 (1k),Rs.10 கொய்யா கூல்ட்ரிங்க்ஸ் (1k),300.0
app rasathi 100g,app rasathi 100g,12.0
app rasathi applam 100g,100g ராசாத்தி அப்பளம்,30.0
vicco termari cream 30g Rs.150 ,30g விக்கோ டெர்மாரி கிரீம்,150.0
vicco termari Wso skin cream 30g Rs.80 ,30g Vicco Termari Wso Skin Cream,80.0
mango bar pkt Rs.1 ,Rs.1 மேங்கோ Bar Pkt,24.0
kopiko pkt Rs.100,Rs.1 கோபிகோ சாக்லேட் pkt,100.0
vip hair color shampoo Rs.24 ,Rs.24 Vip Hair Color Shampoo,24.0
choco munch saram rs.10,Rs.10 Choco Munch சரம் (W) pencil,160.0
vathi cycle Rs.25,Rs.25 சைக்கிள் வத்தி,25.0
kalla maavu jothi 500g,500g ஜோதி கள்ளமாவு,50.0
tide powder 1kg Rs.138,1kg டைடு பவுடர்,138.0
gokul pink powder 50g Rs.55,50g கோகுல் பவுடர் Pink,55.0
gokul santol powder 140g Rs140,140g கோகுல் சாண்டல் பவுடர்,140.0
avt premium 100g jar Rs.50,100g AVT Premium Jar,50.0
harpic red 500ml Rs.115,500ml ஹார்பிக் சிகப்பு,115.0
dettol soap cool 100g rs.46,100g டெட்டல் சோப் கூலஂ,46.0
nei GRP 50ml,50ml GRP நெய்,58.0
kitkat Jar Rs.10,Rs.10 Kitkat Jar,580.0
VVD 100ml jar Rs.70,100ml VVD Jar,70.0
healthmix JK 500g,500g J.K Health Mix,200.0
dairymilk Rs.55,Rs.55 டைரிமில்க்,55.0
ux eraserite pen rs.25,Rs.25 Ux Eraserite Pen (pelican),25.0
thosai maav alamu,1KG அலமு தோசைமாவு,45.0
yippee noodles Rs.60,Rs.60 Yippee Noodloes,60.0
amutham mnei,Amutham nei kich ponni rice,1600.0
Germichek flush mate 500ml,500ml Germichek Flush Mate (1+1) ,115.0
gokul sandal soap 75gm Rs.45,75GM கோகுல் சண்டல் சோப்பு,45.0
dairymilk Rs.30,Rs.30 Dairymilk,30.0
ATTAR TPRG Rs.40,Rs.40 TPRG அத்தர் 3ml,40.0
bru jar 40g Rs.160,40g Bru Jar,140.0
colgate salt 100g Rs.78,100g கோல்கேட் சால்ட்,78.0
vatika 150ml Rs.95,150ml Vatika Hair Oil,115.0
him baby gentle soap Rs.68,Rs.68 ஹிமாலயா பேபி  சோப் ஜென்டில்,68.0
dairy roll Rs.2,Rs.2 Dairy Roll ,150.0
chhoco stike Rs.1,Rs.1 Chhoco Stike ,105.0
dark street Rs.1,Rs.1 Dark Street ,150.0
choco stike Rs.1,Rs.1 Choco Stike,105.0
strawberry lollipop jar Rs.1,Rs.1 Strawberry Lollipop jar ,100.0
VVD gold coco.oil 400ml jar Rs.300,400ml Vvd தே.எண்ணெய் jar 400ml,300.0
VVD gold coco.oil 150ml Rs.105,150ml Vvd தே.எண்ணெய் jar,105.0
avt gold cup 2kg ,AVT Gold Cup 2kg,1300.0
parachute 250ml jar rs.157+,250ml பாராசூட் jar,157.0
raagi maavu chozhas 500g,500g சோழாஸ் ராகி மாவு,40.0
kambu maavu chozhas 500g,500g சோழாஸ் கம்புமாவு,40.0
hamam soap 100g Rs.40,100g ஹமாம்,40.0
yellu red ras 50g,50g RAS சிவப்பு எள்ளு pkt,18.0
dettol soap cool 100g*5 Rs.195,100g*5  டெட்டல் சோப் கூலஂ செட்,195.0
dettol soap og 100g*5p Rs.195 ,100g*5p டெட்டல் சோப் ஒரிஜினல்,175.0
dairymilk Rs.50,Rs.50 டைரிமில்க்,50.0
close up paste 150g Rs 140,close up paste 150g,140.0
tomato sauce chillam 1KG,1kg செல்லம் டொமாடோ,94.0
mappillai samba rice pkt 500g,500g மாப்பிள்ளை சம்பா pkt,145.0
unomax knock ballpen Rs.6 pkt,unomax knock ballpen Rs.6 pkt,30.0
note youva (k)size 156p(ruled),note youva (k)size 156p(ruled),45.0
note youva (k)size 156p(unruled),note youva (k)size 156p(unruled),45.0
oil gem's gold 100ml box,100ml SF ஜெம்ஸ் கோல்ட்,20.0
theepam yennaie amutham pkt 500ml,500ml தீபம் எண்ணெய் PKT,110.0
women HORLICKS 200g,women HORLICKS 200g,170.0
women HORLICKS 400g,women HORLICKS 400g,284.0
inimai semiya,இனிமை சேமியா,19.0
kozhukattai maavu elite 500g,500g எலைட் கொழுக்கட்டைமாவு,47.0
kannan devan tea classic 250g rs.105,250g கண்ணன் தேவன் டீ கிளாசிக்,105.0
kannan devan strong tea 250g,250g கண்ணன் தேவன் டீ  Strong,105.0
vathi cycle popular Rs.70,Rs.70 Popular சைக்கிள் வத்தி,70.0
muttai masala aachi 50g,50g ஆச்சி முட்டைமசாலா,30.0
Frooty 1.8 Ltr,1.8 ltr ப்ரூட்டி,100.0
cd apple FIZZ RS.10,RS.10 Apple Fizz,10.0
jelly popo jar rs.2,Rs.2 Popo Jelly Jar,200.0
dp pampers Rs.32 (L) 2ps,பேம்பெர்ஸ்  (L) 2pcs,32.0
bru 50g Rs.170 pkt,50G Bru  pkt,170.0
gokul santol 30G.RS.45 (p),30g கோகுல் சாண்டல் பவுடர்,40.0
kaan flower maavu vijay 1kg pkt,1kg விஜய் கான்ப்ளவர் மாவு,90.0
xll liq (T/L) 1ltr Rs.225 jar,1 LTR சர்ப் எக்சல் (T/L) Jar,225.0
anil semiya millet combo (6in1) 180g,180g அணில்  சிறுதனியம் சேமியா (5+1),160.0
chutti soap 200g rs.10,Rs.10 சுட்டி சோப் (60p),600.0
kitkat Rs.90,Rs.90 KITKAT,90.0
Shavex razors attai rs.20,Rs.20 Shavex Razors அட்டை,480.0
him baby gentle soap Rs.70,Rs.70 ஹிமாலயா பேபி  சோப் ஜென்டில்,70.0
semiya daily pai 180g (20ps),180g டெய்லி சேமியா பை,460.0
sulthan rs.10 pai,Rs.10 சுல்தான் (3p),30.0
Rin liquid 850ml Rs.150,Rs.150 850ml ரின் liquid T/l,150.0
Rin liquid 850ml Rs.150 JAR,Rs.150 850ml ரின் liquid T/l  JAR,150.0
whisper choice XXL Rs.55,Rs.55 விஸ்பர் choice XXL (6P),55.0
app ANNAM 100G NO.6,100g அன்னம் அப்பளம்,30.0
app ANNAM 50G NO.6,50g அன்னம் அப்பளம்,15.0
avt tea premium 500g,500g Avt Premium Tea pkt,158.0
avt gold cup 500g   ,500g Avt Gold cup pkt,325.0
bb bingo saram Rs.5,Rs.5 பிங்கோ சரம் (17p),80.0
gt 7o'clock blades rs.40,7o'Clock Blades (Green),40.0
basmathi urban royal xxl 1kg pkt,1kg Royal XXL Basmathi Pkt,229.0
xll soap 200g*4 Rs.128,200*4 சர்ப் எக்சல் சோப்பு,128.0
Eclairs milk pkt Rs.100,Rs.100 milk Eclairs pkt,100.0
gt shavex II Razor rs.220,Gt shavex II Razor,480.0
gt shavex II Razor Rs.480,Gt shavex II Razor Rs.480,480.0
marker black rs.10,marker black rs.10,10.0
marker doms black rs.10,Rs.10 Doms Marker Black,10.0
rexona soap 100g Rs.42,100g ரெக்ஸோனா சோப் Rs.42,42.0
horlicks 200g jarRs.99,200g ஹார்லிக்ஸ் Rs.99,99.0
xll soap Rs.34,Rs.34 சர்ப் எக்சல் சோப்,34.0
tajmahal 250g Rs.200,tajmahal 250g Rs200,200.0
vatika 300ml Rs.199,300ml vatika hair oil,180.0
casio calculator Rs.490,Rs.490 Casio Calculator,490.0
cinthol original soap 75g Rs.35,75g Rs.35 சிந்தால் சோப் (og),35.0
basmathi india gate rozzana 1.Kg ,1kg இந்தியா கேட் ரொசானா பாஸ்மதி pkt,118.0
basmathi india gate classic 1.Kg ,1kg இந்தியா கேட் கிளாசிக் பாஸ்மதி pkt,252.0
VVD gold coco.oil 150ml Rs.120,Rs.120 150ml Vvd தே.எண்ணெய் JAR,120.0
dettol soap og 100g Rs.46,100g டெட்டல் சோப் org,46.0
more light liq jar 5ltr Rs.360,3L+2L மோர் லைட் Liq ஜார்,360.0
theepam yennaie Nithiyam 1l bottle,1l நித்தியம் தீபம் எண்ணெய்,230.0
theepam yennaie Nithiyam 1ltr bottle,1ltr நித்தியம் தீபம் எண்ணெய்,230.0
oil gem's gold gingelly 1ltr,1ltr Gem's Gold நல்லெண்ணெய்,425.0
oil gem's gold Mustard 1ltr,1ltr Gem's Gold கடுகு எண்ணெய்,299.0
oil gem's gold Mustard kadugu 1ltr,1ltr Gem's Gold கடுகு எண்ணெய்,299.0
oil gem's gold gingelly nallanai 1ltr,1ltr Gem's Gold நல்லெண்ணெய்,425.0
kaan flower maavu master 1kg pkt,1kg மாஸ்டர் கான்ப்ளவர் மாவு,90.0
anil ravai 200g,200g அணில் ரவை,24.0
close up paste 90g Rs.72,90g close up paste Rs.72,72.0
arisi maavu anil 500g,500g அணில்அரிசி மாவு,39.0
ponds magic 100g Rs.150,100g பாண்ட்ஸ் magic,150.0
coconut punch pkt,Rs.100 Coconut Punch Pkt,100.0
guva mittai 1.pkt,Rs.1 கொய்யா மிட்டாய் pkt,80.0
wonder throw,Wonder Throw வெடி,100.0
MGR puyalai,MGR புயலை,60.0
vathi sandal agarbatti Rs.120,RS.10 வத்தி சரம்,120.0
vasmol black hair oil 100ml Rs.65,100ml வாஸ்மோல் black hair oil  Rs.65,65.0
vasmol jasmine 50ml Rs.35,50ml வாஸ்மோல் ஜெஸ்மின் Rs.35,35.0
nei GRP 200ml jar rs.202,200ml GRP நெய் jar,202.0
MGR Rs.60,MGR புகையிலை (6 pcs),60.0
horlicks pouch 500g,500G ஹார்லிக்ஸ் Pouch,249.0
xll liq (F/L) 1ltr jar Rs.250,Rs.250 சர்ப் எக்சல்(F/L)1ltr Jar,250.0
karuppu kavuni rice 500g Pkt,கருப்பு கவுனி அரிசி 500g Pkt,250.0
kunguma poo a2b 50mg,1mg A2B குங்குமபூ,20.0
him baby p 100g rs.125,100g ஹிமாலயா பேபி பவுடர்,125.0
VVD gold coco.oil 30ml Rs.30jar ,Rs.30 Jar VVD gold coco.oil,30.0
AK inji poondu paste Rs.5,Rs.5 AK இஞ்சி பூண்டு பேஸ்ட்,2.2
idli podi kannan 200g Jar Rs.80,200g கண்ணன் இட்லி பொடி JAR,80.0
naattu sakkara ayyam 1/2kg pkt,1/2kg அய்யம் நாட்டு சக்கர pkt,50.0
nama katti pcs,நாம கட்டி pcs,20.0
xll liq (F/L) 1ltr jar Rs.255,Rs.255 சர்ப் எக்சல்(F/L)1ltr Jar,255.0
VVD gold coco.oil 30mL jar,20ml Rs.20 vvd தே.எண்ணெய்,20.0
super milk rs.5 (24pcs),Rs.5 சூப்பர் மில்க் (24pcs),120.0
soan papti Rs.5 jar Rs.300,Rs.5 Rs.300 சோம்பப்டி jar,300.0
pop chilly Rs.5,Rs.5 Chilly Pop,240.0
pop melon Rs.5,Rs.5 Melon Pop,240.0
pop rabbit Rs.5,Rs.5 RabbitPop,240.0
lollipop Rs10,Rs.10 Lollipop,150.0
kamar kattu manimark jar Rs.3,Rs.3 மணிமார்க் கமர் கட்டு ஜார்,300.0
vicks vaporub 10g Rs.48,10ml விக்ஸ் வேபோரப் Rs.48,48.0
salt black uppu 1kg pkt ,1Kg கருப்பு உப்பு pkt,90.0
marie light Rs.5 pai (12pcs),Rs.5 (12pcs) மேரி லைட் பை,60.0
avt premium 250g jar Rs.110,Rs.110 250g Avt Premium Jar,110.0
vatika 85ml Rs.45,85ml vatika hair oil,45.0
milk biscuit Rs.9,Rs.9 மில்க் பிஸ்கட்,9.0
milk biscuit Rs.4.50 (30pcs),Rs.4.50 மில்க் பிஸ்கட் (1பை),135.0
slate pencils  rs.12,3ROSES  ஸ்லெட் பென்சில்,12.0
pt p.t.c thool 50g,50g P.T.C பெருங்காயதூள்(with jar),90.0
atta elite chakki 2kg rs.145 ,2kg  எலைட் ஆட்டா,145.0
atta elite chakki 5kg rs.350 ,5kg எலைட் ஆட்டா,350.0
atta elite chakki 1.2kg rs.72,1.2kg  எலைட் ஆட்டா,72.0
maitha sixface 500g,500g Six Face மைதா,45.0
ravai sixface 500g,500g Six Face ரவை,45.0
close up paste 150g Rs.145,Rs.145 close up paste 150g,145.0
vathi mangaldeep Rs.12,Rs.12மங்கல்தீப் வத்தி,144.0
vathi mangaldeep Rs.12 dozen,Rs.12மங்கல்தீப் வத்தி Dozen,144.0
manakadu masala 1kg,1kg மணக்காடு மசாலா,400.0
steel citrus scrup atta Rs.15,Rs.15 Citrus கம்பி நார் அட்டை,180.0
lollipop otter magic Rs.5 jar,Rs.5 Otter Magic Lollipop  Jar,250.0
Otter Coffista RS.200 ,RS.200 Otter Coffista Jar,200.0
colgate brush Zig zag Rs.120,Rs.120 கோல்கட் Zig Zag பிரஷ்,120.0
good day orange Rs.4.50 (12pcs),Rs.4.50 குட்டே பை ஆரஞ்சு,54.0
marie gold Rs.9,Rs.9 மேரி கோல்ட்,9.0
good day Rs.9 orange,Rs.9 குட்டே ஆரஞ்சு,9.0
50-50 biscuit Rs.4.50(12ps),Rs.4.50 50-50 பிஸ்கட் (பை),54.0
50-50 biscuit Rs.9,Rs.9 50-50 பிஸ்கட்,9.0
nature power soap sandal rs.40,Rs.40 நேச்சர் பவர் சேண்டல்,40.0
gokul santol powder 70g Rs.73,Rs.73  70g கோகுல் சாண்டல் பவுடர்,73.0
boost 500G JAR Rs.260,500G பூஸ்ட் ஜார்.R.260,260.0
bru 25g,25g புரூ காபிதூள்  PKT,45.0
milk biscuit classic Rs.18,Rs.18 classic மில்க் பிஸ்கட்,18.0
marie gold Rs.4.50 (12pcs),Rs.4.50 மேரி கோல்ட் பை,54.0
atta elite chakki 500g rs.72,500g  எலைட் ஆட்டா,72.0
ravai samba elite 500g Rs.98,500g எலைட் சம்பா ரவை,98.0
cherry candy 1Rs,Rs.1 Cherry Candy,150.0
wafer sticks long Rs.5 Jar,Rs.5 Long Wafer Stick Jar,200.0
oil gem's gold (ma) 1ltr S.B jar,1Ltr ஜெம்ஸ் கோல்ட் (GN ) S.B ஜார்,250.0
oil gem's gold (ma) 1ltr N.B jar,1Ltr ஜெம்ஸ் கோல்ட் (GN ) N.B ஜார்,240.0
vcare hair color 20ml Rs.27,20ml Vcare Shampoo Easy Hair Color,27.0
sen brush Rs.70,Rs.70 Sensodyne Brush,70.0
sen brush  Rs.180,RS.180 Sen Brush (4PCS),180.0
oil gem's gold sf cane 5ltr Combo ,5Ltr GEM'S  SF +Elite குலாப்ஜாமுன் செட்,1075.0
nei RKG 200ml,200ml RKG நெய்,205.0
good day Rs.22,Rs.22 குட்டே,22.0
thuppakki 50Rs,50Rs  துப்பாக்கி,50.0
thuppakki bullet pkt 10Rs,10Rs துப்பாக்கி புல்லெட் pkt,10.0
athurasam aachi pkt,ஆச்சி அதுரசம் pkt,90.0
oil sekku na.ennaie 200ml,200ml செக்கு ந.எண்ணெய்,100.0
nature power soap rose rs.40,Rs.40 நேச்சர் பவர்.சோ ரோஸ்,40.0
meera herbal 40g Rs.45,40g மீரா சீக்காய் PKT,45.0
harpic blue 1ltr,1ltr ஹார்பிக் நீலம்,219.0
vim bar Rs.20,Rs.20 விம் பார்,20.0
lion dates Qyno 250g (1+1)Rs.98,250g லைன் டேட்ஸ் (1+1),98.0
VVD coco.oil Rs.2 pkt(40ps),VVD தே.எண்ணெய் Rs.2 pkt(40ps),80.0
comfy Rs.32,Rs.32 Comfy,32.0
nei GRB 100ml,100ml GRB நெய்,110.0
maitha anil 500g ,500g அணில் மைதா pkt,42.0
hamam soap 100g Rs.36,100g ஹமாம்,36.0
gokul santol 300g powder Rs.236,300g கோகுல் சாண்டல் பவுடர்,236.0
mysore soap 75g Rs.38,75g மைசூர் சான்டால்,38.0
Mr.gold (sf) 5ltr can,5L Mr.கோல்டு சன்பிளவர் ஆயில்,875.0
zandu palm 8ml (G) Rs.45,ஜண்டு பாம் (G) 8ml,45.0
ponds dream 100g Rs.111,100g பாண்ட்ஸ் ட்ரிம் பவுடர்,125.0
ponds dream powder 50g,50g பாண்ட்ஸ் ட்ரிம் பவுடர்,58.0
good day blue Rs.4.50 (12pcs),Rs.4.50 குட்டேபை நிலம்(12pcs),54.0
tiger britta 150g Rs.25,150g டைகர் பிரிட்டான்யா Rs.25,25.0
marie light Rs.9,Rs.9 மேரிலைட்,9.0
bourbon Rs.9,ரூ.9 போர்பன்,9.0
marie vitta Rs.9,ரூ.9 விட்டா மேரி,9.0
horlicks 200g Rs.99,200g ஹார்லிக்ஸ் PKT,99.0
cinthol original soap 150g.,150g  சிந்தால் (og),70.0
theethapodi pkt rs.30 ,தீர்த்தபொடி pkt,30.0
horlicks lite jar 450g.,450g Lite ஹார்லிக்ஸ் Jar,310.0
ponds  wb crm 23g.,23g Ponds  Wb Crm,105.0
ponds sandal 50g .,50g  பாண்ட்ஸ் சண்டெல் பவுடர்,77.0
treat jim jam pops Rs.9,Rs.9 Jim Jam பிஸ்கட்,9.0
VVD gold lite coco.oil 500ml jar,500ml VVD Lite தே.எண்ணெய் JAR,310.0
colgate salt 100g.,100g கோல்கேட் சால்ட்,75.0
kimia dates 500g.,500g கிமியா டேட்ஸ்,320.0
dp pampers (xl).,Rs.425 பேம்பர்ஸ் (xl) 20ps,425.0
dp pampers (s) new born Rs.399,Rs.399 பேம்பர்ஸ்  new born,399.0
dp pampers Rs.210 (L) 10ps,Rs.210 பேம்பர்ஸ் (L) 10ps,210.0
maggi noodles Rs.58,Rs.58 மேகி  நூடுல்ஸ்,58.0
tide green 1kg,1kg டைடு நெச்சுரல்ஸ் பவுடர்,85.0
kannan devan tea classic 1KG,1KG கண்ணன் தேவன் டீ,335.0
medimix125g clasic set.Rs.156,125g மெடிமிக்ஸ் கிளாசிக் SET,156.0
naattu sakkara vivasayi 500g pkt,500g விவசாயி நாட்டு சக்கர pkt,50.0
maggi noodles Rs.87,Rs.87 மேகி நூடுல்ஸ்,87.0
horlicks biscuit Rs.5,Rs.5 ஹார்லிக்ஸ் பிஸ்கட் பை (24P),120.0
lipton green tea Rs.190,Rs.190 Lipton Green Tea,190.0
ponds dream 200g rs.260,Rs.260 200g பாண்ட்ஸ் ட்ரிம் பவுடர்,260.0
pasu pkt,பசு pkt,60.0
tiger cream biscuit Rs.4.50(dazon),Rs.4.50 டைகர் கிரீம் பிஸ்கட் பை(12ps),54.0
ravai samba elite 500g Rs84,500g எலைட் சம்பா ரவை green,84.0
z soap Rs.60,75g Z CLASSIC சோப்பு,60.0
z deo spray 45ml ,45ml Z Deo Spray,80.0
him baby (p) 30g,30g ஹிமாலயா பேபி பவுடர்,30.0
vatika hibiscus 300ml ,Vatika hibiscus 300ml hair oil,235.0
vatika hibiscus 150ml ,RS.115 Vatika hibiscus 150ml,115.0
power soap Rs.20.yellow,Rs.20 பவர் சோப்பு மஞ்சள்,20.0
badham Aachi drink mix Rs.10,Rs.10 ஆச்சி பாதாம் மிக்ஸ்,10.0
Insta coffee 200g pkt,Insta காபிதூள் 200g pkt,206.0
milk bikis clasic Rs.9,Rs.9 classic மில்க் பிஸ்கட்,9.0
odonil block(4+1) Set,Odonil Block Set 5n* 48g,245.0
atta asirvad 1/2kg pai,500g ஆசிர்வாத் ஆட்டா,38.5
atta asirvad 2kg pai,2kg ஆசிர்வட் ஆட்டா pkt,110.0
atta asirvad 1kg pai,1kg ஆசிர்வட் ஆட்டா pkt,73.0
medimix Rs.9,Rs.9 மெடிமிக்ஸ் சோப்பு,9.0
medimix sandal 125g set,125g*4 மெடிமிக்ஸ் சான்டால் Set,176.0
medimix ayurvedic 125gm ,125g மெடிமிக்ஸ் ஆயுர்வேதிக்,47.0
allout set Rs.105,Rs.105 ஆல் அவுட் செட்,105.0
maitha fortune (1+1) 450g,450g Fortune மைதா (1+1),59.0
nei GRB 50ml,50ml GRB நெய்,58.0
nei GRB 200ml jar rs.202,200ml GRB நெய் jar,202.0
ravai SR 200g,200g SR ரவை,16.0
dove soap blue 100g   ,100g டவ் சோப்பு ப்ளூ,58.0
lux soap rose 100g Rose ,100g லக்ஸ் சோப் ரோஸ்,36.0
biscuit osmania pkt rs.72,Osmania Salt Cookies Pkt,72.0
biscuit salt osmania pkt rs.72,Osmania Salt Cookies Pkt,72.0
manimark sweet pkt Rs.50,Rs.50 மணிமார்க் ஸ்வீட் PKT,50.0
rusk elite milk Rs.20,Rs.20 எலைட் மில்க் ரஸ்க்,20.0
rusk elite milk Rs.35,Rs.35 எலைட் மில்க் ரஸ்க்,35.0
mezhuvarthi annai Rs.60 (10p) pkt,Rs.5 அன்னை மெழுவர்த்தி (10p),50.0
mezhuguvarthi annai Rs.3,Rs.3 அன்னை மெழுகுவர்த்தி (10p),30.0
mezhuvarthi annai Rs.12 pkt,Rs.12 அன்னை மெழுவர்த்தி (10p),120.0
him baby Nourishing (s) 75g  ,75g him Nourishing Baby (s),70.0
more light washing powder 4kg  ,4kg மோர் லைட் பவுடர்,472.0
harpic blue power 900ml ,1LTR ஹார்பிக் பவர் நீலம்,195.0
vatika hair oil 300ml,300ml vatika hair oil,207.0
vatika hair oil 150ml,150ml Vatika Hair Oil,115.0
super milk 9.RS,Rs.9 சூப்பர் மில்க்,9.0
ponds bright beauty  ,15g Ponds Bright Beauty cream,69.0
ponds cold cream 6ml,6ml Ponds cold cream,5.0
HH camlin whitener Rs.25,Rs.25 Camlin Whitener,25.0
HH camlin marker ink 500ml,camlin marker ink 500ml,600.0
HH camlin stamp pad Rs.80,camlin stamp pad Rs.80,80.0
HH camlin marker ink 100ml,camlin marker ink 100ml,80.0
avt premium 100g Rs.45,100g AVT premium PKT,45.0
RAS vilakkennai 50ml jar,Rs.25 RAS 50ml வி.எண்ணெய் jar,25.0
Nyra milk jar Rs.2,RS.2 Nyra Milk Jar,150.0
star mittai attai 1rs  ,Rs.1 Star மிட்டாய் அட்டை,60.0
gokul santol soap Rs.40 75g,Rs.40 கோகுல் சாண்டல் சோப்பு,40.0
close up paste 90g Rs.55,Rs.55.90g close up,55.0
santhanam powder 20g ,20g சந்தன பவுடர்,20.0
gokul santol powder 140g.           ,140g கோகுல் சாண்டல் பவுடர்,125.0
kungumam TPRG 30g RED,30g TPRG குங்குமம் ரெட்  PCS,30.0
kungumam TPRG 30g Merun,TPRG குங்குமம் மெருன் 30g PCS,30.0
ATTAR TPRG Rs.77,Rs.77 TPRG அத்தர் 6ml,77.0
chakra gold 1Kg,1Kg சக்ரா கோல்டு ஹோட்டல் SPL PKT,595.0
kalla mittai ps Rs.50,Rs.50 Ps கள்ளமிட்டாய் pkt,50.0
z zest parfum 100ml Rs.899,Rs.899 Z Zest parfum 100ml (1+1),899.0
z classic parfum 100ml Rs.899,Rs.899 Z classic parfum 100ml (1+1),899.0
dove soap blue 75g.,75g Dove Soap Blue,40.0
ariel powder Rs.10,RS.10 Ariel Powder,10.0
milk biscuit cream Rs.30,Rs.30 மில்க் கிரீம் பிஸ்கட்,30.0
dp pampers Rs.18 (s) 2pants,Rs.18 பேம்பர்ஸ் (s) 2pants,18.0
vim liguid Rs.25,Rs25 200ml Vim  Liqid pkt,25.0
pal cova jar.Rs.75,Rs.1 பால் கோவா jar,75.0
imli candy Rs.1,Rs.1 Imli மிட்டாய் ஜார்,150.0
gum shums Rs.1,Rs.1 Gum shums மிட்டாய் jar,120.0
burst mango Rs.1,Rs.1 Burst மேங்கோ மிட்டாய் ஜார்,150.0
oil sekku na.ennaie 1Ltr,1Ltr செக்கு ந.எண்ணெய்,425.0
dettol bottle 60ml LIQ,60ml டெட்டால் LIQ,41.0
bun Rs.50,Rs.50 பன் (10P),50.0
dove soap blue 50G,50g  டவ் சோப்பு blue,30.0
vatika hair oil 80ml,80ml Vatika hair oil,60.0
super milk rs.4.50 (24pcs),Rs..4.50 சூப்பர் மில்க் (24pcs),108.0
good day Rs.9 blue,Rs.9 குட்டே நிலம்,9.0
tide powder 500g Natural  ,500g  டைடு பவுடர் natural,45.0
mezhuvarthi agul Rs.60,Rs.60 அன்னை மெழுகுவர்த்தி அகல்,60.0
dp pampers Rs.23 (m) 2s,Rs.23 பேம்பர்ஸ் (m) 2ps,23.0
sambrani treya cup mangaldeep Rs.75,Rs.75 மங்கல்தீப் ட்ரியா கப் சாம்பராணி,75.0
pitambari shine powder30gRs.15,30g பிதாம்பரி ஷைன் பவ்டர்,15.0
mezhuvarthi cup Rs.60,Rs.60 மெழுகுவர்த்தி அகல் (10P),60.0
colgatesalt 300g Rs.214,colgatesalt 300g Rs.214,214.0
colgate salt 200g Rs.142,200g கோல்கேட்சால்ட்Rs.142,142.0
colgate strong 200g Rs.130,colgate strong 200g Rs.130,130.0
colgate strong 100g Rs.70,colgate strong 100g Rs.70,70.0
super milk rs.18,Rs.18 சூப்பர் மில்க்,18.0
dark fantasty chocofill Rs.20,dark fantasty chocofill Rs.20,20.0
hit spray black 200ml Rs.120,hit spray black 200ml Rs.120,120.0
xll liq (t/L) 1ltr pouch Rs.159,Rs.159 1 ltr சர்ப் எக்சல் (T/L) pouch,159.0
boost 500g pkt Rs.214,boost 500g pkt Rs.214,214.0
muyal vilakenai ras jar 50ml,50ml RAS வி.எண்ணெய் ஜார்,25.0
lollipop dindin pkt Rs.1,Rs.1டின் டின் லாலிபாப்,70.0
gokul santol soap Rs.35,gokul santol soap Rs.35,35.0
bb Rings kurcure saram 14ps,Rs.5 ரிங்க்ஸ் குர்குரே சரம்14ps,70.0
melody parle Rs.44,Rs.44 மெலோடி pkt,44.0
melody parle Rs.89,RS.89 மெலோடி pkt,89.0
oil fortune SF 840ML,840ml பார்ச்சூன் ஆயில் pkt,165.0
sambar podi hotal rs.10,Rs.10 ஆச்சி ஹோட்டல் சாம்பார் பொடி சரம்,100.0
domex 1ltr Rs.235,domex 1ltr Rs.235,235.0
tape roll doble side ,RS.22 Double Side Tape Roll,22.0
marie light Rs.18,Rs.18 மேரிலைட்,18.0
Active soap Rs.15 ,Rs.15 Active சோப்,900.0
kolamaavu 1kg pkt ,1kg SSS கோலமாவு pkt,40.0
CL orange mittai jar Rs.150,Rs.200 ஆரஞ்சு மிட்டாய் jar,200.0
CL guva mittai 1.pkt,Rs.1 கொய்யா மிட்டாய் pkt,80.0
CL allwin mittaiye Rs.1,Rs.1ஆல்வின் மிட்டாய்,125.0
CL spoon mittaiye Rs.1 jar,Rs.1ஸ்பூன் மிட்டாய் ஜார்,170.0
CL nice cake Rs.60,Rs.1 நைஸ் கேக்,60.0
CL coin mittai Rs.1,Rs.1 Coin மிட்டாய் Jar,150.0
CL cc stick mittai Rs.2,Rs.2 CC Stick மிட்டாய் Jar,120.0
CL kinder joy Rs.5 jar,Rs.5 கிண்டர் ஜாய் jar,300.0
CL watch mittaiye Rs.5box,Rs.5 வாட்ச் மிட்டாய் box,160.0
CL jelly butterfly Rs.5 jar,Rs.5 ஜெல்லி butterfly மிட்டாய் jar,300.0
CL Elanthai attai,இலந்தை அட்டை செட்,24.0
CL center fruit jar,Rs.150  சென்டர் fruit ஜார்,150.0
CL center fresh jar Rs.150,Rs.150  சென்டர் ஃபிரெஷ் ஜார்,150.0
CL boomer jar Rs.180,RS.1 பூமர் ஜார்,180.0
CL halls Rs.1 (pkt),Rs.1ஹால்ஸ் (pkt),115.0
CL halls Rs.1 Jar,Rs.1 ஹால்ஸ் Jar,279.0
CL jelly mittaiye Rs.5 jar,Rs.5 BUTTERFLY ஜெல்லி மிட்டாய் jar,200.0
CL Otter Coffista RS.200 ,RS.200 Otter Coffista Jar,200.0
CL orange mittai mini jar Rs.20,Rs.20 ஆரஞ்சு மிட்டாய் mini jar,20.0
CL lacto king Rs 100 pkt,Rs.100 லாக்டோ கிங் pkt,100.0
milk biscuit cream Rs.10,Rs.10 மில்க் கிரீம் பிஸ்கட்,10.0
pencil youva box Rs.60,ரூ.60 Youva பென்சில்,60.0
semiya inimai,இனிமை சேமியா,19.0
chandrika soap 125g*3  ,125g*3 சந்திரிகா சோப்பு,147.0
amurthanjan strong (g) Rs.42,Rs.42 அமுர்தான்ஜன் green,42.0
amurthanjan yellow Rs.45,Rs.45 அமுர்தான்ஜன் yellow,44.0
avt milk powder Rs.5,RS. AVT பால் பவுடர்,60.0
mm sow michar Rs.5 pkt,Rs.5 சொவ்டம்பிகா மிச்சர் பண்டல்,50.0
mm sow kundu michar Rs.5,Rs.5 சொவ்டம்பிகா பூந்தி பண்டல்,50.0
mm sow olaiapakoda Rs.5 pkt,Rs.5 சொவ்டம்பிகா ஒலைபகோடா பண்டல்,50.0
mm sow kallaparupu Rs.5,Rs.5 சொவ்டம்பிகா கல்லபயிர் பண்டல்,50.0
mm sow mallattai Rs.5 pkt,Rs.5 சொவ்டம்பிகா மல்லாட்ட பகோடா பண்டல்,50.0
murukku sow pkt Rs.10 ,Rs.10 சொவ்டம்பிகா முறுக்கு Pkt,100.0
CL jelly mittaiye Rs.2 jar,Rs.2 ஜெல்லி மிட்டாய்  jar,150.0
CL jelly popo jar rs.2,Rs.2 Popo Jelly Jar,200.0
cinthol cool 100g Rs.40,100g சிந்தால் நீலம்,40.0
cc total ice gold,டோட்டல் Ice Gold சிகரட்,160.0
sakkarai gi daily pkt 500g,500g Daily GI சக்கரை,65.0
gt Gillette 7o'clock razor ,RS.99 Razor 7o'clock super platinum,99.0
gt gillete 7o'clock razor  ,RS.49 7o'Clock  RAZOR,49.0
whisper choice xl 6s Rs.45,Rs.45 விஸ்பர் XL 6p,45.0
arial liq F&L 1L  ,1.ltr FL ஏரியல் liq,209.0
arial powder 1kg ,1kg  ஏரியல் பவுடர்,179.0
arial liq F&L 1Ltr,1.ltr FL ஏரியல் liq,209.0
vathi sai baba ,ரூ.63 சாய் பாபா  வத்தி,63.0
naattu sakkara vivasayi 1kg pkt ,1kg விவசாயி நாட்டு சக்கர pkt,110.0
cl Burst mango Rs.1,Rs.1 Burst மேங்கோ மிட்டாய் ஜார்,150.0
cl imli candy Rs.1,Rs.1 Imli மிட்டாய் ஜார்,150.0
555 scruper,555 scruper சரம்,180.0
scruper 555,RS.15  555 scruper சரம்,180.0
CL soan papti Rs.5 jar Rs.300,Rs.5 Rs.300 சோம்பப்டி jar,300.0
CL pal cova jar.Rs.60,Rs.1 பால் கோவா jar,60.0
CL kaccha mango bite,Rs.1 Kaccha Mango Bite PKT,80.0
challenge SOAP Rs.26,Rs.26 challenge சோப்பு,26.0
marie light Rs.4.50 pai (12pcs),Rs.4.50 (12pcs) மேரி லைட் பை,54.0
nei GVK 200ml jar,200ml GVK நெய்,200.0
chithi karuveppilai satha podi ,சித்தி கருவேப்பிலை சாதா பொடி pkt,85.0
sen repair & pro 70g  ,70g Sensodyne Repair & Protect,200.0
nei RKG 100ML,100ml RKG நெய்,106.0
ponds dream 80G POW,80g ponds dream பவுடர்,102.0
vathi Z black 3in1 Rs.12 ,Rs.12 செட் ப்ளாக் 3IN1 வத்தி டசன்,144.0
pt JJ powder 10g,10g JJ பெருங்கயாதூள்,10.0
pt jj powder 20g,20g JJ பெருங்காயதூள்,20.0
Agaro 9w LED bulb,9W Agaro led bulb,160.0
semiya bambino 1kg,1kg பா.சேமியா பம்பினோ,99.0
cc wills ,வில்ஸ்,95.0
CL alpenliebe juzt jelly jar Rs.1,Rs.1 அல்பென்லிபே Juzt Jelly,225.0
CL alpenliebe eclairs jar Rs.1,Rs.1 அல்பென்லிபே Eclairs,210.0
vathi Rs.20,Rs.20 வத்தி,20.0
ponds dream powder 40g,40g பாண்ட்ஸ் ட்ரிம் பவுடர்,53.0
arisi maavu kozhukattai elite 500g,500g Elite  அரிசிமாவு,45.0
Rin liquid 850ml jar (f/l),850ml ரின் liquid jar (f/l),170.0
semiya bambino 90g,90g பாயசம் சேமியா,10.0
bb noodles (12) saram,Rs.5 நூடுல்ஸ் குர்குரே 12psசரம்,60.0
CL kopiko jar ,Rs.1 கோபிகோ சாக்லேட் jar,230.0
CL kopiko pkt Rs.100,Rs.1 கோபிகோ சாக்லேட் pkt,100.0
CL soodam mittay jar Rs.1,Rs.1 சூடம் மிட்டாய் jar,150.0
CL milku Rs.250,Rs.2 Milku,250.0
CL orange mittai SVC jar Rs.200,Rs.200 SVC ஆரஞ்சு மிட்டாய்  jar,200.0
CL thenga purfi jar Rs.2,Rs.2 தேங்காய் பர்பி jar,150.0
oral b brush Rs.22,Rs.22 Oral-B பிரஷ் சரம்,264.0
vicks jar Rs.230,Rs.2 விக்ஸ் JAR,230.0
dp pampers (xl)  ,6pcs XL பேம்பர்ஸ்,117.0
horlicks women 200g,WOMEN ஹர்லிக்க்ஸ்  200g,170.0
horlicks women 400g,WOMEN ஹர்லிக்க்ஸ்  400g,284.0
avt nature cup 100g,100g Avt nature cup refill,100.0
horlicks mother 500g,500g Mother Horlicks,620.0
horlicks mother 200gm,200g Mother Horlicks,295.0
moms magic Rs.20,Rs.20 மாம்ஸ்  மெஜிக் பிஸ்க்கட்,20.0
samBrani mangaldeep cupTREYA  ,Treya மங்கல்தீப் கப் சாம்பராணி,75.0
yardley powder 250g  ,250g யார்ட்லி  பவுடர்,222.0
Shakthi detergent liq 5ltr,5ltr Shakthi Detergent liq,415.0
Shakthi detergent liq 2ltr,1800ml Shakthi Detergent,299.0
Shakthi detergent powder 2kg,2kg Shakthi Detergent powder,249.0
Shakthi detergent powder 1kg,1kg Shakthi Detergent powder,150.0
